ISO-10303-21;
HEADER;
/* Generated by software containing ST-Developer
 * from STEP Tools, Inc. (www.steptools.com) 
 */

FILE_DESCRIPTION(
/* description */ (''),
/* implementation_level */ '2;1');

FILE_NAME(
/* name */ 'SRP 1038A series.stp',
/* time_stamp */ '2026-06-26T15:09:25+02:00',
/* author */ ('karlh'),
/* organization */ (''),
/* preprocessor_version */ 'ST-DEVELOPER v20.1',
/* originating_system */ 'Autodesk Inventor 2026',
/* authorisation */ '');

FILE_SCHEMA (('AUTOMOTIVE_DESIGN { 1 0 10303 214 3 1 1 }'));
ENDSEC;

DATA;
#10=MECHANICAL_DESIGN_GEOMETRIC_PRESENTATION_REPRESENTATION('',(#27,#28,
#29,#30),#4094);
#11=SHAPE_REPRESENTATION_RELATIONSHIP('SRR','None',#4101,#12);
#12=ADVANCED_BREP_SHAPE_REPRESENTATION('',(#31,#32,#33,#34),#4093);
#13=ELLIPSE('',#1932,0.350392259053403,0.35000000000066);
#14=ELLIPSE('',#1933,0.350392259053403,0.35000000000066);
#15=ELLIPSE('',#1934,0.350392259053403,0.35000000000066);
#16=ELLIPSE('',#1937,0.355861970782658,0.349999999999847);
#17=ELLIPSE('',#1938,0.355861970782658,0.349999999999847);
#18=ELLIPSE('',#1939,0.355861970782658,0.349999999999847);
#19=(
BOUNDED_CURVE()
B_SPLINE_CURVE(3,(#2844,#2845,#2846,#2847),.UNSPECIFIED.,.F.,.F.)
B_SPLINE_CURVE_WITH_KNOTS((4,4),(0.,1.),.UNSPECIFIED.)
CURVE()
GEOMETRIC_REPRESENTATION_ITEM()
RATIONAL_B_SPLINE_CURVE((0.585786437626905,0.585786437626905,0.585786437626905,
0.585786437626905))
REPRESENTATION_ITEM('')
);
#20=(
BOUNDED_CURVE()
B_SPLINE_CURVE(3,(#2851,#2852,#2853,#2854),.UNSPECIFIED.,.F.,.F.)
B_SPLINE_CURVE_WITH_KNOTS((4,4),(0.,1.),.UNSPECIFIED.)
CURVE()
GEOMETRIC_REPRESENTATION_ITEM()
RATIONAL_B_SPLINE_CURVE((0.575091747491077,0.575091747491077,0.575091747491077,
0.575091747491077))
REPRESENTATION_ITEM('')
);
#21=(
BOUNDED_CURVE()
B_SPLINE_CURVE(3,(#3232,#3233,#3234,#3235,#3236,#3237,#3238,#3239,#3240,
#3241,#3242,#3243,#3244,#3245,#3246,#3247,#3248,#3249,#3250,#3251,#3252,
#3253,#3254,#3255,#3256,#3257),.UNSPECIFIED.,.F.,.F.)
B_SPLINE_CURVE_WITH_KNOTS((4,1,1,1,1,1,1,1,1,1,1,1,1,1,1,1,1,1,1,1,1,1,
1,4),(0.,0.0178571428571428,0.0625,0.107142857142857,0.151785714285714,
0.196428571428571,0.241071428571429,0.285714285714286,0.330357142857143,
0.375,0.419642857142857,0.464285714285714,0.508928571428571,0.553571428571428,
0.598214285714286,0.642857142857143,0.6875,0.732142857142857,0.776785714285714,
0.821428571428572,0.866071428571429,0.910714285714286,0.955357142857143,
1.),.UNSPECIFIED.)
CURVE()
GEOMETRIC_REPRESENTATION_ITEM()
RATIONAL_B_SPLINE_CURVE((0.585786437626905,0.585786437626905,0.585786437626905,
0.585786437626905,0.585786437626905,0.585786437626905,0.585786437626905,
0.585786437626905,0.585786437626905,0.585786437626905,0.585786437626905,
0.585786437626905,0.585786437626905,0.585786437626905,0.585786437626905,
0.585786437626905,0.585786437626905,0.585786437626905,0.585786437626905,
0.585786437626905,0.585786437626905,0.585786437626905,0.585786437626905,
0.585786437626905,0.585786437626905,0.585786437626905))
REPRESENTATION_ITEM('')
);
#22=(
BOUNDED_CURVE()
B_SPLINE_CURVE(3,(#3755,#3756,#3757,#3758,#3759,#3760,#3761,#3762,#3763,
#3764,#3765,#3766,#3767,#3768,#3769,#3770,#3771,#3772,#3773,#3774,#3775,
#3776,#3777,#3778,#3779,#3780,#3781,#3782,#3783,#3784,#3785),
 .UNSPECIFIED.,.F.,.F.)
B_SPLINE_CURVE_WITH_KNOTS((4,1,1,1,1,1,1,1,1,1,1,1,1,1,1,1,1,1,1,1,1,1,
1,1,1,1,1,1,4),(0.,0.0357142857142857,0.0714285714285714,0.107142857142857,
0.142857142857143,0.178571428571429,0.214285714285714,0.25,0.285714285714286,
0.321428571428571,0.357142857142857,0.392857142857143,0.428571428571429,
0.464285714285714,0.5,0.535714285714286,0.571428571428571,0.607142857142857,
0.642857142857143,0.678571428571428,0.714285714285714,0.75,0.785714285714286,
0.821428571428571,0.857142857142857,0.892857142857143,0.928571428571428,
0.964285714285714,1.),.UNSPECIFIED.)
CURVE()
GEOMETRIC_REPRESENTATION_ITEM()
RATIONAL_B_SPLINE_CURVE((0.585786437626905,0.585786437626905,0.585786437626905,
0.585786437626905,0.585786437626905,0.585786437626905,0.585786437626905,
0.585786437626905,0.585786437626905,0.585786437626905,0.585786437626905,
0.585786437626905,0.585786437626905,0.585786437626905,0.585786437626905,
0.585786437626905,0.585786437626905,0.585786437626905,0.585786437626905,
0.585786437626905,0.585786437626905,0.585786437626905,0.585786437626905,
0.585786437626905,0.585786437626905,0.585786437626905,0.585786437626905,
0.585786437626905,0.585786437626905,0.585786437626905,0.585786437626905))
REPRESENTATION_ITEM('')
);
#23=(
BOUNDED_SURFACE()
B_SPLINE_SURFACE(4,3,((#2770,#2771,#2772,#2773),(#2774,#2775,#2776,#2777),
(#2778,#2779,#2780,#2781),(#2782,#2783,#2784,#2785),(#2786,#2787,#2788,
#2789),(#2790,#2791,#2792,#2793),(#2794,#2795,#2796,#2797),(#2798,#2799,
#2800,#2801),(#2802,#2803,#2804,#2805),(#2806,#2807,#2808,#2809),(#2810,
#2811,#2812,#2813),(#2814,#2815,#2816,#2817),(#2818,#2819,#2820,#2821),
(#2822,#2823,#2824,#2825),(#2826,#2827,#2828,#2829),(#2830,#2831,#2832,
#2833),(#2834,#2835,#2836,#2837),(#2838,#2839,#2840,#2841)),
 .UNSPECIFIED.,.T.,.F.,.F.)
B_SPLINE_SURFACE_WITH_KNOTS((5,4,3,3,3,5),(4,4),(-0.161509465995293,0.,
0.25,0.5,0.75,0.838490534004707),(0.,1.),.UNSPECIFIED.)
GEOMETRIC_REPRESENTATION_ITEM()
RATIONAL_B_SPLINE_SURFACE(((0.57527535386336,0.57527535386336,0.57527535386336,
0.57527535386336),(0.570938685997638,0.570938685997638,0.570938685997638,
0.570938685997638),(0.571804008323151,0.571804008323151,0.571804008323151,
0.571804008323151),(0.585786437626905,0.585786437626905,0.585786437626905,
0.585786437626905),(0.585786437626905,0.585786437626905,0.585786437626905,
0.585786437626905),(0.585786437626905,0.585786437626905,0.585786437626905,
0.585786437626905),(0.552284749830793,0.552284749830793,0.552284749830793,
0.552284749830793),(0.585786437626905,0.585786437626905,0.585786437626905,
0.585786437626905),(0.585786437626905,0.585786437626905,0.585786437626905,
0.585786437626905),(0.552284749830793,0.552284749830793,0.552284749830793,
0.552284749830793),(0.585786437626905,0.585786437626905,0.585786437626905,
0.585786437626905),(0.585786437626905,0.585786437626905,0.585786437626905,
0.585786437626905),(0.552284749830793,0.552284749830793,0.552284749830793,
0.552284749830793),(0.585786437626905,0.585786437626905,0.585786437626905,
0.585786437626905),(0.585786437626905,0.585786437626905,0.585786437626905,
0.585786437626905),(0.581589038174168,0.581589038174168,0.581589038174168,
0.581589038174168),(0.577651400696739,0.577651400696739,0.577651400696739,
0.577651400696739),(0.57527535386336,0.57527535386336,0.57527535386336,
0.57527535386336)))
REPRESENTATION_ITEM('')
SURFACE()
);
#24=(
BOUNDED_SURFACE()
B_SPLINE_SURFACE(4,3,((#2867,#2868,#2869,#2870,#2871,#2872,#2873,#2874,
#2875,#2876,#2877,#2878,#2879,#2880,#2881,#2882,#2883,#2884,#2885,#2886,
#2887,#2888,#2889,#2890,#2891,#2892),(#2893,#2894,#2895,#2896,#2897,#2898,
#2899,#2900,#2901,#2902,#2903,#2904,#2905,#2906,#2907,#2908,#2909,#2910,
#2911,#2912,#2913,#2914,#2915,#2916,#2917,#2918),(#2919,#2920,#2921,#2922,
#2923,#2924,#2925,#2926,#2927,#2928,#2929,#2930,#2931,#2932,#2933,#2934,
#2935,#2936,#2937,#2938,#2939,#2940,#2941,#2942,#2943,#2944),(#2945,#2946,
#2947,#2948,#2949,#2950,#2951,#2952,#2953,#2954,#2955,#2956,#2957,#2958,
#2959,#2960,#2961,#2962,#2963,#2964,#2965,#2966,#2967,#2968,#2969,#2970),
(#2971,#2972,#2973,#2974,#2975,#2976,#2977,#2978,#2979,#2980,#2981,#2982,
#2983,#2984,#2985,#2986,#2987,#2988,#2989,#2990,#2991,#2992,#2993,#2994,
#2995,#2996),(#2997,#2998,#2999,#3000,#3001,#3002,#3003,#3004,#3005,#3006,
#3007,#3008,#3009,#3010,#3011,#3012,#3013,#3014,#3015,#3016,#3017,#3018,
#3019,#3020,#3021,#3022),(#3023,#3024,#3025,#3026,#3027,#3028,#3029,#3030,
#3031,#3032,#3033,#3034,#3035,#3036,#3037,#3038,#3039,#3040,#3041,#3042,
#3043,#3044,#3045,#3046,#3047,#3048),(#3049,#3050,#3051,#3052,#3053,#3054,
#3055,#3056,#3057,#3058,#3059,#3060,#3061,#3062,#3063,#3064,#3065,#3066,
#3067,#3068,#3069,#3070,#3071,#3072,#3073,#3074),(#3075,#3076,#3077,#3078,
#3079,#3080,#3081,#3082,#3083,#3084,#3085,#3086,#3087,#3088,#3089,#3090,
#3091,#3092,#3093,#3094,#3095,#3096,#3097,#3098,#3099,#3100),(#3101,#3102,
#3103,#3104,#3105,#3106,#3107,#3108,#3109,#3110,#3111,#3112,#3113,#3114,
#3115,#3116,#3117,#3118,#3119,#3120,#3121,#3122,#3123,#3124,#3125,#3126),
(#3127,#3128,#3129,#3130,#3131,#3132,#3133,#3134,#3135,#3136,#3137,#3138,
#3139,#3140,#3141,#3142,#3143,#3144,#3145,#3146,#3147,#3148,#3149,#3150,
#3151,#3152),(#3153,#3154,#3155,#3156,#3157,#3158,#3159,#3160,#3161,#3162,
#3163,#3164,#3165,#3166,#3167,#3168,#3169,#3170,#3171,#3172,#3173,#3174,
#3175,#3176,#3177,#3178),(#3179,#3180,#3181,#3182,#3183,#3184,#3185,#3186,
#3187,#3188,#3189,#3190,#3191,#3192,#3193,#3194,#3195,#3196,#3197,#3198,
#3199,#3200,#3201,#3202,#3203,#3204),(#3205,#3206,#3207,#3208,#3209,#3210,
#3211,#3212,#3213,#3214,#3215,#3216,#3217,#3218,#3219,#3220,#3221,#3222,
#3223,#3224,#3225,#3226,#3227,#3228,#3229,#3230)),.UNSPECIFIED.,.T.,.F.,
 .F.)
B_SPLINE_SURFACE_WITH_KNOTS((5,3,3,3,5),(4,1,1,1,1,1,1,1,1,1,1,1,1,1,1,
1,1,1,1,1,1,1,1,4),(0.,0.25,0.5,0.75,1.),(0.,0.0178571428571428,0.0625,
0.107142857142857,0.151785714285714,0.196428571428571,0.241071428571429,
0.285714285714286,0.330357142857143,0.375,0.419642857142857,0.464285714285714,
0.508928571428571,0.553571428571428,0.598214285714286,0.642857142857143,
0.6875,0.732142857142857,0.776785714285714,0.821428571428572,0.866071428571429,
0.910714285714286,0.955357142857143,1.),.UNSPECIFIED.)
GEOMETRIC_REPRESENTATION_ITEM()
RATIONAL_B_SPLINE_SURFACE(((0.585786437626905,0.585786437626905,0.585786437626905,
0.585786437626905,0.585786437626905,0.585786437626905,0.585786437626905,
0.585786437626905,0.585786437626905,0.585786437626905,0.585786437626905,
0.585786437626905,0.585786437626905,0.585786437626905,0.585786437626905,
0.585786437626905,0.585786437626905,0.585786437626905,0.585786437626905,
0.585786437626905,0.585786437626905,0.585786437626905,0.585786437626905,
0.585786437626905,0.585786437626905,0.585786437626905),(0.585786437626905,
0.585786437626905,0.585786437626905,0.585786437626905,0.585786437626905,
0.585786437626905,0.585786437626905,0.585786437626905,0.585786437626905,
0.585786437626905,0.585786437626905,0.585786437626905,0.585786437626905,
0.585786437626905,0.585786437626905,0.585786437626905,0.585786437626905,
0.585786437626905,0.585786437626905,0.585786437626905,0.585786437626905,
0.585786437626905,0.585786437626905,0.585786437626905,0.585786437626905,
0.585786437626905),(0.552284749830793,0.552284749830793,0.552284749830793,
0.552284749830793,0.552284749830793,0.552284749830793,0.552284749830793,
0.552284749830793,0.552284749830793,0.552284749830793,0.552284749830793,
0.552284749830793,0.552284749830793,0.552284749830793,0.552284749830793,
0.552284749830793,0.552284749830793,0.552284749830793,0.552284749830793,
0.552284749830793,0.552284749830793,0.552284749830793,0.552284749830793,
0.552284749830793,0.552284749830793,0.552284749830793),(0.585786437626905,
0.585786437626905,0.585786437626905,0.585786437626905,0.585786437626905,
0.585786437626905,0.585786437626905,0.585786437626905,0.585786437626905,
0.585786437626905,0.585786437626905,0.585786437626905,0.585786437626905,
0.585786437626905,0.585786437626905,0.585786437626905,0.585786437626905,
0.585786437626905,0.585786437626905,0.585786437626905,0.585786437626905,
0.585786437626905,0.585786437626905,0.585786437626905,0.585786437626905,
0.585786437626905),(0.585786437626905,0.585786437626905,0.585786437626905,
0.585786437626905,0.585786437626905,0.585786437626905,0.585786437626905,
0.585786437626905,0.585786437626905,0.585786437626905,0.585786437626905,
0.585786437626905,0.585786437626905,0.585786437626905,0.585786437626905,
0.585786437626905,0.585786437626905,0.585786437626905,0.585786437626905,
0.585786437626905,0.585786437626905,0.585786437626905,0.585786437626905,
0.585786437626905,0.585786437626905,0.585786437626905),(0.552284749830793,
0.552284749830793,0.552284749830793,0.552284749830793,0.552284749830793,
0.552284749830793,0.552284749830793,0.552284749830793,0.552284749830793,
0.552284749830793,0.552284749830793,0.552284749830793,0.552284749830793,
0.552284749830793,0.552284749830793,0.552284749830793,0.552284749830793,
0.552284749830793,0.552284749830793,0.552284749830793,0.552284749830793,
0.552284749830793,0.552284749830793,0.552284749830793,0.552284749830793,
0.552284749830793),(0.585786437626905,0.585786437626905,0.585786437626905,
0.585786437626905,0.585786437626905,0.585786437626905,0.585786437626905,
0.585786437626905,0.585786437626905,0.585786437626905,0.585786437626905,
0.585786437626905,0.585786437626905,0.585786437626905,0.585786437626905,
0.585786437626905,0.585786437626905,0.585786437626905,0.585786437626905,
0.585786437626905,0.585786437626905,0.585786437626905,0.585786437626905,
0.585786437626905,0.585786437626905,0.585786437626905),(0.585786437626905,
0.585786437626905,0.585786437626905,0.585786437626905,0.585786437626905,
0.585786437626905,0.585786437626905,0.585786437626905,0.585786437626905,
0.585786437626905,0.585786437626905,0.585786437626905,0.585786437626905,
0.585786437626905,0.585786437626905,0.585786437626905,0.585786437626905,
0.585786437626905,0.585786437626905,0.585786437626905,0.585786437626905,
0.585786437626905,0.585786437626905,0.585786437626905,0.585786437626905,
0.585786437626905),(0.552284749830793,0.552284749830793,0.552284749830793,
0.552284749830793,0.552284749830793,0.552284749830793,0.552284749830793,
0.552284749830793,0.552284749830793,0.552284749830793,0.552284749830793,
0.552284749830793,0.552284749830793,0.552284749830793,0.552284749830793,
0.552284749830793,0.552284749830793,0.552284749830793,0.552284749830793,
0.552284749830793,0.552284749830793,0.552284749830793,0.552284749830793,
0.552284749830793,0.552284749830793,0.552284749830793),(0.585786437626905,
0.585786437626905,0.585786437626905,0.585786437626905,0.585786437626905,
0.585786437626905,0.585786437626905,0.585786437626905,0.585786437626905,
0.585786437626905,0.585786437626905,0.585786437626905,0.585786437626905,
0.585786437626905,0.585786437626905,0.585786437626905,0.585786437626905,
0.585786437626905,0.585786437626905,0.585786437626905,0.585786437626905,
0.585786437626905,0.585786437626905,0.585786437626905,0.585786437626905,
0.585786437626905),(0.585786437626905,0.585786437626905,0.585786437626905,
0.585786437626905,0.585786437626905,0.585786437626905,0.585786437626905,
0.585786437626905,0.585786437626905,0.585786437626905,0.585786437626905,
0.585786437626905,0.585786437626905,0.585786437626905,0.585786437626905,
0.585786437626905,0.585786437626905,0.585786437626905,0.585786437626905,
0.585786437626905,0.585786437626905,0.585786437626905,0.585786437626905,
0.585786437626905,0.585786437626905,0.585786437626905),(0.552284749830793,
0.552284749830793,0.552284749830793,0.552284749830793,0.552284749830793,
0.552284749830793,0.552284749830793,0.552284749830793,0.552284749830793,
0.552284749830793,0.552284749830793,0.552284749830793,0.552284749830793,
0.552284749830793,0.552284749830793,0.552284749830793,0.552284749830793,
0.552284749830793,0.552284749830793,0.552284749830793,0.552284749830793,
0.552284749830793,0.552284749830793,0.552284749830793,0.552284749830793,
0.552284749830793),(0.585786437626905,0.585786437626905,0.585786437626905,
0.585786437626905,0.585786437626905,0.585786437626905,0.585786437626905,
0.585786437626905,0.585786437626905,0.585786437626905,0.585786437626905,
0.585786437626905,0.585786437626905,0.585786437626905,0.585786437626905,
0.585786437626905,0.585786437626905,0.585786437626905,0.585786437626905,
0.585786437626905,0.585786437626905,0.585786437626905,0.585786437626905,
0.585786437626905,0.585786437626905,0.585786437626905),(0.585786437626905,
0.585786437626905,0.585786437626905,0.585786437626905,0.585786437626905,
0.585786437626905,0.585786437626905,0.585786437626905,0.585786437626905,
0.585786437626905,0.585786437626905,0.585786437626905,0.585786437626905,
0.585786437626905,0.585786437626905,0.585786437626905,0.585786437626905,
0.585786437626905,0.585786437626905,0.585786437626905,0.585786437626905,
0.585786437626905,0.585786437626905,0.585786437626905,0.585786437626905,
0.585786437626905)))
REPRESENTATION_ITEM('')
SURFACE()
);
#25=(
BOUNDED_SURFACE()
B_SPLINE_SURFACE(4,3,((#3258,#3259,#3260,#3261),(#3262,#3263,#3264,#3265),
(#3266,#3267,#3268,#3269),(#3270,#3271,#3272,#3273),(#3274,#3275,#3276,
#3277),(#3278,#3279,#3280,#3281),(#3282,#3283,#3284,#3285),(#3286,#3287,
#3288,#3289),(#3290,#3291,#3292,#3293),(#3294,#3295,#3296,#3297),(#3298,
#3299,#3300,#3301),(#3302,#3303,#3304,#3305),(#3306,#3307,#3308,#3309),
(#3310,#3311,#3312,#3313)),.UNSPECIFIED.,.T.,.F.,.F.)
B_SPLINE_SURFACE_WITH_KNOTS((5,3,3,3,5),(4,4),(0.,0.25,0.5,0.75,1.),(0.,
1.),.UNSPECIFIED.)
GEOMETRIC_REPRESENTATION_ITEM()
RATIONAL_B_SPLINE_SURFACE(((0.585786437626905,0.585786437626905,0.585786437626905,
0.585786437626905),(0.585786437626905,0.585786437626905,0.585786437626905,
0.585786437626905),(0.552284749830793,0.552284749830793,0.552284749830793,
0.552284749830793),(0.585786437626905,0.585786437626905,0.585786437626905,
0.585786437626905),(0.585786437626905,0.585786437626905,0.585786437626905,
0.585786437626905),(0.552284749830793,0.552284749830793,0.552284749830793,
0.552284749830793),(0.585786437626905,0.585786437626905,0.585786437626905,
0.585786437626905),(0.585786437626905,0.585786437626905,0.585786437626905,
0.585786437626905),(0.552284749830793,0.552284749830793,0.552284749830793,
0.552284749830793),(0.585786437626905,0.585786437626905,0.585786437626905,
0.585786437626905),(0.585786437626905,0.585786437626905,0.585786437626905,
0.585786437626905),(0.552284749830793,0.552284749830793,0.552284749830793,
0.552284749830793),(0.585786437626905,0.585786437626905,0.585786437626905,
0.585786437626905),(0.585786437626905,0.585786437626905,0.585786437626905,
0.585786437626905)))
REPRESENTATION_ITEM('')
SURFACE()
);
#26=(
BOUNDED_SURFACE()
B_SPLINE_SURFACE(4,3,((#3315,#3316,#3317,#3318,#3319,#3320,#3321,#3322,
#3323,#3324,#3325,#3326,#3327,#3328,#3329,#3330,#3331,#3332,#3333,#3334,
#3335,#3336,#3337,#3338,#3339,#3340,#3341,#3342,#3343,#3344,#3345),(#3346,
#3347,#3348,#3349,#3350,#3351,#3352,#3353,#3354,#3355,#3356,#3357,#3358,
#3359,#3360,#3361,#3362,#3363,#3364,#3365,#3366,#3367,#3368,#3369,#3370,
#3371,#3372,#3373,#3374,#3375,#3376),(#3377,#3378,#3379,#3380,#3381,#3382,
#3383,#3384,#3385,#3386,#3387,#3388,#3389,#3390,#3391,#3392,#3393,#3394,
#3395,#3396,#3397,#3398,#3399,#3400,#3401,#3402,#3403,#3404,#3405,#3406,
#3407),(#3408,#3409,#3410,#3411,#3412,#3413,#3414,#3415,#3416,#3417,#3418,
#3419,#3420,#3421,#3422,#3423,#3424,#3425,#3426,#3427,#3428,#3429,#3430,
#3431,#3432,#3433,#3434,#3435,#3436,#3437,#3438),(#3439,#3440,#3441,#3442,
#3443,#3444,#3445,#3446,#3447,#3448,#3449,#3450,#3451,#3452,#3453,#3454,
#3455,#3456,#3457,#3458,#3459,#3460,#3461,#3462,#3463,#3464,#3465,#3466,
#3467,#3468,#3469),(#3470,#3471,#3472,#3473,#3474,#3475,#3476,#3477,#3478,
#3479,#3480,#3481,#3482,#3483,#3484,#3485,#3486,#3487,#3488,#3489,#3490,
#3491,#3492,#3493,#3494,#3495,#3496,#3497,#3498,#3499,#3500),(#3501,#3502,
#3503,#3504,#3505,#3506,#3507,#3508,#3509,#3510,#3511,#3512,#3513,#3514,
#3515,#3516,#3517,#3518,#3519,#3520,#3521,#3522,#3523,#3524,#3525,#3526,
#3527,#3528,#3529,#3530,#3531),(#3532,#3533,#3534,#3535,#3536,#3537,#3538,
#3539,#3540,#3541,#3542,#3543,#3544,#3545,#3546,#3547,#3548,#3549,#3550,
#3551,#3552,#3553,#3554,#3555,#3556,#3557,#3558,#3559,#3560,#3561,#3562),
(#3563,#3564,#3565,#3566,#3567,#3568,#3569,#3570,#3571,#3572,#3573,#3574,
#3575,#3576,#3577,#3578,#3579,#3580,#3581,#3582,#3583,#3584,#3585,#3586,
#3587,#3588,#3589,#3590,#3591,#3592,#3593),(#3594,#3595,#3596,#3597,#3598,
#3599,#3600,#3601,#3602,#3603,#3604,#3605,#3606,#3607,#3608,#3609,#3610,
#3611,#3612,#3613,#3614,#3615,#3616,#3617,#3618,#3619,#3620,#3621,#3622,
#3623,#3624),(#3625,#3626,#3627,#3628,#3629,#3630,#3631,#3632,#3633,#3634,
#3635,#3636,#3637,#3638,#3639,#3640,#3641,#3642,#3643,#3644,#3645,#3646,
#3647,#3648,#3649,#3650,#3651,#3652,#3653,#3654,#3655),(#3656,#3657,#3658,
#3659,#3660,#3661,#3662,#3663,#3664,#3665,#3666,#3667,#3668,#3669,#3670,
#3671,#3672,#3673,#3674,#3675,#3676,#3677,#3678,#3679,#3680,#3681,#3682,
#3683,#3684,#3685,#3686),(#3687,#3688,#3689,#3690,#3691,#3692,#3693,#3694,
#3695,#3696,#3697,#3698,#3699,#3700,#3701,#3702,#3703,#3704,#3705,#3706,
#3707,#3708,#3709,#3710,#3711,#3712,#3713,#3714,#3715,#3716,#3717),(#3718,
#3719,#3720,#3721,#3722,#3723,#3724,#3725,#3726,#3727,#3728,#3729,#3730,
#3731,#3732,#3733,#3734,#3735,#3736,#3737,#3738,#3739,#3740,#3741,#3742,
#3743,#3744,#3745,#3746,#3747,#3748)),.UNSPECIFIED.,.T.,.F.,.F.)
B_SPLINE_SURFACE_WITH_KNOTS((5,3,3,3,5),(4,1,1,1,1,1,1,1,1,1,1,1,1,1,1,
1,1,1,1,1,1,1,1,1,1,1,1,1,4),(0.,0.25,0.5,0.75,1.),(0.,0.0357142857142857,
0.0714285714285714,0.107142857142857,0.142857142857143,0.178571428571429,
0.214285714285714,0.25,0.285714285714286,0.321428571428571,0.357142857142857,
0.392857142857143,0.428571428571429,0.464285714285714,0.5,0.535714285714286,
0.571428571428571,0.607142857142857,0.642857142857143,0.678571428571428,
0.714285714285714,0.75,0.785714285714286,0.821428571428571,0.857142857142857,
0.892857142857143,0.928571428571428,0.964285714285714,1.),.UNSPECIFIED.)
GEOMETRIC_REPRESENTATION_ITEM()
RATIONAL_B_SPLINE_SURFACE(((0.585786437626905,0.585786437626905,0.585786437626905,
0.585786437626905,0.585786437626905,0.585786437626905,0.585786437626905,
0.585786437626905,0.585786437626905,0.585786437626905,0.585786437626905,
0.585786437626905,0.585786437626905,0.585786437626905,0.585786437626905,
0.585786437626905,0.585786437626905,0.585786437626905,0.585786437626905,
0.585786437626905,0.585786437626905,0.585786437626905,0.585786437626905,
0.585786437626905,0.585786437626905,0.585786437626905,0.585786437626905,
0.585786437626905,0.585786437626905,0.585786437626905,0.585786437626905),
(0.585786437626905,0.585786437626905,0.585786437626905,0.585786437626905,
0.585786437626905,0.585786437626905,0.585786437626905,0.585786437626905,
0.585786437626905,0.585786437626905,0.585786437626905,0.585786437626905,
0.585786437626905,0.585786437626905,0.585786437626905,0.585786437626905,
0.585786437626905,0.585786437626905,0.585786437626905,0.585786437626905,
0.585786437626905,0.585786437626905,0.585786437626905,0.585786437626905,
0.585786437626905,0.585786437626905,0.585786437626905,0.585786437626905,
0.585786437626905,0.585786437626905,0.585786437626905),(0.552284749830793,
0.552284749830793,0.552284749830793,0.552284749830793,0.552284749830793,
0.552284749830793,0.552284749830793,0.552284749830793,0.552284749830793,
0.552284749830793,0.552284749830793,0.552284749830793,0.552284749830793,
0.552284749830793,0.552284749830793,0.552284749830793,0.552284749830793,
0.552284749830793,0.552284749830793,0.552284749830793,0.552284749830793,
0.552284749830793,0.552284749830793,0.552284749830793,0.552284749830793,
0.552284749830793,0.552284749830793,0.552284749830793,0.552284749830793,
0.552284749830793,0.552284749830793),(0.585786437626905,0.585786437626905,
0.585786437626905,0.585786437626905,0.585786437626905,0.585786437626905,
0.585786437626905,0.585786437626905,0.585786437626905,0.585786437626905,
0.585786437626905,0.585786437626905,0.585786437626905,0.585786437626905,
0.585786437626905,0.585786437626905,0.585786437626905,0.585786437626905,
0.585786437626905,0.585786437626905,0.585786437626905,0.585786437626905,
0.585786437626905,0.585786437626905,0.585786437626905,0.585786437626905,
0.585786437626905,0.585786437626905,0.585786437626905,0.585786437626905,
0.585786437626905),(0.585786437626905,0.585786437626905,0.585786437626905,
0.585786437626905,0.585786437626905,0.585786437626905,0.585786437626905,
0.585786437626905,0.585786437626905,0.585786437626905,0.585786437626905,
0.585786437626905,0.585786437626905,0.585786437626905,0.585786437626905,
0.585786437626905,0.585786437626905,0.585786437626905,0.585786437626905,
0.585786437626905,0.585786437626905,0.585786437626905,0.585786437626905,
0.585786437626905,0.585786437626905,0.585786437626905,0.585786437626905,
0.585786437626905,0.585786437626905,0.585786437626905,0.585786437626905),
(0.552284749830793,0.552284749830793,0.552284749830793,0.552284749830793,
0.552284749830793,0.552284749830793,0.552284749830793,0.552284749830793,
0.552284749830793,0.552284749830793,0.552284749830793,0.552284749830793,
0.552284749830793,0.552284749830793,0.552284749830793,0.552284749830793,
0.552284749830793,0.552284749830793,0.552284749830793,0.552284749830793,
0.552284749830793,0.552284749830793,0.552284749830793,0.552284749830793,
0.552284749830793,0.552284749830793,0.552284749830793,0.552284749830793,
0.552284749830793,0.552284749830793,0.552284749830793),(0.585786437626905,
0.585786437626905,0.585786437626905,0.585786437626905,0.585786437626905,
0.585786437626905,0.585786437626905,0.585786437626905,0.585786437626905,
0.585786437626905,0.585786437626905,0.585786437626905,0.585786437626905,
0.585786437626905,0.585786437626905,0.585786437626905,0.585786437626905,
0.585786437626905,0.585786437626905,0.585786437626905,0.585786437626905,
0.585786437626905,0.585786437626905,0.585786437626905,0.585786437626905,
0.585786437626905,0.585786437626905,0.585786437626905,0.585786437626905,
0.585786437626905,0.585786437626905),(0.585786437626905,0.585786437626905,
0.585786437626905,0.585786437626905,0.585786437626905,0.585786437626905,
0.585786437626905,0.585786437626905,0.585786437626905,0.585786437626905,
0.585786437626905,0.585786437626905,0.585786437626905,0.585786437626905,
0.585786437626905,0.585786437626905,0.585786437626905,0.585786437626905,
0.585786437626905,0.585786437626905,0.585786437626905,0.585786437626905,
0.585786437626905,0.585786437626905,0.585786437626905,0.585786437626905,
0.585786437626905,0.585786437626905,0.585786437626905,0.585786437626905,
0.585786437626905),(0.552284749830793,0.552284749830793,0.552284749830793,
0.552284749830793,0.552284749830793,0.552284749830793,0.552284749830793,
0.552284749830793,0.552284749830793,0.552284749830793,0.552284749830793,
0.552284749830793,0.552284749830793,0.552284749830793,0.552284749830793,
0.552284749830793,0.552284749830793,0.552284749830793,0.552284749830793,
0.552284749830793,0.552284749830793,0.552284749830793,0.552284749830793,
0.552284749830793,0.552284749830793,0.552284749830793,0.552284749830793,
0.552284749830793,0.552284749830793,0.552284749830793,0.552284749830793),
(0.585786437626905,0.585786437626905,0.585786437626905,0.585786437626905,
0.585786437626905,0.585786437626905,0.585786437626905,0.585786437626905,
0.585786437626905,0.585786437626905,0.585786437626905,0.585786437626905,
0.585786437626905,0.585786437626905,0.585786437626905,0.585786437626905,
0.585786437626905,0.585786437626905,0.585786437626905,0.585786437626905,
0.585786437626905,0.585786437626905,0.585786437626905,0.585786437626905,
0.585786437626905,0.585786437626905,0.585786437626905,0.585786437626905,
0.585786437626905,0.585786437626905,0.585786437626905),(0.585786437626905,
0.585786437626905,0.585786437626905,0.585786437626905,0.585786437626905,
0.585786437626905,0.585786437626905,0.585786437626905,0.585786437626905,
0.585786437626905,0.585786437626905,0.585786437626905,0.585786437626905,
0.585786437626905,0.585786437626905,0.585786437626905,0.585786437626905,
0.585786437626905,0.585786437626905,0.585786437626905,0.585786437626905,
0.585786437626905,0.585786437626905,0.585786437626905,0.585786437626905,
0.585786437626905,0.585786437626905,0.585786437626905,0.585786437626905,
0.585786437626905,0.585786437626905),(0.552284749830793,0.552284749830793,
0.552284749830793,0.552284749830793,0.552284749830793,0.552284749830793,
0.552284749830793,0.552284749830793,0.552284749830793,0.552284749830793,
0.552284749830793,0.552284749830793,0.552284749830793,0.552284749830793,
0.552284749830793,0.552284749830793,0.552284749830793,0.552284749830793,
0.552284749830793,0.552284749830793,0.552284749830793,0.552284749830793,
0.552284749830793,0.552284749830793,0.552284749830793,0.552284749830793,
0.552284749830793,0.552284749830793,0.552284749830793,0.552284749830793,
0.552284749830793),(0.585786437626905,0.585786437626905,0.585786437626905,
0.585786437626905,0.585786437626905,0.585786437626905,0.585786437626905,
0.585786437626905,0.585786437626905,0.585786437626905,0.585786437626905,
0.585786437626905,0.585786437626905,0.585786437626905,0.585786437626905,
0.585786437626905,0.585786437626905,0.585786437626905,0.585786437626905,
0.585786437626905,0.585786437626905,0.585786437626905,0.585786437626905,
0.585786437626905,0.585786437626905,0.585786437626905,0.585786437626905,
0.585786437626905,0.585786437626905,0.585786437626905,0.585786437626905),
(0.585786437626905,0.585786437626905,0.585786437626905,0.585786437626905,
0.585786437626905,0.585786437626905,0.585786437626905,0.585786437626905,
0.585786437626905,0.585786437626905,0.585786437626905,0.585786437626905,
0.585786437626905,0.585786437626905,0.585786437626905,0.585786437626905,
0.585786437626905,0.585786437626905,0.585786437626905,0.585786437626905,
0.585786437626905,0.585786437626905,0.585786437626905,0.585786437626905,
0.585786437626905,0.585786437626905,0.585786437626905,0.585786437626905,
0.585786437626905,0.585786437626905,0.585786437626905)))
REPRESENTATION_ITEM('')
SURFACE()
);
#27=STYLED_ITEM('',(#4110),#31);
#28=STYLED_ITEM('',(#4110),#32);
#29=STYLED_ITEM('',(#4110),#33);
#30=STYLED_ITEM('',(#4110),#34);
#31=MANIFOLD_SOLID_BREP('Solid1',#1835);
#32=MANIFOLD_SOLID_BREP('Solid2',#1836);
#33=MANIFOLD_SOLID_BREP('Solid3',#1837);
#34=MANIFOLD_SOLID_BREP('Solid4',#1838);
#35=CYLINDRICAL_SURFACE('',#1885,0.199999999999818);
#36=CYLINDRICAL_SURFACE('',#1887,0.200000000000273);
#37=CYLINDRICAL_SURFACE('',#1892,0.300000000000182);
#38=CYLINDRICAL_SURFACE('',#1895,0.300000000000151);
#39=CYLINDRICAL_SURFACE('',#1898,0.200000000000046);
#40=CYLINDRICAL_SURFACE('',#1902,0.70000000001528);
#41=CYLINDRICAL_SURFACE('',#1904,0.199999999999304);
#42=CYLINDRICAL_SURFACE('',#1913,1.00000000000011);
#43=CYLINDRICAL_SURFACE('',#1915,0.299999999999955);
#44=CYLINDRICAL_SURFACE('',#1917,0.5);
#45=CYLINDRICAL_SURFACE('',#1918,4.30000000000046);
#46=CYLINDRICAL_SURFACE('',#1919,0.500000000001635);
#47=CYLINDRICAL_SURFACE('',#1921,0.1);
#48=CYLINDRICAL_SURFACE('',#1922,0.1);
#49=CYLINDRICAL_SURFACE('',#1926,0.1);
#50=CYLINDRICAL_SURFACE('',#1931,0.349999999998993);
#51=CYLINDRICAL_SURFACE('',#1942,0.349999999997913);
#52=CYLINDRICAL_SURFACE('',#1949,1.);
#53=CYLINDRICAL_SURFACE('',#1952,1.);
#54=CYLINDRICAL_SURFACE('',#1954,1.);
#55=CYLINDRICAL_SURFACE('',#1957,1.);
#56=CYLINDRICAL_SURFACE('',#1993,0.199999999999818);
#57=CYLINDRICAL_SURFACE('',#1995,0.200000000000273);
#58=CYLINDRICAL_SURFACE('',#2000,0.300000000000182);
#59=CYLINDRICAL_SURFACE('',#2003,0.300000000000151);
#60=CYLINDRICAL_SURFACE('',#2006,0.200000000000046);
#61=CYLINDRICAL_SURFACE('',#2010,0.70000000001528);
#62=CYLINDRICAL_SURFACE('',#2012,0.199999999999304);
#63=CYLINDRICAL_SURFACE('',#2021,1.00000000000011);
#64=CYLINDRICAL_SURFACE('',#2023,0.299999999999955);
#65=CYLINDRICAL_SURFACE('',#2025,0.5);
#66=CYLINDRICAL_SURFACE('',#2026,4.30000000000046);
#67=CYLINDRICAL_SURFACE('',#2027,0.500000000001635);
#68=CYLINDRICAL_SURFACE('',#2029,0.1);
#69=CYLINDRICAL_SURFACE('',#2030,0.1);
#70=CYLINDRICAL_SURFACE('',#2034,0.1);
#71=FACE_OUTER_BOUND('',#169,.T.);
#72=FACE_OUTER_BOUND('',#170,.T.);
#73=FACE_OUTER_BOUND('',#171,.T.);
#74=FACE_OUTER_BOUND('',#172,.T.);
#75=FACE_OUTER_BOUND('',#173,.T.);
#76=FACE_OUTER_BOUND('',#174,.T.);
#77=FACE_OUTER_BOUND('',#175,.T.);
#78=FACE_OUTER_BOUND('',#176,.T.);
#79=FACE_OUTER_BOUND('',#177,.T.);
#80=FACE_OUTER_BOUND('',#178,.T.);
#81=FACE_OUTER_BOUND('',#179,.T.);
#82=FACE_OUTER_BOUND('',#180,.T.);
#83=FACE_OUTER_BOUND('',#181,.T.);
#84=FACE_OUTER_BOUND('',#182,.T.);
#85=FACE_OUTER_BOUND('',#183,.T.);
#86=FACE_OUTER_BOUND('',#184,.T.);
#87=FACE_OUTER_BOUND('',#185,.T.);
#88=FACE_OUTER_BOUND('',#186,.T.);
#89=FACE_OUTER_BOUND('',#187,.T.);
#90=FACE_OUTER_BOUND('',#188,.T.);
#91=FACE_OUTER_BOUND('',#189,.T.);
#92=FACE_OUTER_BOUND('',#190,.T.);
#93=FACE_OUTER_BOUND('',#191,.T.);
#94=FACE_OUTER_BOUND('',#192,.T.);
#95=FACE_OUTER_BOUND('',#193,.T.);
#96=FACE_OUTER_BOUND('',#194,.T.);
#97=FACE_OUTER_BOUND('',#195,.T.);
#98=FACE_OUTER_BOUND('',#196,.T.);
#99=FACE_OUTER_BOUND('',#197,.T.);
#100=FACE_OUTER_BOUND('',#198,.T.);
#101=FACE_OUTER_BOUND('',#199,.T.);
#102=FACE_OUTER_BOUND('',#200,.T.);
#103=FACE_OUTER_BOUND('',#201,.T.);
#104=FACE_OUTER_BOUND('',#202,.T.);
#105=FACE_OUTER_BOUND('',#203,.T.);
#106=FACE_OUTER_BOUND('',#204,.T.);
#107=FACE_OUTER_BOUND('',#205,.T.);
#108=FACE_OUTER_BOUND('',#206,.T.);
#109=FACE_OUTER_BOUND('',#207,.T.);
#110=FACE_OUTER_BOUND('',#208,.T.);
#111=FACE_OUTER_BOUND('',#209,.T.);
#112=FACE_OUTER_BOUND('',#210,.T.);
#113=FACE_OUTER_BOUND('',#211,.T.);
#114=FACE_OUTER_BOUND('',#212,.T.);
#115=FACE_OUTER_BOUND('',#213,.T.);
#116=FACE_OUTER_BOUND('',#214,.T.);
#117=FACE_OUTER_BOUND('',#215,.T.);
#118=FACE_OUTER_BOUND('',#216,.T.);
#119=FACE_OUTER_BOUND('',#217,.T.);
#120=FACE_OUTER_BOUND('',#218,.T.);
#121=FACE_OUTER_BOUND('',#219,.T.);
#122=FACE_OUTER_BOUND('',#220,.T.);
#123=FACE_OUTER_BOUND('',#221,.T.);
#124=FACE_OUTER_BOUND('',#222,.T.);
#125=FACE_OUTER_BOUND('',#223,.T.);
#126=FACE_OUTER_BOUND('',#224,.T.);
#127=FACE_OUTER_BOUND('',#225,.T.);
#128=FACE_OUTER_BOUND('',#226,.T.);
#129=FACE_OUTER_BOUND('',#227,.T.);
#130=FACE_OUTER_BOUND('',#228,.T.);
#131=FACE_OUTER_BOUND('',#229,.T.);
#132=FACE_OUTER_BOUND('',#230,.T.);
#133=FACE_OUTER_BOUND('',#231,.T.);
#134=FACE_OUTER_BOUND('',#232,.T.);
#135=FACE_OUTER_BOUND('',#233,.T.);
#136=FACE_OUTER_BOUND('',#234,.T.);
#137=FACE_OUTER_BOUND('',#235,.T.);
#138=FACE_OUTER_BOUND('',#236,.T.);
#139=FACE_OUTER_BOUND('',#237,.T.);
#140=FACE_OUTER_BOUND('',#238,.T.);
#141=FACE_OUTER_BOUND('',#239,.T.);
#142=FACE_OUTER_BOUND('',#240,.T.);
#143=FACE_OUTER_BOUND('',#241,.T.);
#144=FACE_OUTER_BOUND('',#242,.T.);
#145=FACE_OUTER_BOUND('',#243,.T.);
#146=FACE_OUTER_BOUND('',#244,.T.);
#147=FACE_OUTER_BOUND('',#245,.T.);
#148=FACE_OUTER_BOUND('',#246,.T.);
#149=FACE_OUTER_BOUND('',#247,.T.);
#150=FACE_OUTER_BOUND('',#248,.T.);
#151=FACE_OUTER_BOUND('',#249,.T.);
#152=FACE_OUTER_BOUND('',#250,.T.);
#153=FACE_OUTER_BOUND('',#251,.T.);
#154=FACE_OUTER_BOUND('',#252,.T.);
#155=FACE_OUTER_BOUND('',#253,.T.);
#156=FACE_OUTER_BOUND('',#254,.T.);
#157=FACE_OUTER_BOUND('',#255,.T.);
#158=FACE_OUTER_BOUND('',#256,.T.);
#159=FACE_OUTER_BOUND('',#257,.T.);
#160=FACE_OUTER_BOUND('',#258,.T.);
#161=FACE_OUTER_BOUND('',#259,.T.);
#162=FACE_OUTER_BOUND('',#260,.T.);
#163=FACE_OUTER_BOUND('',#261,.T.);
#164=FACE_OUTER_BOUND('',#262,.T.);
#165=FACE_OUTER_BOUND('',#263,.T.);
#166=FACE_OUTER_BOUND('',#264,.T.);
#167=FACE_OUTER_BOUND('',#265,.T.);
#168=FACE_OUTER_BOUND('',#266,.T.);
#169=EDGE_LOOP('',(#1147,#1148,#1149,#1150,#1151,#1152,#1153,#1154,#1155,
#1156));
#170=EDGE_LOOP('',(#1157,#1158,#1159,#1160,#1161,#1162,#1163,#1164,#1165,
#1166));
#171=EDGE_LOOP('',(#1167,#1168,#1169,#1170,#1171,#1172,#1173,#1174,#1175));
#172=EDGE_LOOP('',(#1176,#1177,#1178,#1179,#1180,#1181,#1182,#1183,#1184));
#173=EDGE_LOOP('',(#1185,#1186,#1187,#1188,#1189,#1190,#1191,#1192,#1193,
#1194,#1195,#1196,#1197));
#174=EDGE_LOOP('',(#1198,#1199,#1200,#1201,#1202,#1203,#1204,#1205,#1206,
#1207));
#175=EDGE_LOOP('',(#1208,#1209,#1210,#1211));
#176=EDGE_LOOP('',(#1212,#1213,#1214,#1215));
#177=EDGE_LOOP('',(#1216,#1217,#1218,#1219));
#178=EDGE_LOOP('',(#1220,#1221,#1222,#1223,#1224,#1225,#1226));
#179=EDGE_LOOP('',(#1227,#1228,#1229,#1230,#1231,#1232,#1233));
#180=EDGE_LOOP('',(#1234,#1235,#1236,#1237));
#181=EDGE_LOOP('',(#1238,#1239,#1240,#1241));
#182=EDGE_LOOP('',(#1242,#1243,#1244,#1245));
#183=EDGE_LOOP('',(#1246,#1247,#1248,#1249));
#184=EDGE_LOOP('',(#1250,#1251,#1252,#1253));
#185=EDGE_LOOP('',(#1254,#1255,#1256,#1257,#1258,#1259,#1260,#1261,#1262));
#186=EDGE_LOOP('',(#1263,#1264,#1265,#1266));
#187=EDGE_LOOP('',(#1267,#1268,#1269,#1270));
#188=EDGE_LOOP('',(#1271,#1272,#1273,#1274));
#189=EDGE_LOOP('',(#1275,#1276,#1277,#1278,#1279,#1280,#1281,#1282,#1283,
#1284,#1285,#1286));
#190=EDGE_LOOP('',(#1287,#1288,#1289,#1290));
#191=EDGE_LOOP('',(#1291,#1292,#1293,#1294));
#192=EDGE_LOOP('',(#1295,#1296,#1297,#1298));
#193=EDGE_LOOP('',(#1299,#1300,#1301,#1302));
#194=EDGE_LOOP('',(#1303,#1304,#1305,#1306));
#195=EDGE_LOOP('',(#1307,#1308,#1309,#1310));
#196=EDGE_LOOP('',(#1311,#1312,#1313,#1314));
#197=EDGE_LOOP('',(#1315,#1316,#1317,#1318));
#198=EDGE_LOOP('',(#1319,#1320,#1321,#1322));
#199=EDGE_LOOP('',(#1323,#1324,#1325,#1326));
#200=EDGE_LOOP('',(#1327,#1328,#1329,#1330));
#201=EDGE_LOOP('',(#1331,#1332,#1333,#1334));
#202=EDGE_LOOP('',(#1335,#1336,#1337,#1338));
#203=EDGE_LOOP('',(#1339,#1340,#1341,#1342));
#204=EDGE_LOOP('',(#1343,#1344,#1345,#1346));
#205=EDGE_LOOP('',(#1347,#1348,#1349,#1350));
#206=EDGE_LOOP('',(#1351));
#207=EDGE_LOOP('',(#1352,#1353,#1354,#1355,#1356,#1357));
#208=EDGE_LOOP('',(#1358,#1359,#1360,#1361,#1362,#1363,#1364));
#209=EDGE_LOOP('',(#1365,#1366,#1367,#1368));
#210=EDGE_LOOP('',(#1369,#1370,#1371,#1372,#1373,#1374,#1375));
#211=EDGE_LOOP('',(#1376));
#212=EDGE_LOOP('',(#1377,#1378,#1379,#1380,#1381,#1382));
#213=EDGE_LOOP('',(#1383,#1384,#1385,#1386,#1387,#1388,#1389,#1390));
#214=EDGE_LOOP('',(#1391,#1392,#1393,#1394,#1395,#1396,#1397,#1398,#1399,
#1400,#1401,#1402,#1403,#1404,#1405,#1406));
#215=EDGE_LOOP('',(#1407,#1408,#1409,#1410));
#216=EDGE_LOOP('',(#1411,#1412,#1413,#1414));
#217=EDGE_LOOP('',(#1415,#1416,#1417,#1418));
#218=EDGE_LOOP('',(#1419,#1420,#1421,#1422));
#219=EDGE_LOOP('',(#1423,#1424,#1425,#1426));
#220=EDGE_LOOP('',(#1427,#1428,#1429,#1430));
#221=EDGE_LOOP('',(#1431,#1432,#1433,#1434,#1435,#1436,#1437,#1438));
#222=EDGE_LOOP('',(#1439,#1440,#1441,#1442,#1443,#1444,#1445,#1446));
#223=EDGE_LOOP('',(#1447,#1448,#1449,#1450));
#224=EDGE_LOOP('',(#1451,#1452,#1453,#1454));
#225=EDGE_LOOP('',(#1455,#1456,#1457,#1458));
#226=EDGE_LOOP('',(#1459,#1460,#1461,#1462));
#227=EDGE_LOOP('',(#1463,#1464,#1465,#1466));
#228=EDGE_LOOP('',(#1467,#1468,#1469,#1470));
#229=EDGE_LOOP('',(#1471,#1472,#1473,#1474));
#230=EDGE_LOOP('',(#1475,#1476,#1477,#1478));
#231=EDGE_LOOP('',(#1479,#1480,#1481,#1482,#1483,#1484,#1485,#1486,#1487,
#1488));
#232=EDGE_LOOP('',(#1489,#1490,#1491,#1492,#1493,#1494,#1495,#1496,#1497,
#1498));
#233=EDGE_LOOP('',(#1499,#1500,#1501,#1502,#1503,#1504,#1505,#1506,#1507));
#234=EDGE_LOOP('',(#1508,#1509,#1510,#1511,#1512,#1513,#1514,#1515,#1516));
#235=EDGE_LOOP('',(#1517,#1518,#1519,#1520,#1521,#1522,#1523,#1524,#1525,
#1526,#1527,#1528,#1529));
#236=EDGE_LOOP('',(#1530,#1531,#1532,#1533,#1534,#1535,#1536,#1537,#1538,
#1539));
#237=EDGE_LOOP('',(#1540,#1541,#1542,#1543));
#238=EDGE_LOOP('',(#1544,#1545,#1546,#1547));
#239=EDGE_LOOP('',(#1548,#1549,#1550,#1551));
#240=EDGE_LOOP('',(#1552,#1553,#1554,#1555,#1556,#1557,#1558));
#241=EDGE_LOOP('',(#1559,#1560,#1561,#1562,#1563,#1564,#1565));
#242=EDGE_LOOP('',(#1566,#1567,#1568,#1569));
#243=EDGE_LOOP('',(#1570,#1571,#1572,#1573));
#244=EDGE_LOOP('',(#1574,#1575,#1576,#1577));
#245=EDGE_LOOP('',(#1578,#1579,#1580,#1581));
#246=EDGE_LOOP('',(#1582,#1583,#1584,#1585));
#247=EDGE_LOOP('',(#1586,#1587,#1588,#1589,#1590,#1591,#1592,#1593,#1594));
#248=EDGE_LOOP('',(#1595,#1596,#1597,#1598));
#249=EDGE_LOOP('',(#1599,#1600,#1601,#1602));
#250=EDGE_LOOP('',(#1603,#1604,#1605,#1606));
#251=EDGE_LOOP('',(#1607,#1608,#1609,#1610,#1611,#1612,#1613,#1614,#1615,
#1616,#1617,#1618));
#252=EDGE_LOOP('',(#1619,#1620,#1621,#1622));
#253=EDGE_LOOP('',(#1623,#1624,#1625,#1626));
#254=EDGE_LOOP('',(#1627,#1628,#1629,#1630));
#255=EDGE_LOOP('',(#1631,#1632,#1633,#1634));
#256=EDGE_LOOP('',(#1635,#1636,#1637,#1638));
#257=EDGE_LOOP('',(#1639,#1640,#1641,#1642));
#258=EDGE_LOOP('',(#1643,#1644,#1645,#1646));
#259=EDGE_LOOP('',(#1647,#1648,#1649,#1650));
#260=EDGE_LOOP('',(#1651,#1652,#1653,#1654));
#261=EDGE_LOOP('',(#1655,#1656,#1657,#1658));
#262=EDGE_LOOP('',(#1659,#1660,#1661,#1662));
#263=EDGE_LOOP('',(#1663,#1664,#1665,#1666));
#264=EDGE_LOOP('',(#1667,#1668,#1669,#1670));
#265=EDGE_LOOP('',(#1671,#1672,#1673,#1674));
#266=EDGE_LOOP('',(#1675,#1676,#1677,#1678));
#267=CIRCLE('',#1862,0.200000000000273);
#268=CIRCLE('',#1863,0.199999999999818);
#269=CIRCLE('',#1865,0.199999999999818);
#270=CIRCLE('',#1866,0.200000000000273);
#271=CIRCLE('',#1868,0.1);
#272=CIRCLE('',#1869,0.1);
#273=CIRCLE('',#1871,0.1);
#274=CIRCLE('',#1872,0.1);
#275=CIRCLE('',#1874,0.500000000001635);
#276=CIRCLE('',#1875,4.30000000000046);
#277=CIRCLE('',#1876,0.5);
#278=CIRCLE('',#1877,0.299999999999955);
#279=CIRCLE('',#1878,1.00000000000011);
#280=CIRCLE('',#1879,0.199999999999304);
#281=CIRCLE('',#1881,0.70000000001528);
#282=CIRCLE('',#1882,0.200000000000046);
#283=CIRCLE('',#1883,0.300000000000151);
#284=CIRCLE('',#1884,0.300000000000182);
#285=CIRCLE('',#1889,0.1);
#286=CIRCLE('',#1891,0.1);
#287=CIRCLE('',#1893,0.300000000000182);
#288=CIRCLE('',#1896,0.300000000000151);
#289=CIRCLE('',#1899,0.200000000000046);
#290=CIRCLE('',#1901,0.70000000001528);
#291=CIRCLE('',#1905,0.199999999999304);
#292=CIRCLE('',#1907,1.00000000000011);
#293=CIRCLE('',#1908,0.299999999999955);
#294=CIRCLE('',#1909,0.5);
#295=CIRCLE('',#1910,4.30000000000046);
#296=CIRCLE('',#1911,0.500000000001635);
#297=CIRCLE('',#1927,0.349999999999406);
#298=CIRCLE('',#1928,0.349999999999957);
#299=CIRCLE('',#1930,0.349999999997869);
#300=CIRCLE('',#1935,0.349999999999957);
#301=CIRCLE('',#1936,0.349999999999406);
#302=CIRCLE('',#1941,0.350000000003264);
#303=CIRCLE('',#1945,1.);
#304=CIRCLE('',#1946,1.);
#305=CIRCLE('',#1947,1.);
#306=CIRCLE('',#1948,1.);
#307=CIRCLE('',#1950,1.);
#308=CIRCLE('',#1953,1.);
#309=CIRCLE('',#1955,1.);
#310=CIRCLE('',#1958,1.);
#311=CIRCLE('',#1970,0.199999999999818);
#312=CIRCLE('',#1971,0.200000000000273);
#313=CIRCLE('',#1973,0.200000000000273);
#314=CIRCLE('',#1974,0.199999999999818);
#315=CIRCLE('',#1976,0.1);
#316=CIRCLE('',#1977,0.1);
#317=CIRCLE('',#1979,0.1);
#318=CIRCLE('',#1980,0.1);
#319=CIRCLE('',#1982,0.199999999999304);
#320=CIRCLE('',#1983,1.00000000000011);
#321=CIRCLE('',#1984,0.299999999999955);
#322=CIRCLE('',#1985,0.5);
#323=CIRCLE('',#1986,4.30000000000046);
#324=CIRCLE('',#1987,0.500000000001635);
#325=CIRCLE('',#1989,0.300000000000182);
#326=CIRCLE('',#1990,0.300000000000151);
#327=CIRCLE('',#1991,0.200000000000046);
#328=CIRCLE('',#1992,0.70000000001528);
#329=CIRCLE('',#1997,0.1);
#330=CIRCLE('',#1999,0.1);
#331=CIRCLE('',#2001,0.300000000000182);
#332=CIRCLE('',#2004,0.300000000000151);
#333=CIRCLE('',#2007,0.200000000000046);
#334=CIRCLE('',#2009,0.70000000001528);
#335=CIRCLE('',#2013,0.199999999999304);
#336=CIRCLE('',#2015,0.500000000001635);
#337=CIRCLE('',#2016,4.30000000000046);
#338=CIRCLE('',#2017,0.5);
#339=CIRCLE('',#2018,0.299999999999955);
#340=CIRCLE('',#2019,1.00000000000011);
#341=LINE('',#2571,#523);
#342=LINE('',#2573,#524);
#343=LINE('',#2575,#525);
#344=LINE('',#2579,#526);
#345=LINE('',#2583,#527);
#346=LINE('',#2585,#528);
#347=LINE('',#2587,#529);
#348=LINE('',#2588,#530);
#349=LINE('',#2592,#531);
#350=LINE('',#2594,#532);
#351=LINE('',#2596,#533);
#352=LINE('',#2600,#534);
#353=LINE('',#2604,#535);
#354=LINE('',#2606,#536);
#355=LINE('',#2608,#537);
#356=LINE('',#2609,#538);
#357=LINE('',#2613,#539);
#358=LINE('',#2615,#540);
#359=LINE('',#2616,#541);
#360=LINE('',#2618,#542);
#361=LINE('',#2620,#543);
#362=LINE('',#2627,#544);
#363=LINE('',#2628,#545);
#364=LINE('',#2630,#546);
#365=LINE('',#2632,#547);
#366=LINE('',#2634,#548);
#367=LINE('',#2639,#549);
#368=LINE('',#2647,#550);
#369=LINE('',#2651,#551);
#370=LINE('',#2655,#552);
#371=LINE('',#2658,#553);
#372=LINE('',#2659,#554);
#373=LINE('',#2662,#555);
#374=LINE('',#2668,#556);
#375=LINE('',#2672,#557);
#376=LINE('',#2676,#558);
#377=LINE('',#2677,#559);
#378=LINE('',#2679,#560);
#379=LINE('',#2680,#561);
#380=LINE('',#2682,#562);
#381=LINE('',#2684,#563);
#382=LINE('',#2687,#564);
#383=LINE('',#2688,#565);
#384=LINE('',#2692,#566);
#385=LINE('',#2693,#567);
#386=LINE('',#2698,#568);
#387=LINE('',#2701,#569);
#388=LINE('',#2702,#570);
#389=LINE('',#2706,#571);
#390=LINE('',#2709,#572);
#391=LINE('',#2710,#573);
#392=LINE('',#2714,#574);
#393=LINE('',#2718,#575);
#394=LINE('',#2720,#576);
#395=LINE('',#2724,#577);
#396=LINE('',#2727,#578);
#397=LINE('',#2730,#579);
#398=LINE('',#2734,#580);
#399=LINE('',#2738,#581);
#400=LINE('',#2744,#582);
#401=LINE('',#2746,#583);
#402=LINE('',#2748,#584);
#403=LINE('',#2750,#585);
#404=LINE('',#2752,#586);
#405=LINE('',#2754,#587);
#406=LINE('',#2756,#588);
#407=LINE('',#2758,#589);
#408=LINE('',#2764,#590);
#409=LINE('',#2766,#591);
#410=LINE('',#2768,#592);
#411=LINE('',#2866,#593);
#412=LINE('',#3790,#594);
#413=LINE('',#3794,#595);
#414=LINE('',#3796,#596);
#415=LINE('',#3798,#597);
#416=LINE('',#3800,#598);
#417=LINE('',#3802,#599);
#418=LINE('',#3804,#600);
#419=LINE('',#3806,#601);
#420=LINE('',#3807,#602);
#421=LINE('',#3811,#603);
#422=LINE('',#3813,#604);
#423=LINE('',#3815,#605);
#424=LINE('',#3817,#606);
#425=LINE('',#3819,#607);
#426=LINE('',#3823,#608);
#427=LINE('',#3826,#609);
#428=LINE('',#3828,#610);
#429=LINE('',#3829,#611);
#430=LINE('',#3833,#612);
#431=LINE('',#3837,#613);
#432=LINE('',#3840,#614);
#433=LINE('',#3843,#615);
#434=LINE('',#3844,#616);
#435=LINE('',#3849,#617);
#436=LINE('',#3853,#618);
#437=LINE('',#3854,#619);
#438=LINE('',#3857,#620);
#439=LINE('',#3862,#621);
#440=LINE('',#3863,#622);
#441=LINE('',#3864,#623);
#442=LINE('',#3865,#624);
#443=LINE('',#3869,#625);
#444=LINE('',#3871,#626);
#445=LINE('',#3872,#627);
#446=LINE('',#3874,#628);
#447=LINE('',#3876,#629);
#448=LINE('',#3880,#630);
#449=LINE('',#3882,#631);
#450=LINE('',#3883,#632);
#451=LINE('',#3885,#633);
#452=LINE('',#3887,#634);
#453=LINE('',#3892,#635);
#454=LINE('',#3894,#636);
#455=LINE('',#3896,#637);
#456=LINE('',#3898,#638);
#457=LINE('',#3900,#639);
#458=LINE('',#3904,#640);
#459=LINE('',#3908,#641);
#460=LINE('',#3909,#642);
#461=LINE('',#3913,#643);
#462=LINE('',#3915,#644);
#463=LINE('',#3917,#645);
#464=LINE('',#3919,#646);
#465=LINE('',#3921,#647);
#466=LINE('',#3925,#648);
#467=LINE('',#3929,#649);
#468=LINE('',#3930,#650);
#469=LINE('',#3934,#651);
#470=LINE('',#3939,#652);
#471=LINE('',#3940,#653);
#472=LINE('',#3942,#654);
#473=LINE('',#3943,#655);
#474=LINE('',#3948,#656);
#475=LINE('',#3950,#657);
#476=LINE('',#3951,#658);
#477=LINE('',#3953,#659);
#478=LINE('',#3955,#660);
#479=LINE('',#3960,#661);
#480=LINE('',#3961,#662);
#481=LINE('',#3963,#663);
#482=LINE('',#3967,#664);
#483=LINE('',#3971,#665);
#484=LINE('',#3975,#666);
#485=LINE('',#3983,#667);
#486=LINE('',#3985,#668);
#487=LINE('',#3989,#669);
#488=LINE('',#3993,#670);
#489=LINE('',#3998,#671);
#490=LINE('',#4000,#672);
#491=LINE('',#4001,#673);
#492=LINE('',#4003,#674);
#493=LINE('',#4005,#675);
#494=LINE('',#4009,#676);
#495=LINE('',#4010,#677);
#496=LINE('',#4014,#678);
#497=LINE('',#4015,#679);
#498=LINE('',#4019,#680);
#499=LINE('',#4022,#681);
#500=LINE('',#4023,#682);
#501=LINE('',#4027,#683);
#502=LINE('',#4030,#684);
#503=LINE('',#4031,#685);
#504=LINE('',#4035,#686);
#505=LINE('',#4038,#687);
#506=LINE('',#4041,#688);
#507=LINE('',#4045,#689);
#508=LINE('',#4048,#690);
#509=LINE('',#4050,#691);
#510=LINE('',#4058,#692);
#511=LINE('',#4062,#693);
#512=LINE('',#4065,#694);
#513=LINE('',#4067,#695);
#514=LINE('',#4069,#696);
#515=LINE('',#4071,#697);
#516=LINE('',#4073,#698);
#517=LINE('',#4075,#699);
#518=LINE('',#4077,#700);
#519=LINE('',#4079,#701);
#520=LINE('',#4085,#702);
#521=LINE('',#4087,#703);
#522=LINE('',#4089,#704);
#523=VECTOR('',#2039,1.);
#524=VECTOR('',#2040,1.);
#525=VECTOR('',#2041,1.);
#526=VECTOR('',#2044,1.);
#527=VECTOR('',#2047,1.);
#528=VECTOR('',#2048,1.);
#529=VECTOR('',#2049,1.);
#530=VECTOR('',#2050,1.);
#531=VECTOR('',#2053,1.);
#532=VECTOR('',#2054,1.);
#533=VECTOR('',#2055,1.);
#534=VECTOR('',#2058,1.);
#535=VECTOR('',#2061,1.);
#536=VECTOR('',#2062,1.);
#537=VECTOR('',#2063,1.);
#538=VECTOR('',#2064,1.);
#539=VECTOR('',#2067,1.);
#540=VECTOR('',#2068,1.);
#541=VECTOR('',#2069,1.);
#542=VECTOR('',#2070,1.);
#543=VECTOR('',#2071,1.);
#544=VECTOR('',#2080,1.);
#545=VECTOR('',#2081,1.);
#546=VECTOR('',#2082,1.);
#547=VECTOR('',#2083,1.);
#548=VECTOR('',#2084,1.);
#549=VECTOR('',#2089,1.);
#550=VECTOR('',#2096,1.);
#551=VECTOR('',#2099,1.);
#552=VECTOR('',#2102,1.);
#553=VECTOR('',#2105,1.);
#554=VECTOR('',#2106,1.);
#555=VECTOR('',#2109,1.);
#556=VECTOR('',#2114,1.);
#557=VECTOR('',#2117,1.);
#558=VECTOR('',#2120,1.);
#559=VECTOR('',#2121,1.);
#560=VECTOR('',#2124,1.);
#561=VECTOR('',#2125,1.);
#562=VECTOR('',#2128,1.);
#563=VECTOR('',#2131,1.);
#564=VECTOR('',#2134,1.);
#565=VECTOR('',#2135,1.);
#566=VECTOR('',#2140,1.);
#567=VECTOR('',#2141,1.);
#568=VECTOR('',#2148,1.);
#569=VECTOR('',#2151,1.);
#570=VECTOR('',#2152,1.);
#571=VECTOR('',#2157,1.);
#572=VECTOR('',#2160,1.);
#573=VECTOR('',#2161,1.);
#574=VECTOR('',#2166,1.);
#575=VECTOR('',#2171,1.);
#576=VECTOR('',#2174,1.);
#577=VECTOR('',#2179,1.);
#578=VECTOR('',#2182,1.);
#579=VECTOR('',#2185,1.);
#580=VECTOR('',#2188,1.);
#581=VECTOR('',#2191,1.);
#582=VECTOR('',#2198,1.);
#583=VECTOR('',#2201,1.);
#584=VECTOR('',#2204,1.);
#585=VECTOR('',#2207,1.);
#586=VECTOR('',#2210,1.);
#587=VECTOR('',#2213,1.);
#588=VECTOR('',#2216,1.);
#589=VECTOR('',#2219,1.);
#590=VECTOR('',#2230,1.);
#591=VECTOR('',#2233,1.);
#592=VECTOR('',#2236,1.);
#593=VECTOR('',#2255,0.349999999998993);
#594=VECTOR('',#2272,0.349999999997913);
#595=VECTOR('',#2275,1.);
#596=VECTOR('',#2276,1.);
#597=VECTOR('',#2277,1.);
#598=VECTOR('',#2278,1.);
#599=VECTOR('',#2279,1.);
#600=VECTOR('',#2280,1.);
#601=VECTOR('',#2281,1.);
#602=VECTOR('',#2282,1.);
#603=VECTOR('',#2285,1.);
#604=VECTOR('',#2286,1.);
#605=VECTOR('',#2287,1.);
#606=VECTOR('',#2288,1.);
#607=VECTOR('',#2289,1.);
#608=VECTOR('',#2292,1.);
#609=VECTOR('',#2295,1.);
#610=VECTOR('',#2296,1.);
#611=VECTOR('',#2297,1.);
#612=VECTOR('',#2300,1.);
#613=VECTOR('',#2305,1.);
#614=VECTOR('',#2308,1.);
#615=VECTOR('',#2311,1.);
#616=VECTOR('',#2312,1.);
#617=VECTOR('',#2319,1.);
#618=VECTOR('',#2324,1.);
#619=VECTOR('',#2325,1.);
#620=VECTOR('',#2328,1.);
#621=VECTOR('',#2333,1.);
#622=VECTOR('',#2334,1.);
#623=VECTOR('',#2335,1.);
#624=VECTOR('',#2336,1.);
#625=VECTOR('',#2341,1.);
#626=VECTOR('',#2342,1.);
#627=VECTOR('',#2343,1.);
#628=VECTOR('',#2346,1.);
#629=VECTOR('',#2349,1.);
#630=VECTOR('',#2354,1.);
#631=VECTOR('',#2355,1.);
#632=VECTOR('',#2356,1.);
#633=VECTOR('',#2359,1.);
#634=VECTOR('',#2362,1.);
#635=VECTOR('',#2367,1.);
#636=VECTOR('',#2368,1.);
#637=VECTOR('',#2369,1.);
#638=VECTOR('',#2370,1.);
#639=VECTOR('',#2371,1.);
#640=VECTOR('',#2374,1.);
#641=VECTOR('',#2377,1.);
#642=VECTOR('',#2378,1.);
#643=VECTOR('',#2381,1.);
#644=VECTOR('',#2382,1.);
#645=VECTOR('',#2383,1.);
#646=VECTOR('',#2384,1.);
#647=VECTOR('',#2385,1.);
#648=VECTOR('',#2388,1.);
#649=VECTOR('',#2391,1.);
#650=VECTOR('',#2392,1.);
#651=VECTOR('',#2395,1.);
#652=VECTOR('',#2400,1.);
#653=VECTOR('',#2401,1.);
#654=VECTOR('',#2402,1.);
#655=VECTOR('',#2403,1.);
#656=VECTOR('',#2408,1.);
#657=VECTOR('',#2409,1.);
#658=VECTOR('',#2410,1.);
#659=VECTOR('',#2411,1.);
#660=VECTOR('',#2412,1.);
#661=VECTOR('',#2417,1.);
#662=VECTOR('',#2418,1.);
#663=VECTOR('',#2419,1.);
#664=VECTOR('',#2422,1.);
#665=VECTOR('',#2425,1.);
#666=VECTOR('',#2428,1.);
#667=VECTOR('',#2437,1.);
#668=VECTOR('',#2438,1.);
#669=VECTOR('',#2441,1.);
#670=VECTOR('',#2444,1.);
#671=VECTOR('',#2449,1.);
#672=VECTOR('',#2452,1.);
#673=VECTOR('',#2453,1.);
#674=VECTOR('',#2456,1.);
#675=VECTOR('',#2459,1.);
#676=VECTOR('',#2464,1.);
#677=VECTOR('',#2465,1.);
#678=VECTOR('',#2470,1.);
#679=VECTOR('',#2471,1.);
#680=VECTOR('',#2476,1.);
#681=VECTOR('',#2479,1.);
#682=VECTOR('',#2480,1.);
#683=VECTOR('',#2485,1.);
#684=VECTOR('',#2488,1.);
#685=VECTOR('',#2489,1.);
#686=VECTOR('',#2494,1.);
#687=VECTOR('',#2497,1.);
#688=VECTOR('',#2502,1.);
#689=VECTOR('',#2507,1.);
#690=VECTOR('',#2510,1.);
#691=VECTOR('',#2513,1.);
#692=VECTOR('',#2520,1.);
#693=VECTOR('',#2523,1.);
#694=VECTOR('',#2526,1.);
#695=VECTOR('',#2529,1.);
#696=VECTOR('',#2532,1.);
#697=VECTOR('',#2535,1.);
#698=VECTOR('',#2538,1.);
#699=VECTOR('',#2541,1.);
#700=VECTOR('',#2544,1.);
#701=VECTOR('',#2547,1.);
#702=VECTOR('',#2558,1.);
#703=VECTOR('',#2561,1.);
#704=VECTOR('',#2564,1.);
#705=VERTEX_POINT('',#2569);
#706=VERTEX_POINT('',#2570);
#707=VERTEX_POINT('',#2572);
#708=VERTEX_POINT('',#2574);
#709=VERTEX_POINT('',#2576);
#710=VERTEX_POINT('',#2578);
#711=VERTEX_POINT('',#2580);
#712=VERTEX_POINT('',#2582);
#713=VERTEX_POINT('',#2584);
#714=VERTEX_POINT('',#2586);
#715=VERTEX_POINT('',#2590);
#716=VERTEX_POINT('',#2591);
#717=VERTEX_POINT('',#2593);
#718=VERTEX_POINT('',#2595);
#719=VERTEX_POINT('',#2597);
#720=VERTEX_POINT('',#2599);
#721=VERTEX_POINT('',#2601);
#722=VERTEX_POINT('',#2603);
#723=VERTEX_POINT('',#2605);
#724=VERTEX_POINT('',#2607);
#725=VERTEX_POINT('',#2611);
#726=VERTEX_POINT('',#2612);
#727=VERTEX_POINT('',#2614);
#728=VERTEX_POINT('',#2617);
#729=VERTEX_POINT('',#2619);
#730=VERTEX_POINT('',#2624);
#731=VERTEX_POINT('',#2626);
#732=VERTEX_POINT('',#2629);
#733=VERTEX_POINT('',#2631);
#734=VERTEX_POINT('',#2633);
#735=VERTEX_POINT('',#2637);
#736=VERTEX_POINT('',#2638);
#737=VERTEX_POINT('',#2640);
#738=VERTEX_POINT('',#2642);
#739=VERTEX_POINT('',#2644);
#740=VERTEX_POINT('',#2646);
#741=VERTEX_POINT('',#2648);
#742=VERTEX_POINT('',#2650);
#743=VERTEX_POINT('',#2652);
#744=VERTEX_POINT('',#2654);
#745=VERTEX_POINT('',#2656);
#746=VERTEX_POINT('',#2661);
#747=VERTEX_POINT('',#2663);
#748=VERTEX_POINT('',#2665);
#749=VERTEX_POINT('',#2667);
#750=VERTEX_POINT('',#2669);
#751=VERTEX_POINT('',#2671);
#752=VERTEX_POINT('',#2673);
#753=VERTEX_POINT('',#2675);
#754=VERTEX_POINT('',#2686);
#755=VERTEX_POINT('',#2691);
#756=VERTEX_POINT('',#2696);
#757=VERTEX_POINT('',#2700);
#758=VERTEX_POINT('',#2704);
#759=VERTEX_POINT('',#2708);
#760=VERTEX_POINT('',#2712);
#761=VERTEX_POINT('',#2716);
#762=VERTEX_POINT('',#2723);
#763=VERTEX_POINT('',#2725);
#764=VERTEX_POINT('',#2729);
#765=VERTEX_POINT('',#2731);
#766=VERTEX_POINT('',#2733);
#767=VERTEX_POINT('',#2735);
#768=VERTEX_POINT('',#2737);
#769=VERTEX_POINT('',#2739);
#770=VERTEX_POINT('',#2741);
#771=VERTEX_POINT('',#2842);
#772=VERTEX_POINT('',#2843);
#773=VERTEX_POINT('',#2848);
#774=VERTEX_POINT('',#2850);
#775=VERTEX_POINT('',#2857);
#776=VERTEX_POINT('',#2860);
#777=VERTEX_POINT('',#2861);
#778=VERTEX_POINT('',#2863);
#779=VERTEX_POINT('',#3749);
#780=VERTEX_POINT('',#3750);
#781=VERTEX_POINT('',#3752);
#782=VERTEX_POINT('',#3787);
#783=VERTEX_POINT('',#3792);
#784=VERTEX_POINT('',#3793);
#785=VERTEX_POINT('',#3795);
#786=VERTEX_POINT('',#3797);
#787=VERTEX_POINT('',#3799);
#788=VERTEX_POINT('',#3801);
#789=VERTEX_POINT('',#3803);
#790=VERTEX_POINT('',#3805);
#791=VERTEX_POINT('',#3809);
#792=VERTEX_POINT('',#3810);
#793=VERTEX_POINT('',#3812);
#794=VERTEX_POINT('',#3814);
#795=VERTEX_POINT('',#3816);
#796=VERTEX_POINT('',#3818);
#797=VERTEX_POINT('',#3820);
#798=VERTEX_POINT('',#3822);
#799=VERTEX_POINT('',#3825);
#800=VERTEX_POINT('',#3827);
#801=VERTEX_POINT('',#3830);
#802=VERTEX_POINT('',#3832);
#803=VERTEX_POINT('',#3836);
#804=VERTEX_POINT('',#3838);
#805=VERTEX_POINT('',#3842);
#806=VERTEX_POINT('',#3848);
#807=VERTEX_POINT('',#3852);
#808=VERTEX_POINT('',#3856);
#809=VERTEX_POINT('',#3860);
#810=VERTEX_POINT('',#3861);
#811=VERTEX_POINT('',#3868);
#812=VERTEX_POINT('',#3870);
#813=VERTEX_POINT('',#3879);
#814=VERTEX_POINT('',#3881);
#815=VERTEX_POINT('',#3890);
#816=VERTEX_POINT('',#3891);
#817=VERTEX_POINT('',#3893);
#818=VERTEX_POINT('',#3895);
#819=VERTEX_POINT('',#3897);
#820=VERTEX_POINT('',#3899);
#821=VERTEX_POINT('',#3901);
#822=VERTEX_POINT('',#3903);
#823=VERTEX_POINT('',#3905);
#824=VERTEX_POINT('',#3907);
#825=VERTEX_POINT('',#3911);
#826=VERTEX_POINT('',#3912);
#827=VERTEX_POINT('',#3914);
#828=VERTEX_POINT('',#3916);
#829=VERTEX_POINT('',#3918);
#830=VERTEX_POINT('',#3920);
#831=VERTEX_POINT('',#3922);
#832=VERTEX_POINT('',#3924);
#833=VERTEX_POINT('',#3926);
#834=VERTEX_POINT('',#3928);
#835=VERTEX_POINT('',#3932);
#836=VERTEX_POINT('',#3933);
#837=VERTEX_POINT('',#3936);
#838=VERTEX_POINT('',#3938);
#839=VERTEX_POINT('',#3941);
#840=VERTEX_POINT('',#3945);
#841=VERTEX_POINT('',#3947);
#842=VERTEX_POINT('',#3949);
#843=VERTEX_POINT('',#3952);
#844=VERTEX_POINT('',#3954);
#845=VERTEX_POINT('',#3958);
#846=VERTEX_POINT('',#3959);
#847=VERTEX_POINT('',#3962);
#848=VERTEX_POINT('',#3964);
#849=VERTEX_POINT('',#3966);
#850=VERTEX_POINT('',#3968);
#851=VERTEX_POINT('',#3970);
#852=VERTEX_POINT('',#3972);
#853=VERTEX_POINT('',#3974);
#854=VERTEX_POINT('',#3976);
#855=VERTEX_POINT('',#3978);
#856=VERTEX_POINT('',#3982);
#857=VERTEX_POINT('',#3984);
#858=VERTEX_POINT('',#3986);
#859=VERTEX_POINT('',#3988);
#860=VERTEX_POINT('',#3990);
#861=VERTEX_POINT('',#3992);
#862=VERTEX_POINT('',#3994);
#863=VERTEX_POINT('',#3996);
#864=VERTEX_POINT('',#4008);
#865=VERTEX_POINT('',#4013);
#866=VERTEX_POINT('',#4017);
#867=VERTEX_POINT('',#4021);
#868=VERTEX_POINT('',#4025);
#869=VERTEX_POINT('',#4029);
#870=VERTEX_POINT('',#4033);
#871=VERTEX_POINT('',#4037);
#872=VERTEX_POINT('',#4044);
#873=VERTEX_POINT('',#4046);
#874=VERTEX_POINT('',#4051);
#875=VERTEX_POINT('',#4053);
#876=VERTEX_POINT('',#4055);
#877=VERTEX_POINT('',#4057);
#878=VERTEX_POINT('',#4059);
#879=VERTEX_POINT('',#4061);
#880=VERTEX_POINT('',#4063);
#881=EDGE_CURVE('',#705,#706,#341,.T.);
#882=EDGE_CURVE('',#707,#706,#342,.T.);
#883=EDGE_CURVE('',#707,#708,#343,.T.);
#884=EDGE_CURVE('',#708,#709,#267,.T.);
#885=EDGE_CURVE('',#709,#710,#344,.T.);
#886=EDGE_CURVE('',#710,#711,#268,.T.);
#887=EDGE_CURVE('',#711,#712,#345,.T.);
#888=EDGE_CURVE('',#713,#712,#346,.T.);
#889=EDGE_CURVE('',#713,#714,#347,.T.);
#890=EDGE_CURVE('',#705,#714,#348,.T.);
#891=EDGE_CURVE('',#715,#716,#349,.T.);
#892=EDGE_CURVE('',#715,#717,#350,.T.);
#893=EDGE_CURVE('',#718,#717,#351,.T.);
#894=EDGE_CURVE('',#719,#718,#269,.T.);
#895=EDGE_CURVE('',#720,#719,#352,.T.);
#896=EDGE_CURVE('',#721,#720,#270,.T.);
#897=EDGE_CURVE('',#722,#721,#353,.T.);
#898=EDGE_CURVE('',#722,#723,#354,.T.);
#899=EDGE_CURVE('',#724,#723,#355,.T.);
#900=EDGE_CURVE('',#716,#724,#356,.T.);
#901=EDGE_CURVE('',#725,#726,#357,.T.);
#902=EDGE_CURVE('',#727,#725,#358,.T.);
#903=EDGE_CURVE('',#727,#724,#359,.T.);
#904=EDGE_CURVE('',#723,#728,#360,.T.);
#905=EDGE_CURVE('',#729,#728,#361,.T.);
#906=EDGE_CURVE('',#706,#729,#271,.T.);
#907=EDGE_CURVE('',#726,#705,#272,.T.);
#908=EDGE_CURVE('',#730,#713,#273,.T.);
#909=EDGE_CURVE('',#731,#730,#362,.T.);
#910=EDGE_CURVE('',#731,#715,#363,.T.);
#911=EDGE_CURVE('',#716,#732,#364,.T.);
#912=EDGE_CURVE('',#733,#732,#365,.T.);
#913=EDGE_CURVE('',#734,#733,#366,.T.);
#914=EDGE_CURVE('',#714,#734,#274,.T.);
#915=EDGE_CURVE('',#735,#736,#367,.T.);
#916=EDGE_CURVE('',#735,#737,#275,.T.);
#917=EDGE_CURVE('',#737,#738,#276,.T.);
#918=EDGE_CURVE('',#738,#739,#277,.T.);
#919=EDGE_CURVE('',#739,#740,#368,.T.);
#920=EDGE_CURVE('',#740,#741,#278,.T.);
#921=EDGE_CURVE('',#741,#742,#369,.T.);
#922=EDGE_CURVE('',#742,#743,#279,.T.);
#923=EDGE_CURVE('',#743,#744,#370,.T.);
#924=EDGE_CURVE('',#744,#745,#280,.T.);
#925=EDGE_CURVE('',#745,#731,#371,.T.);
#926=EDGE_CURVE('',#736,#730,#372,.T.);
#927=EDGE_CURVE('',#728,#746,#373,.T.);
#928=EDGE_CURVE('',#746,#747,#281,.T.);
#929=EDGE_CURVE('',#747,#748,#282,.T.);
#930=EDGE_CURVE('',#748,#749,#374,.T.);
#931=EDGE_CURVE('',#749,#750,#283,.T.);
#932=EDGE_CURVE('',#750,#751,#375,.T.);
#933=EDGE_CURVE('',#751,#752,#284,.T.);
#934=EDGE_CURVE('',#753,#752,#376,.T.);
#935=EDGE_CURVE('',#729,#753,#377,.T.);
#936=EDGE_CURVE('',#711,#718,#378,.T.);
#937=EDGE_CURVE('',#710,#719,#379,.T.);
#938=EDGE_CURVE('',#709,#720,#380,.T.);
#939=EDGE_CURVE('',#708,#721,#381,.T.);
#940=EDGE_CURVE('',#752,#754,#382,.T.);
#941=EDGE_CURVE('',#754,#722,#383,.T.);
#942=EDGE_CURVE('',#753,#707,#285,.T.);
#943=EDGE_CURVE('',#717,#755,#384,.T.);
#944=EDGE_CURVE('',#735,#755,#385,.T.);
#945=EDGE_CURVE('',#712,#736,#286,.T.);
#946=EDGE_CURVE('',#756,#754,#287,.T.);
#947=EDGE_CURVE('',#751,#756,#386,.T.);
#948=EDGE_CURVE('',#757,#756,#387,.T.);
#949=EDGE_CURVE('',#750,#757,#388,.T.);
#950=EDGE_CURVE('',#758,#757,#288,.T.);
#951=EDGE_CURVE('',#749,#758,#389,.T.);
#952=EDGE_CURVE('',#759,#758,#390,.T.);
#953=EDGE_CURVE('',#748,#759,#391,.T.);
#954=EDGE_CURVE('',#760,#759,#289,.T.);
#955=EDGE_CURVE('',#747,#760,#392,.T.);
#956=EDGE_CURVE('',#761,#760,#290,.T.);
#957=EDGE_CURVE('',#723,#761,#393,.T.);
#958=EDGE_CURVE('',#761,#746,#394,.T.);
#959=EDGE_CURVE('',#744,#762,#395,.T.);
#960=EDGE_CURVE('',#762,#763,#291,.T.);
#961=EDGE_CURVE('',#745,#763,#396,.T.);
#962=EDGE_CURVE('',#764,#762,#397,.T.);
#963=EDGE_CURVE('',#765,#764,#292,.T.);
#964=EDGE_CURVE('',#766,#765,#398,.T.);
#965=EDGE_CURVE('',#767,#766,#293,.T.);
#966=EDGE_CURVE('',#768,#767,#399,.T.);
#967=EDGE_CURVE('',#769,#768,#294,.T.);
#968=EDGE_CURVE('',#770,#769,#295,.T.);
#969=EDGE_CURVE('',#755,#770,#296,.T.);
#970=EDGE_CURVE('',#763,#715,#400,.T.);
#971=EDGE_CURVE('',#743,#764,#401,.T.);
#972=EDGE_CURVE('',#742,#765,#402,.T.);
#973=EDGE_CURVE('',#741,#766,#403,.T.);
#974=EDGE_CURVE('',#740,#767,#404,.T.);
#975=EDGE_CURVE('',#739,#768,#405,.T.);
#976=EDGE_CURVE('',#738,#769,#406,.T.);
#977=EDGE_CURVE('',#737,#770,#407,.T.);
#978=EDGE_CURVE('',#732,#727,#408,.T.);
#979=EDGE_CURVE('',#733,#725,#409,.T.);
#980=EDGE_CURVE('',#734,#726,#410,.T.);
#981=EDGE_CURVE('',#771,#772,#19,.T.);
#982=EDGE_CURVE('',#771,#773,#297,.T.);
#983=EDGE_CURVE('',#773,#774,#20,.T.);
#984=EDGE_CURVE('',#772,#774,#298,.T.);
#985=EDGE_CURVE('',#775,#775,#299,.T.);
#986=EDGE_CURVE('',#776,#777,#13,.T.);
#987=EDGE_CURVE('',#777,#778,#14,.T.);
#988=EDGE_CURVE('',#778,#776,#15,.T.);
#989=EDGE_CURVE('',#776,#775,#411,.T.);
#990=EDGE_CURVE('',#774,#772,#300,.T.);
#991=EDGE_CURVE('',#772,#776,#21,.T.);
#992=EDGE_CURVE('',#773,#771,#301,.T.);
#993=EDGE_CURVE('',#779,#780,#16,.T.);
#994=EDGE_CURVE('',#780,#781,#17,.T.);
#995=EDGE_CURVE('',#781,#779,#18,.T.);
#996=EDGE_CURVE('',#779,#771,#22,.T.);
#997=EDGE_CURVE('',#782,#782,#302,.T.);
#998=EDGE_CURVE('',#782,#779,#412,.T.);
#999=EDGE_CURVE('',#783,#784,#413,.T.);
#1000=EDGE_CURVE('',#784,#785,#414,.T.);
#1001=EDGE_CURVE('',#785,#786,#415,.T.);
#1002=EDGE_CURVE('',#787,#786,#416,.T.);
#1003=EDGE_CURVE('',#788,#787,#417,.T.);
#1004=EDGE_CURVE('',#788,#789,#418,.T.);
#1005=EDGE_CURVE('',#789,#790,#419,.T.);
#1006=EDGE_CURVE('',#790,#783,#420,.T.);
#1007=EDGE_CURVE('',#791,#792,#421,.T.);
#1008=EDGE_CURVE('',#791,#793,#422,.T.);
#1009=EDGE_CURVE('',#793,#794,#423,.T.);
#1010=EDGE_CURVE('',#794,#795,#424,.T.);
#1011=EDGE_CURVE('',#796,#795,#425,.T.);
#1012=EDGE_CURVE('',#797,#796,#303,.T.);
#1013=EDGE_CURVE('',#798,#797,#426,.T.);
#1014=EDGE_CURVE('',#786,#798,#304,.T.);
#1015=EDGE_CURVE('',#785,#799,#427,.T.);
#1016=EDGE_CURVE('',#799,#800,#428,.T.);
#1017=EDGE_CURVE('',#800,#790,#429,.T.);
#1018=EDGE_CURVE('',#801,#789,#305,.T.);
#1019=EDGE_CURVE('',#802,#801,#430,.T.);
#1020=EDGE_CURVE('',#792,#802,#306,.T.);
#1021=EDGE_CURVE('',#803,#802,#431,.T.);
#1022=EDGE_CURVE('',#804,#803,#307,.T.);
#1023=EDGE_CURVE('',#804,#792,#432,.T.);
#1024=EDGE_CURVE('',#805,#801,#433,.T.);
#1025=EDGE_CURVE('',#803,#805,#434,.T.);
#1026=EDGE_CURVE('',#805,#788,#308,.T.);
#1027=EDGE_CURVE('',#806,#798,#435,.T.);
#1028=EDGE_CURVE('',#787,#806,#309,.T.);
#1029=EDGE_CURVE('',#807,#797,#436,.T.);
#1030=EDGE_CURVE('',#806,#807,#437,.T.);
#1031=EDGE_CURVE('',#808,#796,#438,.T.);
#1032=EDGE_CURVE('',#807,#808,#310,.T.);
#1033=EDGE_CURVE('',#809,#810,#439,.T.);
#1034=EDGE_CURVE('',#809,#791,#440,.T.);
#1035=EDGE_CURVE('',#808,#804,#441,.T.);
#1036=EDGE_CURVE('',#795,#810,#442,.T.);
#1037=EDGE_CURVE('',#811,#783,#443,.T.);
#1038=EDGE_CURVE('',#812,#811,#444,.T.);
#1039=EDGE_CURVE('',#784,#812,#445,.T.);
#1040=EDGE_CURVE('',#811,#800,#446,.T.);
#1041=EDGE_CURVE('',#812,#799,#447,.T.);
#1042=EDGE_CURVE('',#810,#813,#448,.T.);
#1043=EDGE_CURVE('',#813,#814,#449,.T.);
#1044=EDGE_CURVE('',#814,#809,#450,.T.);
#1045=EDGE_CURVE('',#813,#794,#451,.T.);
#1046=EDGE_CURVE('',#814,#793,#452,.T.);
#1047=EDGE_CURVE('',#815,#816,#453,.T.);
#1048=EDGE_CURVE('',#815,#817,#454,.T.);
#1049=EDGE_CURVE('',#818,#817,#455,.T.);
#1050=EDGE_CURVE('',#818,#819,#456,.T.);
#1051=EDGE_CURVE('',#820,#819,#457,.T.);
#1052=EDGE_CURVE('',#821,#820,#311,.T.);
#1053=EDGE_CURVE('',#822,#821,#458,.T.);
#1054=EDGE_CURVE('',#823,#822,#312,.T.);
#1055=EDGE_CURVE('',#824,#823,#459,.T.);
#1056=EDGE_CURVE('',#824,#816,#460,.T.);
#1057=EDGE_CURVE('',#825,#826,#461,.T.);
#1058=EDGE_CURVE('',#826,#827,#462,.T.);
#1059=EDGE_CURVE('',#827,#828,#463,.T.);
#1060=EDGE_CURVE('',#829,#828,#464,.T.);
#1061=EDGE_CURVE('',#829,#830,#465,.T.);
#1062=EDGE_CURVE('',#830,#831,#313,.T.);
#1063=EDGE_CURVE('',#831,#832,#466,.T.);
#1064=EDGE_CURVE('',#832,#833,#314,.T.);
#1065=EDGE_CURVE('',#833,#834,#467,.T.);
#1066=EDGE_CURVE('',#825,#834,#468,.T.);
#1067=EDGE_CURVE('',#835,#836,#469,.T.);
#1068=EDGE_CURVE('',#836,#815,#315,.T.);
#1069=EDGE_CURVE('',#816,#837,#316,.T.);
#1070=EDGE_CURVE('',#837,#838,#470,.T.);
#1071=EDGE_CURVE('',#828,#838,#471,.T.);
#1072=EDGE_CURVE('',#839,#827,#472,.T.);
#1073=EDGE_CURVE('',#839,#835,#473,.T.);
#1074=EDGE_CURVE('',#817,#840,#317,.T.);
#1075=EDGE_CURVE('',#840,#841,#474,.T.);
#1076=EDGE_CURVE('',#841,#842,#475,.T.);
#1077=EDGE_CURVE('',#826,#842,#476,.T.);
#1078=EDGE_CURVE('',#843,#825,#477,.T.);
#1079=EDGE_CURVE('',#843,#844,#478,.T.);
#1080=EDGE_CURVE('',#844,#818,#318,.T.);
#1081=EDGE_CURVE('',#845,#846,#479,.T.);
#1082=EDGE_CURVE('',#846,#844,#480,.T.);
#1083=EDGE_CURVE('',#847,#843,#481,.T.);
#1084=EDGE_CURVE('',#848,#847,#319,.T.);
#1085=EDGE_CURVE('',#849,#848,#482,.T.);
#1086=EDGE_CURVE('',#850,#849,#320,.T.);
#1087=EDGE_CURVE('',#851,#850,#483,.T.);
#1088=EDGE_CURVE('',#852,#851,#321,.T.);
#1089=EDGE_CURVE('',#853,#852,#484,.T.);
#1090=EDGE_CURVE('',#854,#853,#322,.T.);
#1091=EDGE_CURVE('',#855,#854,#323,.T.);
#1092=EDGE_CURVE('',#845,#855,#324,.T.);
#1093=EDGE_CURVE('',#837,#856,#485,.T.);
#1094=EDGE_CURVE('',#856,#857,#486,.T.);
#1095=EDGE_CURVE('',#858,#857,#325,.T.);
#1096=EDGE_CURVE('',#859,#858,#487,.T.);
#1097=EDGE_CURVE('',#860,#859,#326,.T.);
#1098=EDGE_CURVE('',#861,#860,#488,.T.);
#1099=EDGE_CURVE('',#862,#861,#327,.T.);
#1100=EDGE_CURVE('',#863,#862,#328,.T.);
#1101=EDGE_CURVE('',#838,#863,#489,.T.);
#1102=EDGE_CURVE('',#821,#832,#490,.T.);
#1103=EDGE_CURVE('',#820,#833,#491,.T.);
#1104=EDGE_CURVE('',#822,#831,#492,.T.);
#1105=EDGE_CURVE('',#823,#830,#493,.T.);
#1106=EDGE_CURVE('',#856,#824,#329,.T.);
#1107=EDGE_CURVE('',#864,#829,#494,.T.);
#1108=EDGE_CURVE('',#857,#864,#495,.T.);
#1109=EDGE_CURVE('',#819,#846,#330,.T.);
#1110=EDGE_CURVE('',#845,#865,#496,.T.);
#1111=EDGE_CURVE('',#834,#865,#497,.T.);
#1112=EDGE_CURVE('',#866,#864,#331,.T.);
#1113=EDGE_CURVE('',#858,#866,#498,.T.);
#1114=EDGE_CURVE('',#867,#866,#499,.T.);
#1115=EDGE_CURVE('',#859,#867,#500,.T.);
#1116=EDGE_CURVE('',#868,#867,#332,.T.);
#1117=EDGE_CURVE('',#860,#868,#501,.T.);
#1118=EDGE_CURVE('',#869,#868,#502,.T.);
#1119=EDGE_CURVE('',#861,#869,#503,.T.);
#1120=EDGE_CURVE('',#870,#869,#333,.T.);
#1121=EDGE_CURVE('',#862,#870,#504,.T.);
#1122=EDGE_CURVE('',#828,#871,#505,.T.);
#1123=EDGE_CURVE('',#871,#870,#334,.T.);
#1124=EDGE_CURVE('',#871,#863,#506,.T.);
#1125=EDGE_CURVE('',#847,#872,#507,.T.);
#1126=EDGE_CURVE('',#873,#872,#335,.T.);
#1127=EDGE_CURVE('',#848,#873,#508,.T.);
#1128=EDGE_CURVE('',#872,#825,#509,.T.);
#1129=EDGE_CURVE('',#865,#874,#336,.T.);
#1130=EDGE_CURVE('',#874,#875,#337,.T.);
#1131=EDGE_CURVE('',#875,#876,#338,.T.);
#1132=EDGE_CURVE('',#876,#877,#510,.T.);
#1133=EDGE_CURVE('',#877,#878,#339,.T.);
#1134=EDGE_CURVE('',#878,#879,#511,.T.);
#1135=EDGE_CURVE('',#879,#880,#340,.T.);
#1136=EDGE_CURVE('',#880,#873,#512,.T.);
#1137=EDGE_CURVE('',#849,#880,#513,.T.);
#1138=EDGE_CURVE('',#850,#879,#514,.T.);
#1139=EDGE_CURVE('',#851,#878,#515,.T.);
#1140=EDGE_CURVE('',#852,#877,#516,.T.);
#1141=EDGE_CURVE('',#853,#876,#517,.T.);
#1142=EDGE_CURVE('',#854,#875,#518,.T.);
#1143=EDGE_CURVE('',#855,#874,#519,.T.);
#1144=EDGE_CURVE('',#842,#839,#520,.T.);
#1145=EDGE_CURVE('',#841,#835,#521,.T.);
#1146=EDGE_CURVE('',#840,#836,#522,.T.);
#1147=ORIENTED_EDGE('',*,*,#881,.T.);
#1148=ORIENTED_EDGE('',*,*,#882,.F.);
#1149=ORIENTED_EDGE('',*,*,#883,.T.);
#1150=ORIENTED_EDGE('',*,*,#884,.T.);
#1151=ORIENTED_EDGE('',*,*,#885,.T.);
#1152=ORIENTED_EDGE('',*,*,#886,.T.);
#1153=ORIENTED_EDGE('',*,*,#887,.T.);
#1154=ORIENTED_EDGE('',*,*,#888,.F.);
#1155=ORIENTED_EDGE('',*,*,#889,.T.);
#1156=ORIENTED_EDGE('',*,*,#890,.F.);
#1157=ORIENTED_EDGE('',*,*,#891,.F.);
#1158=ORIENTED_EDGE('',*,*,#892,.T.);
#1159=ORIENTED_EDGE('',*,*,#893,.F.);
#1160=ORIENTED_EDGE('',*,*,#894,.F.);
#1161=ORIENTED_EDGE('',*,*,#895,.F.);
#1162=ORIENTED_EDGE('',*,*,#896,.F.);
#1163=ORIENTED_EDGE('',*,*,#897,.F.);
#1164=ORIENTED_EDGE('',*,*,#898,.T.);
#1165=ORIENTED_EDGE('',*,*,#899,.F.);
#1166=ORIENTED_EDGE('',*,*,#900,.F.);
#1167=ORIENTED_EDGE('',*,*,#901,.F.);
#1168=ORIENTED_EDGE('',*,*,#902,.F.);
#1169=ORIENTED_EDGE('',*,*,#903,.T.);
#1170=ORIENTED_EDGE('',*,*,#899,.T.);
#1171=ORIENTED_EDGE('',*,*,#904,.T.);
#1172=ORIENTED_EDGE('',*,*,#905,.F.);
#1173=ORIENTED_EDGE('',*,*,#906,.F.);
#1174=ORIENTED_EDGE('',*,*,#881,.F.);
#1175=ORIENTED_EDGE('',*,*,#907,.F.);
#1176=ORIENTED_EDGE('',*,*,#889,.F.);
#1177=ORIENTED_EDGE('',*,*,#908,.F.);
#1178=ORIENTED_EDGE('',*,*,#909,.F.);
#1179=ORIENTED_EDGE('',*,*,#910,.T.);
#1180=ORIENTED_EDGE('',*,*,#891,.T.);
#1181=ORIENTED_EDGE('',*,*,#911,.T.);
#1182=ORIENTED_EDGE('',*,*,#912,.F.);
#1183=ORIENTED_EDGE('',*,*,#913,.F.);
#1184=ORIENTED_EDGE('',*,*,#914,.F.);
#1185=ORIENTED_EDGE('',*,*,#915,.F.);
#1186=ORIENTED_EDGE('',*,*,#916,.T.);
#1187=ORIENTED_EDGE('',*,*,#917,.T.);
#1188=ORIENTED_EDGE('',*,*,#918,.T.);
#1189=ORIENTED_EDGE('',*,*,#919,.T.);
#1190=ORIENTED_EDGE('',*,*,#920,.T.);
#1191=ORIENTED_EDGE('',*,*,#921,.T.);
#1192=ORIENTED_EDGE('',*,*,#922,.T.);
#1193=ORIENTED_EDGE('',*,*,#923,.T.);
#1194=ORIENTED_EDGE('',*,*,#924,.T.);
#1195=ORIENTED_EDGE('',*,*,#925,.T.);
#1196=ORIENTED_EDGE('',*,*,#909,.T.);
#1197=ORIENTED_EDGE('',*,*,#926,.F.);
#1198=ORIENTED_EDGE('',*,*,#905,.T.);
#1199=ORIENTED_EDGE('',*,*,#927,.T.);
#1200=ORIENTED_EDGE('',*,*,#928,.T.);
#1201=ORIENTED_EDGE('',*,*,#929,.T.);
#1202=ORIENTED_EDGE('',*,*,#930,.T.);
#1203=ORIENTED_EDGE('',*,*,#931,.T.);
#1204=ORIENTED_EDGE('',*,*,#932,.T.);
#1205=ORIENTED_EDGE('',*,*,#933,.T.);
#1206=ORIENTED_EDGE('',*,*,#934,.F.);
#1207=ORIENTED_EDGE('',*,*,#935,.F.);
#1208=ORIENTED_EDGE('',*,*,#894,.T.);
#1209=ORIENTED_EDGE('',*,*,#936,.F.);
#1210=ORIENTED_EDGE('',*,*,#886,.F.);
#1211=ORIENTED_EDGE('',*,*,#937,.T.);
#1212=ORIENTED_EDGE('',*,*,#895,.T.);
#1213=ORIENTED_EDGE('',*,*,#937,.F.);
#1214=ORIENTED_EDGE('',*,*,#885,.F.);
#1215=ORIENTED_EDGE('',*,*,#938,.T.);
#1216=ORIENTED_EDGE('',*,*,#896,.T.);
#1217=ORIENTED_EDGE('',*,*,#938,.F.);
#1218=ORIENTED_EDGE('',*,*,#884,.F.);
#1219=ORIENTED_EDGE('',*,*,#939,.T.);
#1220=ORIENTED_EDGE('',*,*,#934,.T.);
#1221=ORIENTED_EDGE('',*,*,#940,.T.);
#1222=ORIENTED_EDGE('',*,*,#941,.T.);
#1223=ORIENTED_EDGE('',*,*,#897,.T.);
#1224=ORIENTED_EDGE('',*,*,#939,.F.);
#1225=ORIENTED_EDGE('',*,*,#883,.F.);
#1226=ORIENTED_EDGE('',*,*,#942,.F.);
#1227=ORIENTED_EDGE('',*,*,#887,.F.);
#1228=ORIENTED_EDGE('',*,*,#936,.T.);
#1229=ORIENTED_EDGE('',*,*,#893,.T.);
#1230=ORIENTED_EDGE('',*,*,#943,.T.);
#1231=ORIENTED_EDGE('',*,*,#944,.F.);
#1232=ORIENTED_EDGE('',*,*,#915,.T.);
#1233=ORIENTED_EDGE('',*,*,#945,.F.);
#1234=ORIENTED_EDGE('',*,*,#946,.T.);
#1235=ORIENTED_EDGE('',*,*,#940,.F.);
#1236=ORIENTED_EDGE('',*,*,#933,.F.);
#1237=ORIENTED_EDGE('',*,*,#947,.T.);
#1238=ORIENTED_EDGE('',*,*,#948,.T.);
#1239=ORIENTED_EDGE('',*,*,#947,.F.);
#1240=ORIENTED_EDGE('',*,*,#932,.F.);
#1241=ORIENTED_EDGE('',*,*,#949,.T.);
#1242=ORIENTED_EDGE('',*,*,#950,.T.);
#1243=ORIENTED_EDGE('',*,*,#949,.F.);
#1244=ORIENTED_EDGE('',*,*,#931,.F.);
#1245=ORIENTED_EDGE('',*,*,#951,.T.);
#1246=ORIENTED_EDGE('',*,*,#952,.T.);
#1247=ORIENTED_EDGE('',*,*,#951,.F.);
#1248=ORIENTED_EDGE('',*,*,#930,.F.);
#1249=ORIENTED_EDGE('',*,*,#953,.T.);
#1250=ORIENTED_EDGE('',*,*,#954,.T.);
#1251=ORIENTED_EDGE('',*,*,#953,.F.);
#1252=ORIENTED_EDGE('',*,*,#929,.F.);
#1253=ORIENTED_EDGE('',*,*,#955,.T.);
#1254=ORIENTED_EDGE('',*,*,#941,.F.);
#1255=ORIENTED_EDGE('',*,*,#946,.F.);
#1256=ORIENTED_EDGE('',*,*,#948,.F.);
#1257=ORIENTED_EDGE('',*,*,#950,.F.);
#1258=ORIENTED_EDGE('',*,*,#952,.F.);
#1259=ORIENTED_EDGE('',*,*,#954,.F.);
#1260=ORIENTED_EDGE('',*,*,#956,.F.);
#1261=ORIENTED_EDGE('',*,*,#957,.F.);
#1262=ORIENTED_EDGE('',*,*,#898,.F.);
#1263=ORIENTED_EDGE('',*,*,#956,.T.);
#1264=ORIENTED_EDGE('',*,*,#955,.F.);
#1265=ORIENTED_EDGE('',*,*,#928,.F.);
#1266=ORIENTED_EDGE('',*,*,#958,.F.);
#1267=ORIENTED_EDGE('',*,*,#957,.T.);
#1268=ORIENTED_EDGE('',*,*,#958,.T.);
#1269=ORIENTED_EDGE('',*,*,#927,.F.);
#1270=ORIENTED_EDGE('',*,*,#904,.F.);
#1271=ORIENTED_EDGE('',*,*,#924,.F.);
#1272=ORIENTED_EDGE('',*,*,#959,.T.);
#1273=ORIENTED_EDGE('',*,*,#960,.T.);
#1274=ORIENTED_EDGE('',*,*,#961,.F.);
#1275=ORIENTED_EDGE('',*,*,#960,.F.);
#1276=ORIENTED_EDGE('',*,*,#962,.F.);
#1277=ORIENTED_EDGE('',*,*,#963,.F.);
#1278=ORIENTED_EDGE('',*,*,#964,.F.);
#1279=ORIENTED_EDGE('',*,*,#965,.F.);
#1280=ORIENTED_EDGE('',*,*,#966,.F.);
#1281=ORIENTED_EDGE('',*,*,#967,.F.);
#1282=ORIENTED_EDGE('',*,*,#968,.F.);
#1283=ORIENTED_EDGE('',*,*,#969,.F.);
#1284=ORIENTED_EDGE('',*,*,#943,.F.);
#1285=ORIENTED_EDGE('',*,*,#892,.F.);
#1286=ORIENTED_EDGE('',*,*,#970,.F.);
#1287=ORIENTED_EDGE('',*,*,#962,.T.);
#1288=ORIENTED_EDGE('',*,*,#959,.F.);
#1289=ORIENTED_EDGE('',*,*,#923,.F.);
#1290=ORIENTED_EDGE('',*,*,#971,.T.);
#1291=ORIENTED_EDGE('',*,*,#963,.T.);
#1292=ORIENTED_EDGE('',*,*,#971,.F.);
#1293=ORIENTED_EDGE('',*,*,#922,.F.);
#1294=ORIENTED_EDGE('',*,*,#972,.T.);
#1295=ORIENTED_EDGE('',*,*,#964,.T.);
#1296=ORIENTED_EDGE('',*,*,#972,.F.);
#1297=ORIENTED_EDGE('',*,*,#921,.F.);
#1298=ORIENTED_EDGE('',*,*,#973,.T.);
#1299=ORIENTED_EDGE('',*,*,#965,.T.);
#1300=ORIENTED_EDGE('',*,*,#973,.F.);
#1301=ORIENTED_EDGE('',*,*,#920,.F.);
#1302=ORIENTED_EDGE('',*,*,#974,.T.);
#1303=ORIENTED_EDGE('',*,*,#966,.T.);
#1304=ORIENTED_EDGE('',*,*,#974,.F.);
#1305=ORIENTED_EDGE('',*,*,#919,.F.);
#1306=ORIENTED_EDGE('',*,*,#975,.T.);
#1307=ORIENTED_EDGE('',*,*,#967,.T.);
#1308=ORIENTED_EDGE('',*,*,#975,.F.);
#1309=ORIENTED_EDGE('',*,*,#918,.F.);
#1310=ORIENTED_EDGE('',*,*,#976,.T.);
#1311=ORIENTED_EDGE('',*,*,#968,.T.);
#1312=ORIENTED_EDGE('',*,*,#976,.F.);
#1313=ORIENTED_EDGE('',*,*,#917,.F.);
#1314=ORIENTED_EDGE('',*,*,#977,.T.);
#1315=ORIENTED_EDGE('',*,*,#969,.T.);
#1316=ORIENTED_EDGE('',*,*,#977,.F.);
#1317=ORIENTED_EDGE('',*,*,#916,.F.);
#1318=ORIENTED_EDGE('',*,*,#944,.T.);
#1319=ORIENTED_EDGE('',*,*,#925,.F.);
#1320=ORIENTED_EDGE('',*,*,#961,.T.);
#1321=ORIENTED_EDGE('',*,*,#970,.T.);
#1322=ORIENTED_EDGE('',*,*,#910,.F.);
#1323=ORIENTED_EDGE('',*,*,#908,.T.);
#1324=ORIENTED_EDGE('',*,*,#888,.T.);
#1325=ORIENTED_EDGE('',*,*,#945,.T.);
#1326=ORIENTED_EDGE('',*,*,#926,.T.);
#1327=ORIENTED_EDGE('',*,*,#942,.T.);
#1328=ORIENTED_EDGE('',*,*,#882,.T.);
#1329=ORIENTED_EDGE('',*,*,#906,.T.);
#1330=ORIENTED_EDGE('',*,*,#935,.T.);
#1331=ORIENTED_EDGE('',*,*,#900,.T.);
#1332=ORIENTED_EDGE('',*,*,#903,.F.);
#1333=ORIENTED_EDGE('',*,*,#978,.F.);
#1334=ORIENTED_EDGE('',*,*,#911,.F.);
#1335=ORIENTED_EDGE('',*,*,#912,.T.);
#1336=ORIENTED_EDGE('',*,*,#978,.T.);
#1337=ORIENTED_EDGE('',*,*,#902,.T.);
#1338=ORIENTED_EDGE('',*,*,#979,.F.);
#1339=ORIENTED_EDGE('',*,*,#913,.T.);
#1340=ORIENTED_EDGE('',*,*,#979,.T.);
#1341=ORIENTED_EDGE('',*,*,#901,.T.);
#1342=ORIENTED_EDGE('',*,*,#980,.F.);
#1343=ORIENTED_EDGE('',*,*,#914,.T.);
#1344=ORIENTED_EDGE('',*,*,#980,.T.);
#1345=ORIENTED_EDGE('',*,*,#907,.T.);
#1346=ORIENTED_EDGE('',*,*,#890,.T.);
#1347=ORIENTED_EDGE('',*,*,#981,.F.);
#1348=ORIENTED_EDGE('',*,*,#982,.T.);
#1349=ORIENTED_EDGE('',*,*,#983,.T.);
#1350=ORIENTED_EDGE('',*,*,#984,.F.);
#1351=ORIENTED_EDGE('',*,*,#985,.T.);
#1352=ORIENTED_EDGE('',*,*,#986,.T.);
#1353=ORIENTED_EDGE('',*,*,#987,.T.);
#1354=ORIENTED_EDGE('',*,*,#988,.T.);
#1355=ORIENTED_EDGE('',*,*,#989,.T.);
#1356=ORIENTED_EDGE('',*,*,#985,.F.);
#1357=ORIENTED_EDGE('',*,*,#989,.F.);
#1358=ORIENTED_EDGE('',*,*,#984,.T.);
#1359=ORIENTED_EDGE('',*,*,#990,.T.);
#1360=ORIENTED_EDGE('',*,*,#991,.T.);
#1361=ORIENTED_EDGE('',*,*,#988,.F.);
#1362=ORIENTED_EDGE('',*,*,#987,.F.);
#1363=ORIENTED_EDGE('',*,*,#986,.F.);
#1364=ORIENTED_EDGE('',*,*,#991,.F.);
#1365=ORIENTED_EDGE('',*,*,#981,.T.);
#1366=ORIENTED_EDGE('',*,*,#990,.F.);
#1367=ORIENTED_EDGE('',*,*,#983,.F.);
#1368=ORIENTED_EDGE('',*,*,#992,.T.);
#1369=ORIENTED_EDGE('',*,*,#993,.T.);
#1370=ORIENTED_EDGE('',*,*,#994,.T.);
#1371=ORIENTED_EDGE('',*,*,#995,.T.);
#1372=ORIENTED_EDGE('',*,*,#996,.T.);
#1373=ORIENTED_EDGE('',*,*,#992,.F.);
#1374=ORIENTED_EDGE('',*,*,#982,.F.);
#1375=ORIENTED_EDGE('',*,*,#996,.F.);
#1376=ORIENTED_EDGE('',*,*,#997,.T.);
#1377=ORIENTED_EDGE('',*,*,#997,.F.);
#1378=ORIENTED_EDGE('',*,*,#998,.T.);
#1379=ORIENTED_EDGE('',*,*,#995,.F.);
#1380=ORIENTED_EDGE('',*,*,#994,.F.);
#1381=ORIENTED_EDGE('',*,*,#993,.F.);
#1382=ORIENTED_EDGE('',*,*,#998,.F.);
#1383=ORIENTED_EDGE('',*,*,#999,.T.);
#1384=ORIENTED_EDGE('',*,*,#1000,.T.);
#1385=ORIENTED_EDGE('',*,*,#1001,.T.);
#1386=ORIENTED_EDGE('',*,*,#1002,.F.);
#1387=ORIENTED_EDGE('',*,*,#1003,.F.);
#1388=ORIENTED_EDGE('',*,*,#1004,.T.);
#1389=ORIENTED_EDGE('',*,*,#1005,.T.);
#1390=ORIENTED_EDGE('',*,*,#1006,.T.);
#1391=ORIENTED_EDGE('',*,*,#1007,.F.);
#1392=ORIENTED_EDGE('',*,*,#1008,.T.);
#1393=ORIENTED_EDGE('',*,*,#1009,.T.);
#1394=ORIENTED_EDGE('',*,*,#1010,.T.);
#1395=ORIENTED_EDGE('',*,*,#1011,.F.);
#1396=ORIENTED_EDGE('',*,*,#1012,.F.);
#1397=ORIENTED_EDGE('',*,*,#1013,.F.);
#1398=ORIENTED_EDGE('',*,*,#1014,.F.);
#1399=ORIENTED_EDGE('',*,*,#1001,.F.);
#1400=ORIENTED_EDGE('',*,*,#1015,.T.);
#1401=ORIENTED_EDGE('',*,*,#1016,.T.);
#1402=ORIENTED_EDGE('',*,*,#1017,.T.);
#1403=ORIENTED_EDGE('',*,*,#1005,.F.);
#1404=ORIENTED_EDGE('',*,*,#1018,.F.);
#1405=ORIENTED_EDGE('',*,*,#1019,.F.);
#1406=ORIENTED_EDGE('',*,*,#1020,.F.);
#1407=ORIENTED_EDGE('',*,*,#1020,.T.);
#1408=ORIENTED_EDGE('',*,*,#1021,.F.);
#1409=ORIENTED_EDGE('',*,*,#1022,.F.);
#1410=ORIENTED_EDGE('',*,*,#1023,.T.);
#1411=ORIENTED_EDGE('',*,*,#1019,.T.);
#1412=ORIENTED_EDGE('',*,*,#1024,.F.);
#1413=ORIENTED_EDGE('',*,*,#1025,.F.);
#1414=ORIENTED_EDGE('',*,*,#1021,.T.);
#1415=ORIENTED_EDGE('',*,*,#1018,.T.);
#1416=ORIENTED_EDGE('',*,*,#1004,.F.);
#1417=ORIENTED_EDGE('',*,*,#1026,.F.);
#1418=ORIENTED_EDGE('',*,*,#1024,.T.);
#1419=ORIENTED_EDGE('',*,*,#1014,.T.);
#1420=ORIENTED_EDGE('',*,*,#1027,.F.);
#1421=ORIENTED_EDGE('',*,*,#1028,.F.);
#1422=ORIENTED_EDGE('',*,*,#1002,.T.);
#1423=ORIENTED_EDGE('',*,*,#1013,.T.);
#1424=ORIENTED_EDGE('',*,*,#1029,.F.);
#1425=ORIENTED_EDGE('',*,*,#1030,.F.);
#1426=ORIENTED_EDGE('',*,*,#1027,.T.);
#1427=ORIENTED_EDGE('',*,*,#1012,.T.);
#1428=ORIENTED_EDGE('',*,*,#1031,.F.);
#1429=ORIENTED_EDGE('',*,*,#1032,.F.);
#1430=ORIENTED_EDGE('',*,*,#1029,.T.);
#1431=ORIENTED_EDGE('',*,*,#1033,.F.);
#1432=ORIENTED_EDGE('',*,*,#1034,.T.);
#1433=ORIENTED_EDGE('',*,*,#1007,.T.);
#1434=ORIENTED_EDGE('',*,*,#1023,.F.);
#1435=ORIENTED_EDGE('',*,*,#1035,.F.);
#1436=ORIENTED_EDGE('',*,*,#1031,.T.);
#1437=ORIENTED_EDGE('',*,*,#1011,.T.);
#1438=ORIENTED_EDGE('',*,*,#1036,.T.);
#1439=ORIENTED_EDGE('',*,*,#1022,.T.);
#1440=ORIENTED_EDGE('',*,*,#1025,.T.);
#1441=ORIENTED_EDGE('',*,*,#1026,.T.);
#1442=ORIENTED_EDGE('',*,*,#1003,.T.);
#1443=ORIENTED_EDGE('',*,*,#1028,.T.);
#1444=ORIENTED_EDGE('',*,*,#1030,.T.);
#1445=ORIENTED_EDGE('',*,*,#1032,.T.);
#1446=ORIENTED_EDGE('',*,*,#1035,.T.);
#1447=ORIENTED_EDGE('',*,*,#1037,.F.);
#1448=ORIENTED_EDGE('',*,*,#1038,.F.);
#1449=ORIENTED_EDGE('',*,*,#1039,.F.);
#1450=ORIENTED_EDGE('',*,*,#999,.F.);
#1451=ORIENTED_EDGE('',*,*,#1006,.F.);
#1452=ORIENTED_EDGE('',*,*,#1017,.F.);
#1453=ORIENTED_EDGE('',*,*,#1040,.F.);
#1454=ORIENTED_EDGE('',*,*,#1037,.T.);
#1455=ORIENTED_EDGE('',*,*,#1040,.T.);
#1456=ORIENTED_EDGE('',*,*,#1016,.F.);
#1457=ORIENTED_EDGE('',*,*,#1041,.F.);
#1458=ORIENTED_EDGE('',*,*,#1038,.T.);
#1459=ORIENTED_EDGE('',*,*,#1000,.F.);
#1460=ORIENTED_EDGE('',*,*,#1039,.T.);
#1461=ORIENTED_EDGE('',*,*,#1041,.T.);
#1462=ORIENTED_EDGE('',*,*,#1015,.F.);
#1463=ORIENTED_EDGE('',*,*,#1033,.T.);
#1464=ORIENTED_EDGE('',*,*,#1042,.T.);
#1465=ORIENTED_EDGE('',*,*,#1043,.T.);
#1466=ORIENTED_EDGE('',*,*,#1044,.T.);
#1467=ORIENTED_EDGE('',*,*,#1036,.F.);
#1468=ORIENTED_EDGE('',*,*,#1010,.F.);
#1469=ORIENTED_EDGE('',*,*,#1045,.F.);
#1470=ORIENTED_EDGE('',*,*,#1042,.F.);
#1471=ORIENTED_EDGE('',*,*,#1045,.T.);
#1472=ORIENTED_EDGE('',*,*,#1009,.F.);
#1473=ORIENTED_EDGE('',*,*,#1046,.F.);
#1474=ORIENTED_EDGE('',*,*,#1043,.F.);
#1475=ORIENTED_EDGE('',*,*,#1046,.T.);
#1476=ORIENTED_EDGE('',*,*,#1008,.F.);
#1477=ORIENTED_EDGE('',*,*,#1034,.F.);
#1478=ORIENTED_EDGE('',*,*,#1044,.F.);
#1479=ORIENTED_EDGE('',*,*,#1047,.F.);
#1480=ORIENTED_EDGE('',*,*,#1048,.T.);
#1481=ORIENTED_EDGE('',*,*,#1049,.F.);
#1482=ORIENTED_EDGE('',*,*,#1050,.T.);
#1483=ORIENTED_EDGE('',*,*,#1051,.F.);
#1484=ORIENTED_EDGE('',*,*,#1052,.F.);
#1485=ORIENTED_EDGE('',*,*,#1053,.F.);
#1486=ORIENTED_EDGE('',*,*,#1054,.F.);
#1487=ORIENTED_EDGE('',*,*,#1055,.F.);
#1488=ORIENTED_EDGE('',*,*,#1056,.T.);
#1489=ORIENTED_EDGE('',*,*,#1057,.T.);
#1490=ORIENTED_EDGE('',*,*,#1058,.T.);
#1491=ORIENTED_EDGE('',*,*,#1059,.T.);
#1492=ORIENTED_EDGE('',*,*,#1060,.F.);
#1493=ORIENTED_EDGE('',*,*,#1061,.T.);
#1494=ORIENTED_EDGE('',*,*,#1062,.T.);
#1495=ORIENTED_EDGE('',*,*,#1063,.T.);
#1496=ORIENTED_EDGE('',*,*,#1064,.T.);
#1497=ORIENTED_EDGE('',*,*,#1065,.T.);
#1498=ORIENTED_EDGE('',*,*,#1066,.F.);
#1499=ORIENTED_EDGE('',*,*,#1067,.T.);
#1500=ORIENTED_EDGE('',*,*,#1068,.T.);
#1501=ORIENTED_EDGE('',*,*,#1047,.T.);
#1502=ORIENTED_EDGE('',*,*,#1069,.T.);
#1503=ORIENTED_EDGE('',*,*,#1070,.T.);
#1504=ORIENTED_EDGE('',*,*,#1071,.F.);
#1505=ORIENTED_EDGE('',*,*,#1059,.F.);
#1506=ORIENTED_EDGE('',*,*,#1072,.F.);
#1507=ORIENTED_EDGE('',*,*,#1073,.T.);
#1508=ORIENTED_EDGE('',*,*,#1049,.T.);
#1509=ORIENTED_EDGE('',*,*,#1074,.T.);
#1510=ORIENTED_EDGE('',*,*,#1075,.T.);
#1511=ORIENTED_EDGE('',*,*,#1076,.T.);
#1512=ORIENTED_EDGE('',*,*,#1077,.F.);
#1513=ORIENTED_EDGE('',*,*,#1057,.F.);
#1514=ORIENTED_EDGE('',*,*,#1078,.F.);
#1515=ORIENTED_EDGE('',*,*,#1079,.T.);
#1516=ORIENTED_EDGE('',*,*,#1080,.T.);
#1517=ORIENTED_EDGE('',*,*,#1081,.T.);
#1518=ORIENTED_EDGE('',*,*,#1082,.T.);
#1519=ORIENTED_EDGE('',*,*,#1079,.F.);
#1520=ORIENTED_EDGE('',*,*,#1083,.F.);
#1521=ORIENTED_EDGE('',*,*,#1084,.F.);
#1522=ORIENTED_EDGE('',*,*,#1085,.F.);
#1523=ORIENTED_EDGE('',*,*,#1086,.F.);
#1524=ORIENTED_EDGE('',*,*,#1087,.F.);
#1525=ORIENTED_EDGE('',*,*,#1088,.F.);
#1526=ORIENTED_EDGE('',*,*,#1089,.F.);
#1527=ORIENTED_EDGE('',*,*,#1090,.F.);
#1528=ORIENTED_EDGE('',*,*,#1091,.F.);
#1529=ORIENTED_EDGE('',*,*,#1092,.F.);
#1530=ORIENTED_EDGE('',*,*,#1070,.F.);
#1531=ORIENTED_EDGE('',*,*,#1093,.T.);
#1532=ORIENTED_EDGE('',*,*,#1094,.T.);
#1533=ORIENTED_EDGE('',*,*,#1095,.F.);
#1534=ORIENTED_EDGE('',*,*,#1096,.F.);
#1535=ORIENTED_EDGE('',*,*,#1097,.F.);
#1536=ORIENTED_EDGE('',*,*,#1098,.F.);
#1537=ORIENTED_EDGE('',*,*,#1099,.F.);
#1538=ORIENTED_EDGE('',*,*,#1100,.F.);
#1539=ORIENTED_EDGE('',*,*,#1101,.F.);
#1540=ORIENTED_EDGE('',*,*,#1064,.F.);
#1541=ORIENTED_EDGE('',*,*,#1102,.F.);
#1542=ORIENTED_EDGE('',*,*,#1052,.T.);
#1543=ORIENTED_EDGE('',*,*,#1103,.T.);
#1544=ORIENTED_EDGE('',*,*,#1063,.F.);
#1545=ORIENTED_EDGE('',*,*,#1104,.F.);
#1546=ORIENTED_EDGE('',*,*,#1053,.T.);
#1547=ORIENTED_EDGE('',*,*,#1102,.T.);
#1548=ORIENTED_EDGE('',*,*,#1062,.F.);
#1549=ORIENTED_EDGE('',*,*,#1105,.F.);
#1550=ORIENTED_EDGE('',*,*,#1054,.T.);
#1551=ORIENTED_EDGE('',*,*,#1104,.T.);
#1552=ORIENTED_EDGE('',*,*,#1094,.F.);
#1553=ORIENTED_EDGE('',*,*,#1106,.T.);
#1554=ORIENTED_EDGE('',*,*,#1055,.T.);
#1555=ORIENTED_EDGE('',*,*,#1105,.T.);
#1556=ORIENTED_EDGE('',*,*,#1061,.F.);
#1557=ORIENTED_EDGE('',*,*,#1107,.F.);
#1558=ORIENTED_EDGE('',*,*,#1108,.F.);
#1559=ORIENTED_EDGE('',*,*,#1051,.T.);
#1560=ORIENTED_EDGE('',*,*,#1109,.T.);
#1561=ORIENTED_EDGE('',*,*,#1081,.F.);
#1562=ORIENTED_EDGE('',*,*,#1110,.T.);
#1563=ORIENTED_EDGE('',*,*,#1111,.F.);
#1564=ORIENTED_EDGE('',*,*,#1065,.F.);
#1565=ORIENTED_EDGE('',*,*,#1103,.F.);
#1566=ORIENTED_EDGE('',*,*,#1112,.F.);
#1567=ORIENTED_EDGE('',*,*,#1113,.F.);
#1568=ORIENTED_EDGE('',*,*,#1095,.T.);
#1569=ORIENTED_EDGE('',*,*,#1108,.T.);
#1570=ORIENTED_EDGE('',*,*,#1114,.F.);
#1571=ORIENTED_EDGE('',*,*,#1115,.F.);
#1572=ORIENTED_EDGE('',*,*,#1096,.T.);
#1573=ORIENTED_EDGE('',*,*,#1113,.T.);
#1574=ORIENTED_EDGE('',*,*,#1116,.F.);
#1575=ORIENTED_EDGE('',*,*,#1117,.F.);
#1576=ORIENTED_EDGE('',*,*,#1097,.T.);
#1577=ORIENTED_EDGE('',*,*,#1115,.T.);
#1578=ORIENTED_EDGE('',*,*,#1118,.F.);
#1579=ORIENTED_EDGE('',*,*,#1119,.F.);
#1580=ORIENTED_EDGE('',*,*,#1098,.T.);
#1581=ORIENTED_EDGE('',*,*,#1117,.T.);
#1582=ORIENTED_EDGE('',*,*,#1120,.F.);
#1583=ORIENTED_EDGE('',*,*,#1121,.F.);
#1584=ORIENTED_EDGE('',*,*,#1099,.T.);
#1585=ORIENTED_EDGE('',*,*,#1119,.T.);
#1586=ORIENTED_EDGE('',*,*,#1107,.T.);
#1587=ORIENTED_EDGE('',*,*,#1060,.T.);
#1588=ORIENTED_EDGE('',*,*,#1122,.T.);
#1589=ORIENTED_EDGE('',*,*,#1123,.T.);
#1590=ORIENTED_EDGE('',*,*,#1120,.T.);
#1591=ORIENTED_EDGE('',*,*,#1118,.T.);
#1592=ORIENTED_EDGE('',*,*,#1116,.T.);
#1593=ORIENTED_EDGE('',*,*,#1114,.T.);
#1594=ORIENTED_EDGE('',*,*,#1112,.T.);
#1595=ORIENTED_EDGE('',*,*,#1123,.F.);
#1596=ORIENTED_EDGE('',*,*,#1124,.T.);
#1597=ORIENTED_EDGE('',*,*,#1100,.T.);
#1598=ORIENTED_EDGE('',*,*,#1121,.T.);
#1599=ORIENTED_EDGE('',*,*,#1122,.F.);
#1600=ORIENTED_EDGE('',*,*,#1071,.T.);
#1601=ORIENTED_EDGE('',*,*,#1101,.T.);
#1602=ORIENTED_EDGE('',*,*,#1124,.F.);
#1603=ORIENTED_EDGE('',*,*,#1084,.T.);
#1604=ORIENTED_EDGE('',*,*,#1125,.T.);
#1605=ORIENTED_EDGE('',*,*,#1126,.F.);
#1606=ORIENTED_EDGE('',*,*,#1127,.F.);
#1607=ORIENTED_EDGE('',*,*,#1126,.T.);
#1608=ORIENTED_EDGE('',*,*,#1128,.T.);
#1609=ORIENTED_EDGE('',*,*,#1066,.T.);
#1610=ORIENTED_EDGE('',*,*,#1111,.T.);
#1611=ORIENTED_EDGE('',*,*,#1129,.T.);
#1612=ORIENTED_EDGE('',*,*,#1130,.T.);
#1613=ORIENTED_EDGE('',*,*,#1131,.T.);
#1614=ORIENTED_EDGE('',*,*,#1132,.T.);
#1615=ORIENTED_EDGE('',*,*,#1133,.T.);
#1616=ORIENTED_EDGE('',*,*,#1134,.T.);
#1617=ORIENTED_EDGE('',*,*,#1135,.T.);
#1618=ORIENTED_EDGE('',*,*,#1136,.T.);
#1619=ORIENTED_EDGE('',*,*,#1136,.F.);
#1620=ORIENTED_EDGE('',*,*,#1137,.F.);
#1621=ORIENTED_EDGE('',*,*,#1085,.T.);
#1622=ORIENTED_EDGE('',*,*,#1127,.T.);
#1623=ORIENTED_EDGE('',*,*,#1135,.F.);
#1624=ORIENTED_EDGE('',*,*,#1138,.F.);
#1625=ORIENTED_EDGE('',*,*,#1086,.T.);
#1626=ORIENTED_EDGE('',*,*,#1137,.T.);
#1627=ORIENTED_EDGE('',*,*,#1134,.F.);
#1628=ORIENTED_EDGE('',*,*,#1139,.F.);
#1629=ORIENTED_EDGE('',*,*,#1087,.T.);
#1630=ORIENTED_EDGE('',*,*,#1138,.T.);
#1631=ORIENTED_EDGE('',*,*,#1133,.F.);
#1632=ORIENTED_EDGE('',*,*,#1140,.F.);
#1633=ORIENTED_EDGE('',*,*,#1088,.T.);
#1634=ORIENTED_EDGE('',*,*,#1139,.T.);
#1635=ORIENTED_EDGE('',*,*,#1132,.F.);
#1636=ORIENTED_EDGE('',*,*,#1141,.F.);
#1637=ORIENTED_EDGE('',*,*,#1089,.T.);
#1638=ORIENTED_EDGE('',*,*,#1140,.T.);
#1639=ORIENTED_EDGE('',*,*,#1131,.F.);
#1640=ORIENTED_EDGE('',*,*,#1142,.F.);
#1641=ORIENTED_EDGE('',*,*,#1090,.T.);
#1642=ORIENTED_EDGE('',*,*,#1141,.T.);
#1643=ORIENTED_EDGE('',*,*,#1130,.F.);
#1644=ORIENTED_EDGE('',*,*,#1143,.F.);
#1645=ORIENTED_EDGE('',*,*,#1091,.T.);
#1646=ORIENTED_EDGE('',*,*,#1142,.T.);
#1647=ORIENTED_EDGE('',*,*,#1129,.F.);
#1648=ORIENTED_EDGE('',*,*,#1110,.F.);
#1649=ORIENTED_EDGE('',*,*,#1092,.T.);
#1650=ORIENTED_EDGE('',*,*,#1143,.T.);
#1651=ORIENTED_EDGE('',*,*,#1083,.T.);
#1652=ORIENTED_EDGE('',*,*,#1078,.T.);
#1653=ORIENTED_EDGE('',*,*,#1128,.F.);
#1654=ORIENTED_EDGE('',*,*,#1125,.F.);
#1655=ORIENTED_EDGE('',*,*,#1080,.F.);
#1656=ORIENTED_EDGE('',*,*,#1082,.F.);
#1657=ORIENTED_EDGE('',*,*,#1109,.F.);
#1658=ORIENTED_EDGE('',*,*,#1050,.F.);
#1659=ORIENTED_EDGE('',*,*,#1106,.F.);
#1660=ORIENTED_EDGE('',*,*,#1093,.F.);
#1661=ORIENTED_EDGE('',*,*,#1069,.F.);
#1662=ORIENTED_EDGE('',*,*,#1056,.F.);
#1663=ORIENTED_EDGE('',*,*,#1058,.F.);
#1664=ORIENTED_EDGE('',*,*,#1077,.T.);
#1665=ORIENTED_EDGE('',*,*,#1144,.T.);
#1666=ORIENTED_EDGE('',*,*,#1072,.T.);
#1667=ORIENTED_EDGE('',*,*,#1076,.F.);
#1668=ORIENTED_EDGE('',*,*,#1145,.T.);
#1669=ORIENTED_EDGE('',*,*,#1073,.F.);
#1670=ORIENTED_EDGE('',*,*,#1144,.F.);
#1671=ORIENTED_EDGE('',*,*,#1075,.F.);
#1672=ORIENTED_EDGE('',*,*,#1146,.T.);
#1673=ORIENTED_EDGE('',*,*,#1067,.F.);
#1674=ORIENTED_EDGE('',*,*,#1145,.F.);
#1675=ORIENTED_EDGE('',*,*,#1074,.F.);
#1676=ORIENTED_EDGE('',*,*,#1048,.F.);
#1677=ORIENTED_EDGE('',*,*,#1068,.F.);
#1678=ORIENTED_EDGE('',*,*,#1146,.F.);
#1679=PLANE('',#1861);
#1680=PLANE('',#1864);
#1681=PLANE('',#1867);
#1682=PLANE('',#1870);
#1683=PLANE('',#1873);
#1684=PLANE('',#1880);
#1685=PLANE('',#1886);
#1686=PLANE('',#1888);
#1687=PLANE('',#1890);
#1688=PLANE('',#1894);
#1689=PLANE('',#1897);
#1690=PLANE('',#1900);
#1691=PLANE('',#1903);
#1692=PLANE('',#1906);
#1693=PLANE('',#1912);
#1694=PLANE('',#1914);
#1695=PLANE('',#1916);
#1696=PLANE('',#1920);
#1697=PLANE('',#1923);
#1698=PLANE('',#1924);
#1699=PLANE('',#1925);
#1700=PLANE('',#1929);
#1701=PLANE('',#1940);
#1702=PLANE('',#1943);
#1703=PLANE('',#1944);
#1704=PLANE('',#1951);
#1705=PLANE('',#1956);
#1706=PLANE('',#1959);
#1707=PLANE('',#1960);
#1708=PLANE('',#1961);
#1709=PLANE('',#1962);
#1710=PLANE('',#1963);
#1711=PLANE('',#1964);
#1712=PLANE('',#1965);
#1713=PLANE('',#1966);
#1714=PLANE('',#1967);
#1715=PLANE('',#1968);
#1716=PLANE('',#1969);
#1717=PLANE('',#1972);
#1718=PLANE('',#1975);
#1719=PLANE('',#1978);
#1720=PLANE('',#1981);
#1721=PLANE('',#1988);
#1722=PLANE('',#1994);
#1723=PLANE('',#1996);
#1724=PLANE('',#1998);
#1725=PLANE('',#2002);
#1726=PLANE('',#2005);
#1727=PLANE('',#2008);
#1728=PLANE('',#2011);
#1729=PLANE('',#2014);
#1730=PLANE('',#2020);
#1731=PLANE('',#2022);
#1732=PLANE('',#2024);
#1733=PLANE('',#2028);
#1734=PLANE('',#2031);
#1735=PLANE('',#2032);
#1736=PLANE('',#2033);
#1737=ADVANCED_FACE('',(#71),#1679,.F.);
#1738=ADVANCED_FACE('',(#72),#1680,.T.);
#1739=ADVANCED_FACE('',(#73),#1681,.T.);
#1740=ADVANCED_FACE('',(#74),#1682,.T.);
#1741=ADVANCED_FACE('',(#75),#1683,.F.);
#1742=ADVANCED_FACE('',(#76),#1684,.F.);
#1743=ADVANCED_FACE('',(#77),#35,.F.);
#1744=ADVANCED_FACE('',(#78),#1685,.T.);
#1745=ADVANCED_FACE('',(#79),#36,.F.);
#1746=ADVANCED_FACE('',(#80),#1686,.T.);
#1747=ADVANCED_FACE('',(#81),#1687,.T.);
#1748=ADVANCED_FACE('',(#82),#37,.T.);
#1749=ADVANCED_FACE('',(#83),#1688,.T.);
#1750=ADVANCED_FACE('',(#84),#38,.T.);
#1751=ADVANCED_FACE('',(#85),#1689,.T.);
#1752=ADVANCED_FACE('',(#86),#39,.T.);
#1753=ADVANCED_FACE('',(#87),#1690,.T.);
#1754=ADVANCED_FACE('',(#88),#40,.F.);
#1755=ADVANCED_FACE('',(#89),#1691,.T.);
#1756=ADVANCED_FACE('',(#90),#41,.F.);
#1757=ADVANCED_FACE('',(#91),#1692,.T.);
#1758=ADVANCED_FACE('',(#92),#1693,.T.);
#1759=ADVANCED_FACE('',(#93),#42,.T.);
#1760=ADVANCED_FACE('',(#94),#1694,.T.);
#1761=ADVANCED_FACE('',(#95),#43,.T.);
#1762=ADVANCED_FACE('',(#96),#1695,.T.);
#1763=ADVANCED_FACE('',(#97),#44,.T.);
#1764=ADVANCED_FACE('',(#98),#45,.F.);
#1765=ADVANCED_FACE('',(#99),#46,.T.);
#1766=ADVANCED_FACE('',(#100),#1696,.T.);
#1767=ADVANCED_FACE('',(#101),#47,.T.);
#1768=ADVANCED_FACE('',(#102),#48,.T.);
#1769=ADVANCED_FACE('',(#103),#1697,.T.);
#1770=ADVANCED_FACE('',(#104),#1698,.T.);
#1771=ADVANCED_FACE('',(#105),#1699,.F.);
#1772=ADVANCED_FACE('',(#106),#49,.T.);
#1773=ADVANCED_FACE('',(#107),#23,.F.);
#1774=ADVANCED_FACE('',(#108),#1700,.F.);
#1775=ADVANCED_FACE('',(#109),#50,.T.);
#1776=ADVANCED_FACE('',(#110),#24,.F.);
#1777=ADVANCED_FACE('',(#111),#25,.F.);
#1778=ADVANCED_FACE('',(#112),#26,.F.);
#1779=ADVANCED_FACE('',(#113),#1701,.T.);
#1780=ADVANCED_FACE('',(#114),#51,.T.);
#1781=ADVANCED_FACE('',(#115),#1702,.F.);
#1782=ADVANCED_FACE('',(#116),#1703,.F.);
#1783=ADVANCED_FACE('',(#117),#52,.T.);
#1784=ADVANCED_FACE('',(#118),#1704,.F.);
#1785=ADVANCED_FACE('',(#119),#53,.T.);
#1786=ADVANCED_FACE('',(#120),#54,.T.);
#1787=ADVANCED_FACE('',(#121),#1705,.F.);
#1788=ADVANCED_FACE('',(#122),#55,.T.);
#1789=ADVANCED_FACE('',(#123),#1706,.F.);
#1790=ADVANCED_FACE('',(#124),#1707,.T.);
#1791=ADVANCED_FACE('',(#125),#1708,.F.);
#1792=ADVANCED_FACE('',(#126),#1709,.T.);
#1793=ADVANCED_FACE('',(#127),#1710,.T.);
#1794=ADVANCED_FACE('',(#128),#1711,.T.);
#1795=ADVANCED_FACE('',(#129),#1712,.T.);
#1796=ADVANCED_FACE('',(#130),#1713,.F.);
#1797=ADVANCED_FACE('',(#131),#1714,.F.);
#1798=ADVANCED_FACE('',(#132),#1715,.F.);
#1799=ADVANCED_FACE('',(#133),#1716,.F.);
#1800=ADVANCED_FACE('',(#134),#1717,.T.);
#1801=ADVANCED_FACE('',(#135),#1718,.T.);
#1802=ADVANCED_FACE('',(#136),#1719,.T.);
#1803=ADVANCED_FACE('',(#137),#1720,.F.);
#1804=ADVANCED_FACE('',(#138),#1721,.F.);
#1805=ADVANCED_FACE('',(#139),#56,.F.);
#1806=ADVANCED_FACE('',(#140),#1722,.T.);
#1807=ADVANCED_FACE('',(#141),#57,.F.);
#1808=ADVANCED_FACE('',(#142),#1723,.T.);
#1809=ADVANCED_FACE('',(#143),#1724,.T.);
#1810=ADVANCED_FACE('',(#144),#58,.T.);
#1811=ADVANCED_FACE('',(#145),#1725,.T.);
#1812=ADVANCED_FACE('',(#146),#59,.T.);
#1813=ADVANCED_FACE('',(#147),#1726,.T.);
#1814=ADVANCED_FACE('',(#148),#60,.T.);
#1815=ADVANCED_FACE('',(#149),#1727,.T.);
#1816=ADVANCED_FACE('',(#150),#61,.F.);
#1817=ADVANCED_FACE('',(#151),#1728,.T.);
#1818=ADVANCED_FACE('',(#152),#62,.F.);
#1819=ADVANCED_FACE('',(#153),#1729,.T.);
#1820=ADVANCED_FACE('',(#154),#1730,.T.);
#1821=ADVANCED_FACE('',(#155),#63,.T.);
#1822=ADVANCED_FACE('',(#156),#1731,.T.);
#1823=ADVANCED_FACE('',(#157),#64,.T.);
#1824=ADVANCED_FACE('',(#158),#1732,.T.);
#1825=ADVANCED_FACE('',(#159),#65,.T.);
#1826=ADVANCED_FACE('',(#160),#66,.F.);
#1827=ADVANCED_FACE('',(#161),#67,.T.);
#1828=ADVANCED_FACE('',(#162),#1733,.T.);
#1829=ADVANCED_FACE('',(#163),#68,.T.);
#1830=ADVANCED_FACE('',(#164),#69,.T.);
#1831=ADVANCED_FACE('',(#165),#1734,.T.);
#1832=ADVANCED_FACE('',(#166),#1735,.T.);
#1833=ADVANCED_FACE('',(#167),#1736,.F.);
#1834=ADVANCED_FACE('',(#168),#70,.T.);
#1835=CLOSED_SHELL('',(#1737,#1738,#1739,#1740,#1741,#1742,#1743,#1744,
#1745,#1746,#1747,#1748,#1749,#1750,#1751,#1752,#1753,#1754,#1755,#1756,
#1757,#1758,#1759,#1760,#1761,#1762,#1763,#1764,#1765,#1766,#1767,#1768,
#1769,#1770,#1771,#1772));
#1836=CLOSED_SHELL('',(#1773,#1774,#1775,#1776,#1777,#1778,#1779,#1780));
#1837=CLOSED_SHELL('',(#1781,#1782,#1783,#1784,#1785,#1786,#1787,#1788,
#1789,#1790,#1791,#1792,#1793,#1794,#1795,#1796,#1797,#1798));
#1838=CLOSED_SHELL('',(#1799,#1800,#1801,#1802,#1803,#1804,#1805,#1806,
#1807,#1808,#1809,#1810,#1811,#1812,#1813,#1814,#1815,#1816,#1817,#1818,
#1819,#1820,#1821,#1822,#1823,#1824,#1825,#1826,#1827,#1828,#1829,#1830,
#1831,#1832,#1833,#1834));
#1839=DERIVED_UNIT_ELEMENT(#1842,1.);
#1840=DERIVED_UNIT_ELEMENT(#4096,-3.);
#1841=DIMENSIONAL_EXPONENTS(0.,1.,0.,0.,0.,0.,0.);
#1842=(
CONVERSION_BASED_UNIT('gram',#1844)
MASS_UNIT()
NAMED_UNIT(#1841)
);
#1843=(
MASS_UNIT()
NAMED_UNIT(*)
SI_UNIT(.KILO.,.GRAM.)
);
#1844=MASS_MEASURE_WITH_UNIT(MASS_MEASURE(0.001),#1843);
#1845=DERIVED_UNIT((#1839,#1840));
#1846=MEASURE_REPRESENTATION_ITEM('density measure',
POSITIVE_RATIO_MEASURE(1.),#1845);
#1847=PROPERTY_DEFINITION_REPRESENTATION(#1852,#1849);
#1848=PROPERTY_DEFINITION_REPRESENTATION(#1853,#1850);
#1849=REPRESENTATION('material name',(#1851),#4093);
#1850=REPRESENTATION('density',(#1846),#4093);
#1851=DESCRIPTIVE_REPRESENTATION_ITEM('Generic','Generic');
#1852=PROPERTY_DEFINITION('material property','material name',#4103);
#1853=PROPERTY_DEFINITION('material property','density of part',#4103);
#1854=DATE_TIME_ROLE('creation_date');
#1855=APPLIED_DATE_AND_TIME_ASSIGNMENT(#1856,#1854,(#4103));
#1856=DATE_AND_TIME(#1857,#1858);
#1857=CALENDAR_DATE(2014,20,1);
#1858=LOCAL_TIME(14,45,58.,#1859);
#1859=COORDINATED_UNIVERSAL_TIME_OFFSET(0,0,.BEHIND.);
#1860=AXIS2_PLACEMENT_3D('',#2567,#2035,#2036);
#1861=AXIS2_PLACEMENT_3D('',#2568,#2037,#2038);
#1862=AXIS2_PLACEMENT_3D('',#2577,#2042,#2043);
#1863=AXIS2_PLACEMENT_3D('',#2581,#2045,#2046);
#1864=AXIS2_PLACEMENT_3D('',#2589,#2051,#2052);
#1865=AXIS2_PLACEMENT_3D('',#2598,#2056,#2057);
#1866=AXIS2_PLACEMENT_3D('',#2602,#2059,#2060);
#1867=AXIS2_PLACEMENT_3D('',#2610,#2065,#2066);
#1868=AXIS2_PLACEMENT_3D('',#2621,#2072,#2073);
#1869=AXIS2_PLACEMENT_3D('',#2622,#2074,#2075);
#1870=AXIS2_PLACEMENT_3D('',#2623,#2076,#2077);
#1871=AXIS2_PLACEMENT_3D('',#2625,#2078,#2079);
#1872=AXIS2_PLACEMENT_3D('',#2635,#2085,#2086);
#1873=AXIS2_PLACEMENT_3D('',#2636,#2087,#2088);
#1874=AXIS2_PLACEMENT_3D('',#2641,#2090,#2091);
#1875=AXIS2_PLACEMENT_3D('',#2643,#2092,#2093);
#1876=AXIS2_PLACEMENT_3D('',#2645,#2094,#2095);
#1877=AXIS2_PLACEMENT_3D('',#2649,#2097,#2098);
#1878=AXIS2_PLACEMENT_3D('',#2653,#2100,#2101);
#1879=AXIS2_PLACEMENT_3D('',#2657,#2103,#2104);
#1880=AXIS2_PLACEMENT_3D('',#2660,#2107,#2108);
#1881=AXIS2_PLACEMENT_3D('',#2664,#2110,#2111);
#1882=AXIS2_PLACEMENT_3D('',#2666,#2112,#2113);
#1883=AXIS2_PLACEMENT_3D('',#2670,#2115,#2116);
#1884=AXIS2_PLACEMENT_3D('',#2674,#2118,#2119);
#1885=AXIS2_PLACEMENT_3D('',#2678,#2122,#2123);
#1886=AXIS2_PLACEMENT_3D('',#2681,#2126,#2127);
#1887=AXIS2_PLACEMENT_3D('',#2683,#2129,#2130);
#1888=AXIS2_PLACEMENT_3D('',#2685,#2132,#2133);
#1889=AXIS2_PLACEMENT_3D('',#2689,#2136,#2137);
#1890=AXIS2_PLACEMENT_3D('',#2690,#2138,#2139);
#1891=AXIS2_PLACEMENT_3D('',#2694,#2142,#2143);
#1892=AXIS2_PLACEMENT_3D('',#2695,#2144,#2145);
#1893=AXIS2_PLACEMENT_3D('',#2697,#2146,#2147);
#1894=AXIS2_PLACEMENT_3D('',#2699,#2149,#2150);
#1895=AXIS2_PLACEMENT_3D('',#2703,#2153,#2154);
#1896=AXIS2_PLACEMENT_3D('',#2705,#2155,#2156);
#1897=AXIS2_PLACEMENT_3D('',#2707,#2158,#2159);
#1898=AXIS2_PLACEMENT_3D('',#2711,#2162,#2163);
#1899=AXIS2_PLACEMENT_3D('',#2713,#2164,#2165);
#1900=AXIS2_PLACEMENT_3D('',#2715,#2167,#2168);
#1901=AXIS2_PLACEMENT_3D('',#2717,#2169,#2170);
#1902=AXIS2_PLACEMENT_3D('',#2719,#2172,#2173);
#1903=AXIS2_PLACEMENT_3D('',#2721,#2175,#2176);
#1904=AXIS2_PLACEMENT_3D('',#2722,#2177,#2178);
#1905=AXIS2_PLACEMENT_3D('',#2726,#2180,#2181);
#1906=AXIS2_PLACEMENT_3D('',#2728,#2183,#2184);
#1907=AXIS2_PLACEMENT_3D('',#2732,#2186,#2187);
#1908=AXIS2_PLACEMENT_3D('',#2736,#2189,#2190);
#1909=AXIS2_PLACEMENT_3D('',#2740,#2192,#2193);
#1910=AXIS2_PLACEMENT_3D('',#2742,#2194,#2195);
#1911=AXIS2_PLACEMENT_3D('',#2743,#2196,#2197);
#1912=AXIS2_PLACEMENT_3D('',#2745,#2199,#2200);
#1913=AXIS2_PLACEMENT_3D('',#2747,#2202,#2203);
#1914=AXIS2_PLACEMENT_3D('',#2749,#2205,#2206);
#1915=AXIS2_PLACEMENT_3D('',#2751,#2208,#2209);
#1916=AXIS2_PLACEMENT_3D('',#2753,#2211,#2212);
#1917=AXIS2_PLACEMENT_3D('',#2755,#2214,#2215);
#1918=AXIS2_PLACEMENT_3D('',#2757,#2217,#2218);
#1919=AXIS2_PLACEMENT_3D('',#2759,#2220,#2221);
#1920=AXIS2_PLACEMENT_3D('',#2760,#2222,#2223);
#1921=AXIS2_PLACEMENT_3D('',#2761,#2224,#2225);
#1922=AXIS2_PLACEMENT_3D('',#2762,#2226,#2227);
#1923=AXIS2_PLACEMENT_3D('',#2763,#2228,#2229);
#1924=AXIS2_PLACEMENT_3D('',#2765,#2231,#2232);
#1925=AXIS2_PLACEMENT_3D('',#2767,#2234,#2235);
#1926=AXIS2_PLACEMENT_3D('',#2769,#2237,#2238);
#1927=AXIS2_PLACEMENT_3D('',#2849,#2239,#2240);
#1928=AXIS2_PLACEMENT_3D('',#2855,#2241,#2242);
#1929=AXIS2_PLACEMENT_3D('',#2856,#2243,#2244);
#1930=AXIS2_PLACEMENT_3D('',#2858,#2245,#2246);
#1931=AXIS2_PLACEMENT_3D('',#2859,#2247,#2248);
#1932=AXIS2_PLACEMENT_3D('',#2862,#2249,#2250);
#1933=AXIS2_PLACEMENT_3D('',#2864,#2251,#2252);
#1934=AXIS2_PLACEMENT_3D('',#2865,#2253,#2254);
#1935=AXIS2_PLACEMENT_3D('',#3231,#2256,#2257);
#1936=AXIS2_PLACEMENT_3D('',#3314,#2258,#2259);
#1937=AXIS2_PLACEMENT_3D('',#3751,#2260,#2261);
#1938=AXIS2_PLACEMENT_3D('',#3753,#2262,#2263);
#1939=AXIS2_PLACEMENT_3D('',#3754,#2264,#2265);
#1940=AXIS2_PLACEMENT_3D('',#3786,#2266,#2267);
#1941=AXIS2_PLACEMENT_3D('',#3788,#2268,#2269);
#1942=AXIS2_PLACEMENT_3D('',#3789,#2270,#2271);
#1943=AXIS2_PLACEMENT_3D('',#3791,#2273,#2274);
#1944=AXIS2_PLACEMENT_3D('',#3808,#2283,#2284);
#1945=AXIS2_PLACEMENT_3D('',#3821,#2290,#2291);
#1946=AXIS2_PLACEMENT_3D('',#3824,#2293,#2294);
#1947=AXIS2_PLACEMENT_3D('',#3831,#2298,#2299);
#1948=AXIS2_PLACEMENT_3D('',#3834,#2301,#2302);
#1949=AXIS2_PLACEMENT_3D('',#3835,#2303,#2304);
#1950=AXIS2_PLACEMENT_3D('',#3839,#2306,#2307);
#1951=AXIS2_PLACEMENT_3D('',#3841,#2309,#2310);
#1952=AXIS2_PLACEMENT_3D('',#3845,#2313,#2314);
#1953=AXIS2_PLACEMENT_3D('',#3846,#2315,#2316);
#1954=AXIS2_PLACEMENT_3D('',#3847,#2317,#2318);
#1955=AXIS2_PLACEMENT_3D('',#3850,#2320,#2321);
#1956=AXIS2_PLACEMENT_3D('',#3851,#2322,#2323);
#1957=AXIS2_PLACEMENT_3D('',#3855,#2326,#2327);
#1958=AXIS2_PLACEMENT_3D('',#3858,#2329,#2330);
#1959=AXIS2_PLACEMENT_3D('',#3859,#2331,#2332);
#1960=AXIS2_PLACEMENT_3D('',#3866,#2337,#2338);
#1961=AXIS2_PLACEMENT_3D('',#3867,#2339,#2340);
#1962=AXIS2_PLACEMENT_3D('',#3873,#2344,#2345);
#1963=AXIS2_PLACEMENT_3D('',#3875,#2347,#2348);
#1964=AXIS2_PLACEMENT_3D('',#3877,#2350,#2351);
#1965=AXIS2_PLACEMENT_3D('',#3878,#2352,#2353);
#1966=AXIS2_PLACEMENT_3D('',#3884,#2357,#2358);
#1967=AXIS2_PLACEMENT_3D('',#3886,#2360,#2361);
#1968=AXIS2_PLACEMENT_3D('',#3888,#2363,#2364);
#1969=AXIS2_PLACEMENT_3D('',#3889,#2365,#2366);
#1970=AXIS2_PLACEMENT_3D('',#3902,#2372,#2373);
#1971=AXIS2_PLACEMENT_3D('',#3906,#2375,#2376);
#1972=AXIS2_PLACEMENT_3D('',#3910,#2379,#2380);
#1973=AXIS2_PLACEMENT_3D('',#3923,#2386,#2387);
#1974=AXIS2_PLACEMENT_3D('',#3927,#2389,#2390);
#1975=AXIS2_PLACEMENT_3D('',#3931,#2393,#2394);
#1976=AXIS2_PLACEMENT_3D('',#3935,#2396,#2397);
#1977=AXIS2_PLACEMENT_3D('',#3937,#2398,#2399);
#1978=AXIS2_PLACEMENT_3D('',#3944,#2404,#2405);
#1979=AXIS2_PLACEMENT_3D('',#3946,#2406,#2407);
#1980=AXIS2_PLACEMENT_3D('',#3956,#2413,#2414);
#1981=AXIS2_PLACEMENT_3D('',#3957,#2415,#2416);
#1982=AXIS2_PLACEMENT_3D('',#3965,#2420,#2421);
#1983=AXIS2_PLACEMENT_3D('',#3969,#2423,#2424);
#1984=AXIS2_PLACEMENT_3D('',#3973,#2426,#2427);
#1985=AXIS2_PLACEMENT_3D('',#3977,#2429,#2430);
#1986=AXIS2_PLACEMENT_3D('',#3979,#2431,#2432);
#1987=AXIS2_PLACEMENT_3D('',#3980,#2433,#2434);
#1988=AXIS2_PLACEMENT_3D('',#3981,#2435,#2436);
#1989=AXIS2_PLACEMENT_3D('',#3987,#2439,#2440);
#1990=AXIS2_PLACEMENT_3D('',#3991,#2442,#2443);
#1991=AXIS2_PLACEMENT_3D('',#3995,#2445,#2446);
#1992=AXIS2_PLACEMENT_3D('',#3997,#2447,#2448);
#1993=AXIS2_PLACEMENT_3D('',#3999,#2450,#2451);
#1994=AXIS2_PLACEMENT_3D('',#4002,#2454,#2455);
#1995=AXIS2_PLACEMENT_3D('',#4004,#2457,#2458);
#1996=AXIS2_PLACEMENT_3D('',#4006,#2460,#2461);
#1997=AXIS2_PLACEMENT_3D('',#4007,#2462,#2463);
#1998=AXIS2_PLACEMENT_3D('',#4011,#2466,#2467);
#1999=AXIS2_PLACEMENT_3D('',#4012,#2468,#2469);
#2000=AXIS2_PLACEMENT_3D('',#4016,#2472,#2473);
#2001=AXIS2_PLACEMENT_3D('',#4018,#2474,#2475);
#2002=AXIS2_PLACEMENT_3D('',#4020,#2477,#2478);
#2003=AXIS2_PLACEMENT_3D('',#4024,#2481,#2482);
#2004=AXIS2_PLACEMENT_3D('',#4026,#2483,#2484);
#2005=AXIS2_PLACEMENT_3D('',#4028,#2486,#2487);
#2006=AXIS2_PLACEMENT_3D('',#4032,#2490,#2491);
#2007=AXIS2_PLACEMENT_3D('',#4034,#2492,#2493);
#2008=AXIS2_PLACEMENT_3D('',#4036,#2495,#2496);
#2009=AXIS2_PLACEMENT_3D('',#4039,#2498,#2499);
#2010=AXIS2_PLACEMENT_3D('',#4040,#2500,#2501);
#2011=AXIS2_PLACEMENT_3D('',#4042,#2503,#2504);
#2012=AXIS2_PLACEMENT_3D('',#4043,#2505,#2506);
#2013=AXIS2_PLACEMENT_3D('',#4047,#2508,#2509);
#2014=AXIS2_PLACEMENT_3D('',#4049,#2511,#2512);
#2015=AXIS2_PLACEMENT_3D('',#4052,#2514,#2515);
#2016=AXIS2_PLACEMENT_3D('',#4054,#2516,#2517);
#2017=AXIS2_PLACEMENT_3D('',#4056,#2518,#2519);
#2018=AXIS2_PLACEMENT_3D('',#4060,#2521,#2522);
#2019=AXIS2_PLACEMENT_3D('',#4064,#2524,#2525);
#2020=AXIS2_PLACEMENT_3D('',#4066,#2527,#2528);
#2021=AXIS2_PLACEMENT_3D('',#4068,#2530,#2531);
#2022=AXIS2_PLACEMENT_3D('',#4070,#2533,#2534);
#2023=AXIS2_PLACEMENT_3D('',#4072,#2536,#2537);
#2024=AXIS2_PLACEMENT_3D('',#4074,#2539,#2540);
#2025=AXIS2_PLACEMENT_3D('',#4076,#2542,#2543);
#2026=AXIS2_PLACEMENT_3D('',#4078,#2545,#2546);
#2027=AXIS2_PLACEMENT_3D('',#4080,#2548,#2549);
#2028=AXIS2_PLACEMENT_3D('',#4081,#2550,#2551);
#2029=AXIS2_PLACEMENT_3D('',#4082,#2552,#2553);
#2030=AXIS2_PLACEMENT_3D('',#4083,#2554,#2555);
#2031=AXIS2_PLACEMENT_3D('',#4084,#2556,#2557);
#2032=AXIS2_PLACEMENT_3D('',#4086,#2559,#2560);
#2033=AXIS2_PLACEMENT_3D('',#4088,#2562,#2563);
#2034=AXIS2_PLACEMENT_3D('',#4090,#2565,#2566);
#2035=DIRECTION('axis',(0.,0.,1.));
#2036=DIRECTION('refdir',(1.,0.,0.));
#2037=DIRECTION('center_axis',(1.,0.,0.));
#2038=DIRECTION('ref_axis',(0.,-1.,0.));
#2039=DIRECTION('',(0.,-2.04695881406147E-14,1.));
#2040=DIRECTION('',(0.,-1.,0.));
#2041=DIRECTION('',(0.,-3.42938228008346E-12,-1.));
#2042=DIRECTION('center_axis',(1.,0.,0.));
#2043=DIRECTION('ref_axis',(0.,0.,1.));
#2044=DIRECTION('',(0.,1.,1.11022302462096E-12));
#2045=DIRECTION('center_axis',(1.,0.,0.));
#2046=DIRECTION('ref_axis',(0.,0.,1.));
#2047=DIRECTION('',(0.,0.,1.));
#2048=DIRECTION('',(0.,-1.,0.));
#2049=DIRECTION('',(0.,4.06359208559371E-14,-1.));
#2050=DIRECTION('',(0.,1.,0.));
#2051=DIRECTION('center_axis',(1.,0.,0.));
#2052=DIRECTION('ref_axis',(0.,-1.,0.));
#2053=DIRECTION('',(0.,4.06359208559371E-14,-1.));
#2054=DIRECTION('',(0.,-1.,0.));
#2055=DIRECTION('',(0.,0.,1.));
#2056=DIRECTION('center_axis',(1.,0.,0.));
#2057=DIRECTION('ref_axis',(0.,1.,0.));
#2058=DIRECTION('',(0.,1.,1.11022302462096E-12));
#2059=DIRECTION('center_axis',(1.,0.,0.));
#2060=DIRECTION('ref_axis',(0.,1.,0.));
#2061=DIRECTION('',(0.,-3.42938228008346E-12,-1.));
#2062=DIRECTION('',(0.,-1.,0.));
#2063=DIRECTION('',(0.,-2.04695881406147E-14,1.));
#2064=DIRECTION('',(0.,-1.,0.));
#2065=DIRECTION('center_axis',(0.,-1.,-2.04695881406147E-14));
#2066=DIRECTION('ref_axis',(0.,2.04695881406147E-14,-1.));
#2067=DIRECTION('',(-1.,0.,0.));
#2068=DIRECTION('',(0.,2.04695881406147E-14,-1.));
#2069=DIRECTION('',(-1.,-2.04695881406147E-14,0.));
#2070=DIRECTION('',(0.,-2.04695881406147E-14,1.));
#2071=DIRECTION('',(1.,0.,0.));
#2072=DIRECTION('center_axis',(0.,1.,2.04695881406147E-14));
#2073=DIRECTION('ref_axis',(0.,2.04695881406147E-14,-1.));
#2074=DIRECTION('center_axis',(0.,1.,2.04695881406147E-14));
#2075=DIRECTION('ref_axis',(0.,2.04695881406147E-14,-1.));
#2076=DIRECTION('center_axis',(0.,1.,4.06359208559371E-14));
#2077=DIRECTION('ref_axis',(0.,-4.06359208559371E-14,1.));
#2078=DIRECTION('center_axis',(0.,-1.,-4.06359208559371E-14));
#2079=DIRECTION('ref_axis',(0.,-4.06359208559371E-14,1.));
#2080=DIRECTION('',(-1.,0.,0.));
#2081=DIRECTION('',(0.,4.06359208559371E-14,-1.));
#2082=DIRECTION('',(1.,4.06359208559371E-14,0.));
#2083=DIRECTION('',(0.,-4.06359208559371E-14,1.));
#2084=DIRECTION('',(1.,0.,0.));
#2085=DIRECTION('center_axis',(0.,-1.,-4.06359208559371E-14));
#2086=DIRECTION('ref_axis',(0.,-4.06359208559371E-14,1.));
#2087=DIRECTION('center_axis',(0.,0.,-1.));
#2088=DIRECTION('ref_axis',(1.,0.,0.));
#2089=DIRECTION('',(-1.,0.,0.));
#2090=DIRECTION('center_axis',(0.,0.,1.));
#2091=DIRECTION('ref_axis',(1.,0.,0.));
#2092=DIRECTION('center_axis',(0.,0.,-1.));
#2093=DIRECTION('ref_axis',(1.,0.,0.));
#2094=DIRECTION('center_axis',(0.,0.,1.));
#2095=DIRECTION('ref_axis',(1.,0.,0.));
#2096=DIRECTION('',(0.,1.,0.));
#2097=DIRECTION('center_axis',(0.,0.,1.));
#2098=DIRECTION('ref_axis',(1.,0.,0.));
#2099=DIRECTION('',(-1.,0.,0.));
#2100=DIRECTION('center_axis',(0.,0.,1.));
#2101=DIRECTION('ref_axis',(1.,0.,0.));
#2102=DIRECTION('',(-0.319819715156565,-0.947478416533682,0.));
#2103=DIRECTION('center_axis',(0.,0.,-1.));
#2104=DIRECTION('ref_axis',(1.,0.,0.));
#2105=DIRECTION('',(0.,-1.,0.));
#2106=DIRECTION('',(0.,1.,0.));
#2107=DIRECTION('center_axis',(0.,0.,-1.));
#2108=DIRECTION('ref_axis',(1.,0.,0.));
#2109=DIRECTION('',(0.,-1.,0.));
#2110=DIRECTION('center_axis',(0.,0.,-1.));
#2111=DIRECTION('ref_axis',(1.,0.,0.));
#2112=DIRECTION('center_axis',(0.,0.,1.));
#2113=DIRECTION('ref_axis',(1.,0.,0.));
#2114=DIRECTION('',(1.,-8.91888391052724E-12,0.));
#2115=DIRECTION('center_axis',(0.,0.,1.));
#2116=DIRECTION('ref_axis',(1.,0.,0.));
#2117=DIRECTION('',(-0.389952082411325,0.92083514997152,0.));
#2118=DIRECTION('center_axis',(0.,0.,1.));
#2119=DIRECTION('ref_axis',(1.,0.,0.));
#2120=DIRECTION('',(1.,0.,0.));
#2121=DIRECTION('',(0.,1.,0.));
#2122=DIRECTION('center_axis',(1.,0.,0.));
#2123=DIRECTION('ref_axis',(0.,-1.,0.));
#2124=DIRECTION('',(1.,0.,0.));
#2125=DIRECTION('',(1.,0.,0.));
#2126=DIRECTION('center_axis',(0.,-1.11022302462096E-12,1.));
#2127=DIRECTION('ref_axis',(0.,-1.,-1.11022302462096E-12));
#2128=DIRECTION('',(1.,0.,0.));
#2129=DIRECTION('center_axis',(1.,0.,0.));
#2130=DIRECTION('ref_axis',(0.,-1.,0.));
#2131=DIRECTION('',(1.,0.,0.));
#2132=DIRECTION('center_axis',(0.,1.,-3.42938228008346E-12));
#2133=DIRECTION('ref_axis',(0.,3.42938228008346E-12,1.));
#2134=DIRECTION('',(0.,0.,-1.));
#2135=DIRECTION('',(-1.,-3.42938228008346E-12,0.));
#2136=DIRECTION('center_axis',(0.,-1.,3.42938228008346E-12));
#2137=DIRECTION('ref_axis',(0.,3.42938228008346E-12,1.));
#2138=DIRECTION('center_axis',(0.,-1.,0.));
#2139=DIRECTION('ref_axis',(-1.,0.,0.));
#2140=DIRECTION('',(1.,0.,0.));
#2141=DIRECTION('',(0.,0.,-1.));
#2142=DIRECTION('center_axis',(0.,1.,0.));
#2143=DIRECTION('ref_axis',(0.,0.,-1.));
#2144=DIRECTION('center_axis',(0.,0.,-1.));
#2145=DIRECTION('ref_axis',(0.,-1.,0.));
#2146=DIRECTION('center_axis',(0.,0.,1.));
#2147=DIRECTION('ref_axis',(0.,1.,0.));
#2148=DIRECTION('',(0.,0.,-1.));
#2149=DIRECTION('center_axis',(0.92083514997152,0.389952082411325,0.));
#2150=DIRECTION('ref_axis',(0.389952082411325,-0.92083514997152,0.));
#2151=DIRECTION('',(-0.389952082411325,0.92083514997152,0.));
#2152=DIRECTION('',(0.,0.,-1.));
#2153=DIRECTION('center_axis',(0.,0.,-1.));
#2154=DIRECTION('ref_axis',(0.,-1.,0.));
#2155=DIRECTION('center_axis',(0.,0.,1.));
#2156=DIRECTION('ref_axis',(0.,1.,0.));
#2157=DIRECTION('',(0.,0.,-1.));
#2158=DIRECTION('center_axis',(-8.91888391052724E-12,-1.,0.));
#2159=DIRECTION('ref_axis',(-1.,8.91888391052724E-12,0.));
#2160=DIRECTION('',(1.,-8.91888391052724E-12,0.));
#2161=DIRECTION('',(0.,0.,-1.));
#2162=DIRECTION('center_axis',(0.,0.,-1.));
#2163=DIRECTION('ref_axis',(0.,-1.,0.));
#2164=DIRECTION('center_axis',(0.,0.,1.));
#2165=DIRECTION('ref_axis',(0.,1.,0.));
#2166=DIRECTION('',(0.,0.,-1.));
#2167=DIRECTION('center_axis',(0.,0.,-1.));
#2168=DIRECTION('ref_axis',(0.,-1.,0.));
#2169=DIRECTION('center_axis',(0.,0.,-1.));
#2170=DIRECTION('ref_axis',(0.,1.,0.));
#2171=DIRECTION('',(0.,-1.,0.));
#2172=DIRECTION('center_axis',(0.,0.,-1.));
#2173=DIRECTION('ref_axis',(0.,-1.,0.));
#2174=DIRECTION('',(0.,0.,1.));
#2175=DIRECTION('center_axis',(-1.,0.,0.));
#2176=DIRECTION('ref_axis',(0.,0.,-1.));
#2177=DIRECTION('center_axis',(0.,0.,-1.));
#2178=DIRECTION('ref_axis',(0.,-1.,0.));
#2179=DIRECTION('',(0.,0.,-1.));
#2180=DIRECTION('center_axis',(0.,0.,-1.));
#2181=DIRECTION('ref_axis',(0.,1.,0.));
#2182=DIRECTION('',(0.,0.,-1.));
#2183=DIRECTION('center_axis',(0.,0.,-1.));
#2184=DIRECTION('ref_axis',(0.,-1.,0.));
#2185=DIRECTION('',(-0.319819715156565,-0.947478416533682,0.));
#2186=DIRECTION('center_axis',(0.,0.,1.));
#2187=DIRECTION('ref_axis',(0.,1.,0.));
#2188=DIRECTION('',(-1.,0.,0.));
#2189=DIRECTION('center_axis',(0.,0.,1.));
#2190=DIRECTION('ref_axis',(0.,1.,0.));
#2191=DIRECTION('',(0.,1.,0.));
#2192=DIRECTION('center_axis',(0.,0.,1.));
#2193=DIRECTION('ref_axis',(0.,1.,0.));
#2194=DIRECTION('center_axis',(0.,0.,-1.));
#2195=DIRECTION('ref_axis',(0.,1.,0.));
#2196=DIRECTION('center_axis',(0.,0.,1.));
#2197=DIRECTION('ref_axis',(0.,1.,0.));
#2198=DIRECTION('',(0.,-1.,0.));
#2199=DIRECTION('center_axis',(-0.947478416533682,0.319819715156565,0.));
#2200=DIRECTION('ref_axis',(0.319819715156565,0.947478416533682,0.));
#2201=DIRECTION('',(0.,0.,-1.));
#2202=DIRECTION('center_axis',(0.,0.,-1.));
#2203=DIRECTION('ref_axis',(0.,-1.,0.));
#2204=DIRECTION('',(0.,0.,-1.));
#2205=DIRECTION('center_axis',(0.,1.,0.));
#2206=DIRECTION('ref_axis',(0.,0.,-1.));
#2207=DIRECTION('',(0.,0.,-1.));
#2208=DIRECTION('center_axis',(0.,0.,-1.));
#2209=DIRECTION('ref_axis',(0.,-1.,0.));
#2210=DIRECTION('',(0.,0.,-1.));
#2211=DIRECTION('center_axis',(1.,0.,0.));
#2212=DIRECTION('ref_axis',(0.,0.,1.));
#2213=DIRECTION('',(0.,0.,-1.));
#2214=DIRECTION('center_axis',(0.,0.,-1.));
#2215=DIRECTION('ref_axis',(0.,-1.,0.));
#2216=DIRECTION('',(0.,0.,-1.));
#2217=DIRECTION('center_axis',(0.,0.,-1.));
#2218=DIRECTION('ref_axis',(0.,-1.,0.));
#2219=DIRECTION('',(0.,0.,-1.));
#2220=DIRECTION('center_axis',(0.,0.,-1.));
#2221=DIRECTION('ref_axis',(0.,-1.,0.));
#2222=DIRECTION('center_axis',(-1.,0.,0.));
#2223=DIRECTION('ref_axis',(0.,0.,-1.));
#2224=DIRECTION('center_axis',(0.,-1.,0.));
#2225=DIRECTION('ref_axis',(0.,0.,-1.));
#2226=DIRECTION('center_axis',(0.,-1.,0.));
#2227=DIRECTION('ref_axis',(0.,0.,-1.));
#2228=DIRECTION('center_axis',(0.,0.,1.));
#2229=DIRECTION('ref_axis',(0.,-1.,0.));
#2230=DIRECTION('',(0.,-1.,0.));
#2231=DIRECTION('center_axis',(1.,0.,0.));
#2232=DIRECTION('ref_axis',(0.,0.,1.));
#2233=DIRECTION('',(0.,-1.,0.));
#2234=DIRECTION('center_axis',(0.,0.,1.));
#2235=DIRECTION('ref_axis',(0.,-1.,0.));
#2236=DIRECTION('',(0.,-1.,0.));
#2237=DIRECTION('center_axis',(0.,-1.,0.));
#2238=DIRECTION('ref_axis',(0.,0.,-1.));
#2239=DIRECTION('center_axis',(4.8440296273628E-13,0.998858454509723,0.0477680631222054));
#2240=DIRECTION('ref_axis',(1.43004704898465E-26,-0.0477680631222054,0.998858454509723));
#2241=DIRECTION('center_axis',(-0.973146139745012,0.227250431338167,-0.0366583163279413));
#2242=DIRECTION('ref_axis',(-0.229938520594256,-0.952269728548941,0.200775100140062));
#2243=DIRECTION('center_axis',(1.93498118700985E-14,-1.,-1.61252961457593E-13));
#2244=DIRECTION('ref_axis',(1.34149714952715E-31,1.61252961457593E-13,-1.));
#2245=DIRECTION('center_axis',(-7.23074605428013E-13,1.,1.70914513490146E-12));
#2246=DIRECTION('ref_axis',(-2.56626745620616E-26,-1.70914513490146E-12,
1.));
#2247=DIRECTION('center_axis',(0.,1.,0.));
#2248=DIRECTION('ref_axis',(0.1191419216163,0.,-0.992877234361618));
#2249=DIRECTION('center_axis',(-0.0435973634421701,0.998880514495253,-0.0183572237168698));
#2250=DIRECTION('ref_axis',(0.920600300902942,0.0473045215777506,0.387630453158305));
#2251=DIRECTION('center_axis',(-0.0435973634421701,0.998880514495253,-0.0183572237168698));
#2252=DIRECTION('ref_axis',(0.920600300902942,0.0473045215777506,0.387630453158305));
#2253=DIRECTION('center_axis',(-0.0435973634421701,0.998880514495253,-0.0183572237168698));
#2254=DIRECTION('ref_axis',(0.920600300902942,0.0473045215777506,0.387630453158305));
#2255=DIRECTION('',(0.,1.,0.));
#2256=DIRECTION('center_axis',(-0.973146139745012,0.227250431338167,-0.0366583163279413));
#2257=DIRECTION('ref_axis',(-0.229938520594256,-0.952269728548941,0.200775100140062));
#2258=DIRECTION('center_axis',(4.8440296273628E-13,0.998858454509723,0.0477680631222054));
#2259=DIRECTION('ref_axis',(1.43004704898465E-26,-0.0477680631222054,0.998858454509723));
#2260=DIRECTION('center_axis',(0.179332778786006,-0.983490293778461,0.0242197542606277));
#2261=DIRECTION('ref_axis',(0.975766728203339,0.174679132574154,-0.131781989567966));
#2262=DIRECTION('center_axis',(0.179332778786006,-0.983490293778461,0.0242197542606277));
#2263=DIRECTION('ref_axis',(0.975766728203339,0.174679132574154,-0.131781989567966));
#2264=DIRECTION('center_axis',(0.179332778786006,-0.983490293778461,0.0242197542606277));
#2265=DIRECTION('ref_axis',(0.975766728203339,0.174679132574154,-0.131781989567966));
#2266=DIRECTION('center_axis',(-0.352757404433012,0.935714814255756,4.94505561701092E-13));
#2267=DIRECTION('ref_axis',(-0.935714814255756,-0.352757404433012,2.52435489670724E-29));
#2268=DIRECTION('center_axis',(-0.352757404434123,0.935714814255337,-3.35829038605738E-12));
#2269=DIRECTION('ref_axis',(-0.935714814255337,-0.352757404434123,3.29781723705765E-25));
#2270=DIRECTION('center_axis',(0.352757404434389,-0.935714814255237,0.));
#2271=DIRECTION('ref_axis',(0.,0.,-1.));
#2272=DIRECTION('',(0.352757404434389,-0.935714814255237,0.));
#2273=DIRECTION('center_axis',(-1.,0.,0.));
#2274=DIRECTION('ref_axis',(0.,0.,1.));
#2275=DIRECTION('',(0.,1.,0.));
#2276=DIRECTION('',(0.,0.707106781186509,-0.707106781186586));
#2277=DIRECTION('',(0.,1.,0.));
#2278=DIRECTION('',(0.,0.,-1.));
#2279=DIRECTION('',(0.,1.,0.));
#2280=DIRECTION('',(0.,0.,-1.));
#2281=DIRECTION('',(0.,1.,0.));
#2282=DIRECTION('',(0.,0.707106781186509,0.707106781186586));
#2283=DIRECTION('center_axis',(0.,0.,1.));
#2284=DIRECTION('ref_axis',(1.,0.,0.));
#2285=DIRECTION('',(0.,-1.,0.));
#2286=DIRECTION('',(1.,0.,0.));
#2287=DIRECTION('',(0.,1.,0.));
#2288=DIRECTION('',(-1.,0.,0.));
#2289=DIRECTION('',(0.,-1.,0.));
#2290=DIRECTION('center_axis',(0.,0.,1.));
#2291=DIRECTION('ref_axis',(0.,-1.,0.));
#2292=DIRECTION('',(-1.,-6.93889390390722E-15,0.));
#2293=DIRECTION('center_axis',(0.,0.,1.));
#2294=DIRECTION('ref_axis',(0.,-1.,0.));
#2295=DIRECTION('',(-1.,0.,0.));
#2296=DIRECTION('',(0.,-1.,0.));
#2297=DIRECTION('',(1.,0.,0.));
#2298=DIRECTION('center_axis',(0.,0.,1.));
#2299=DIRECTION('ref_axis',(0.,-1.,0.));
#2300=DIRECTION('',(1.,6.93889390390722E-15,0.));
#2301=DIRECTION('center_axis',(0.,0.,1.));
#2302=DIRECTION('ref_axis',(0.,-1.,0.));
#2303=DIRECTION('center_axis',(0.,0.,-1.));
#2304=DIRECTION('ref_axis',(-1.,0.,0.));
#2305=DIRECTION('',(0.,0.,-1.));
#2306=DIRECTION('center_axis',(0.,0.,1.));
#2307=DIRECTION('ref_axis',(1.,0.,0.));
#2308=DIRECTION('',(0.,0.,-1.));
#2309=DIRECTION('center_axis',(-6.93889390390722E-15,1.,0.));
#2310=DIRECTION('ref_axis',(-1.,-6.93889390390722E-15,0.));
#2311=DIRECTION('',(0.,0.,-1.));
#2312=DIRECTION('',(1.,6.93889390390722E-15,0.));
#2313=DIRECTION('center_axis',(0.,0.,-1.));
#2314=DIRECTION('ref_axis',(-1.,0.,0.));
#2315=DIRECTION('center_axis',(0.,0.,1.));
#2316=DIRECTION('ref_axis',(1.,0.,0.));
#2317=DIRECTION('center_axis',(0.,0.,-1.));
#2318=DIRECTION('ref_axis',(-1.,0.,0.));
#2319=DIRECTION('',(0.,0.,-1.));
#2320=DIRECTION('center_axis',(0.,0.,1.));
#2321=DIRECTION('ref_axis',(1.,0.,0.));
#2322=DIRECTION('center_axis',(6.93889390390722E-15,-1.,0.));
#2323=DIRECTION('ref_axis',(1.,6.93889390390722E-15,0.));
#2324=DIRECTION('',(0.,0.,-1.));
#2325=DIRECTION('',(-1.,-6.93889390390722E-15,0.));
#2326=DIRECTION('center_axis',(0.,0.,-1.));
#2327=DIRECTION('ref_axis',(-1.,0.,0.));
#2328=DIRECTION('',(0.,0.,-1.));
#2329=DIRECTION('center_axis',(0.,0.,1.));
#2330=DIRECTION('ref_axis',(1.,0.,0.));
#2331=DIRECTION('center_axis',(1.,0.,0.));
#2332=DIRECTION('ref_axis',(0.,0.,-1.));
#2333=DIRECTION('',(0.,1.,0.));
#2334=DIRECTION('',(0.,-0.707106781186509,-0.707106781186586));
#2335=DIRECTION('',(0.,-1.,0.));
#2336=DIRECTION('',(0.,-0.707106781186509,0.707106781186586));
#2337=DIRECTION('center_axis',(0.,0.,1.));
#2338=DIRECTION('ref_axis',(1.,0.,0.));
#2339=DIRECTION('center_axis',(-1.734723475975E-16,0.,1.));
#2340=DIRECTION('ref_axis',(1.,0.,1.734723475975E-16));
#2341=DIRECTION('',(1.,1.7347234759748E-16,1.734723475975E-16));
#2342=DIRECTION('',(0.,-1.,0.));
#2343=DIRECTION('',(-1.,1.7347234759748E-16,-1.734723475975E-16));
#2344=DIRECTION('center_axis',(0.,0.707106781186586,-0.707106781186509));
#2345=DIRECTION('ref_axis',(0.,0.707106781186509,0.707106781186586));
#2346=DIRECTION('',(-0.577350269189605,-0.577350269189605,-0.577350269189668));
#2347=DIRECTION('center_axis',(0.707106781186586,0.,-0.707106781186509));
#2348=DIRECTION('ref_axis',(-0.707106781186509,0.,-0.707106781186586));
#2349=DIRECTION('',(-0.577350269189605,0.577350269189605,-0.577350269189668));
#2350=DIRECTION('center_axis',(0.,-0.707106781186586,-0.707106781186509));
#2351=DIRECTION('ref_axis',(0.,0.707106781186509,-0.707106781186586));
#2352=DIRECTION('center_axis',(1.734723475975E-16,0.,-1.));
#2353=DIRECTION('ref_axis',(-1.,0.,-1.734723475975E-16));
#2354=DIRECTION('',(1.,0.,1.734723475975E-16));
#2355=DIRECTION('',(0.,-1.,0.));
#2356=DIRECTION('',(-1.,0.,-1.734723475975E-16));
#2357=DIRECTION('center_axis',(0.,0.707106781186586,0.707106781186509));
#2358=DIRECTION('ref_axis',(0.,-0.707106781186509,0.707106781186586));
#2359=DIRECTION('',(0.577350269189605,0.577350269189605,-0.577350269189668));
#2360=DIRECTION('center_axis',(0.707106781186586,0.,0.707106781186509));
#2361=DIRECTION('ref_axis',(0.707106781186509,0.,-0.707106781186586));
#2362=DIRECTION('',(0.577350269189605,-0.577350269189605,-0.577350269189668));
#2363=DIRECTION('center_axis',(0.,-0.707106781186586,0.707106781186509));
#2364=DIRECTION('ref_axis',(0.,-0.707106781186509,-0.707106781186586));
#2365=DIRECTION('center_axis',(-1.,0.,0.));
#2366=DIRECTION('ref_axis',(0.,-1.,0.));
#2367=DIRECTION('',(0.,-2.04695881406147E-14,1.));
#2368=DIRECTION('',(0.,1.,0.));
#2369=DIRECTION('',(0.,4.06359208559371E-14,-1.));
#2370=DIRECTION('',(0.,-1.,0.));
#2371=DIRECTION('',(0.,0.,1.));
#2372=DIRECTION('center_axis',(1.,0.,0.));
#2373=DIRECTION('ref_axis',(0.,0.,1.));
#2374=DIRECTION('',(0.,1.,1.11022302462096E-12));
#2375=DIRECTION('center_axis',(1.,0.,0.));
#2376=DIRECTION('ref_axis',(0.,0.,1.));
#2377=DIRECTION('',(0.,-3.42938228008346E-12,-1.));
#2378=DIRECTION('',(0.,-1.,0.));
#2379=DIRECTION('center_axis',(-1.,0.,0.));
#2380=DIRECTION('ref_axis',(0.,-1.,0.));
#2381=DIRECTION('',(0.,4.06359208559371E-14,-1.));
#2382=DIRECTION('',(0.,-1.,0.));
#2383=DIRECTION('',(0.,-2.04695881406147E-14,1.));
#2384=DIRECTION('',(0.,-1.,0.));
#2385=DIRECTION('',(0.,-3.42938228008346E-12,-1.));
#2386=DIRECTION('center_axis',(1.,0.,0.));
#2387=DIRECTION('ref_axis',(0.,1.,0.));
#2388=DIRECTION('',(0.,1.,1.11022302462096E-12));
#2389=DIRECTION('center_axis',(1.,0.,0.));
#2390=DIRECTION('ref_axis',(0.,1.,0.));
#2391=DIRECTION('',(0.,0.,1.));
#2392=DIRECTION('',(0.,-1.,0.));
#2393=DIRECTION('center_axis',(0.,-1.,-2.04695881406147E-14));
#2394=DIRECTION('ref_axis',(0.,2.04695881406147E-14,-1.));
#2395=DIRECTION('',(1.,0.,0.));
#2396=DIRECTION('center_axis',(0.,-1.,-2.04695881406147E-14));
#2397=DIRECTION('ref_axis',(0.,2.04695881406147E-14,-1.));
#2398=DIRECTION('center_axis',(0.,-1.,-2.04695881406147E-14));
#2399=DIRECTION('ref_axis',(0.,2.04695881406147E-14,-1.));
#2400=DIRECTION('',(-1.,0.,0.));
#2401=DIRECTION('',(0.,-2.04695881406147E-14,1.));
#2402=DIRECTION('',(1.,-2.04695881406147E-14,0.));
#2403=DIRECTION('',(0.,2.04695881406147E-14,-1.));
#2404=DIRECTION('center_axis',(0.,1.,4.06359208559371E-14));
#2405=DIRECTION('ref_axis',(0.,-4.06359208559371E-14,1.));
#2406=DIRECTION('center_axis',(0.,1.,4.06359208559371E-14));
#2407=DIRECTION('ref_axis',(0.,-4.06359208559371E-14,1.));
#2408=DIRECTION('',(-1.,0.,0.));
#2409=DIRECTION('',(0.,-4.06359208559371E-14,1.));
#2410=DIRECTION('',(-1.,4.06359208559371E-14,0.));
#2411=DIRECTION('',(0.,4.06359208559371E-14,-1.));
#2412=DIRECTION('',(1.,0.,0.));
#2413=DIRECTION('center_axis',(0.,1.,4.06359208559371E-14));
#2414=DIRECTION('ref_axis',(0.,-4.06359208559371E-14,1.));
#2415=DIRECTION('center_axis',(0.,0.,-1.));
#2416=DIRECTION('ref_axis',(-1.,0.,0.));
#2417=DIRECTION('',(1.,0.,0.));
#2418=DIRECTION('',(0.,1.,0.));
#2419=DIRECTION('',(0.,-1.,0.));
#2420=DIRECTION('center_axis',(0.,0.,1.));
#2421=DIRECTION('ref_axis',(-1.,0.,0.));
#2422=DIRECTION('',(0.319819715156565,-0.947478416533682,0.));
#2423=DIRECTION('center_axis',(0.,0.,-1.));
#2424=DIRECTION('ref_axis',(-1.,0.,0.));
#2425=DIRECTION('',(1.,0.,0.));
#2426=DIRECTION('center_axis',(0.,0.,-1.));
#2427=DIRECTION('ref_axis',(-1.,0.,0.));
#2428=DIRECTION('',(0.,1.,0.));
#2429=DIRECTION('center_axis',(0.,0.,-1.));
#2430=DIRECTION('ref_axis',(-1.,0.,0.));
#2431=DIRECTION('center_axis',(0.,0.,1.));
#2432=DIRECTION('ref_axis',(-1.,0.,0.));
#2433=DIRECTION('center_axis',(0.,0.,-1.));
#2434=DIRECTION('ref_axis',(-1.,0.,0.));
#2435=DIRECTION('center_axis',(0.,0.,-1.));
#2436=DIRECTION('ref_axis',(-1.,0.,0.));
#2437=DIRECTION('',(0.,1.,0.));
#2438=DIRECTION('',(-1.,0.,0.));
#2439=DIRECTION('center_axis',(0.,0.,-1.));
#2440=DIRECTION('ref_axis',(-1.,0.,0.));
#2441=DIRECTION('',(0.389952082411325,0.92083514997152,0.));
#2442=DIRECTION('center_axis',(0.,0.,-1.));
#2443=DIRECTION('ref_axis',(-1.,0.,0.));
#2444=DIRECTION('',(-1.,-8.91888391052724E-12,0.));
#2445=DIRECTION('center_axis',(0.,0.,-1.));
#2446=DIRECTION('ref_axis',(-1.,0.,0.));
#2447=DIRECTION('center_axis',(0.,0.,1.));
#2448=DIRECTION('ref_axis',(-1.,0.,0.));
#2449=DIRECTION('',(0.,-1.,0.));
#2450=DIRECTION('center_axis',(-1.,0.,0.));
#2451=DIRECTION('ref_axis',(0.,-1.,0.));
#2452=DIRECTION('',(-1.,0.,0.));
#2453=DIRECTION('',(-1.,0.,0.));
#2454=DIRECTION('center_axis',(0.,-1.11022302462096E-12,1.));
#2455=DIRECTION('ref_axis',(0.,-1.,-1.11022302462096E-12));
#2456=DIRECTION('',(-1.,0.,0.));
#2457=DIRECTION('center_axis',(-1.,0.,0.));
#2458=DIRECTION('ref_axis',(0.,-1.,0.));
#2459=DIRECTION('',(-1.,0.,0.));
#2460=DIRECTION('center_axis',(0.,1.,-3.42938228008346E-12));
#2461=DIRECTION('ref_axis',(0.,3.42938228008346E-12,1.));
#2462=DIRECTION('center_axis',(0.,1.,-3.42938228008346E-12));
#2463=DIRECTION('ref_axis',(0.,3.42938228008346E-12,1.));
#2464=DIRECTION('',(1.,-3.42938228008346E-12,0.));
#2465=DIRECTION('',(0.,0.,-1.));
#2466=DIRECTION('center_axis',(0.,-1.,0.));
#2467=DIRECTION('ref_axis',(1.,0.,0.));
#2468=DIRECTION('center_axis',(0.,-1.,0.));
#2469=DIRECTION('ref_axis',(0.,0.,-1.));
#2470=DIRECTION('',(0.,0.,-1.));
#2471=DIRECTION('',(-1.,0.,0.));
#2472=DIRECTION('center_axis',(0.,0.,-1.));
#2473=DIRECTION('ref_axis',(0.,-1.,0.));
#2474=DIRECTION('center_axis',(0.,0.,-1.));
#2475=DIRECTION('ref_axis',(0.,1.,0.));
#2476=DIRECTION('',(0.,0.,-1.));
#2477=DIRECTION('center_axis',(-0.92083514997152,0.389952082411325,0.));
#2478=DIRECTION('ref_axis',(-0.389952082411325,-0.92083514997152,0.));
#2479=DIRECTION('',(0.389952082411325,0.92083514997152,0.));
#2480=DIRECTION('',(0.,0.,-1.));
#2481=DIRECTION('center_axis',(0.,0.,-1.));
#2482=DIRECTION('ref_axis',(0.,-1.,0.));
#2483=DIRECTION('center_axis',(0.,0.,-1.));
#2484=DIRECTION('ref_axis',(0.,1.,0.));
#2485=DIRECTION('',(0.,0.,-1.));
#2486=DIRECTION('center_axis',(8.91888391052724E-12,-1.,0.));
#2487=DIRECTION('ref_axis',(1.,8.91888391052724E-12,0.));
#2488=DIRECTION('',(-1.,-8.91888391052724E-12,0.));
#2489=DIRECTION('',(0.,0.,-1.));
#2490=DIRECTION('center_axis',(0.,0.,-1.));
#2491=DIRECTION('ref_axis',(0.,-1.,0.));
#2492=DIRECTION('center_axis',(0.,0.,-1.));
#2493=DIRECTION('ref_axis',(0.,1.,0.));
#2494=DIRECTION('',(0.,0.,-1.));
#2495=DIRECTION('center_axis',(0.,0.,-1.));
#2496=DIRECTION('ref_axis',(0.,-1.,0.));
#2497=DIRECTION('',(0.,-1.,0.));
#2498=DIRECTION('center_axis',(0.,0.,1.));
#2499=DIRECTION('ref_axis',(0.,1.,0.));
#2500=DIRECTION('center_axis',(0.,0.,-1.));
#2501=DIRECTION('ref_axis',(0.,-1.,0.));
#2502=DIRECTION('',(0.,0.,1.));
#2503=DIRECTION('center_axis',(1.,0.,0.));
#2504=DIRECTION('ref_axis',(0.,0.,-1.));
#2505=DIRECTION('center_axis',(0.,0.,-1.));
#2506=DIRECTION('ref_axis',(0.,-1.,0.));
#2507=DIRECTION('',(0.,0.,-1.));
#2508=DIRECTION('center_axis',(0.,0.,1.));
#2509=DIRECTION('ref_axis',(0.,1.,0.));
#2510=DIRECTION('',(0.,0.,-1.));
#2511=DIRECTION('center_axis',(0.,0.,-1.));
#2512=DIRECTION('ref_axis',(0.,-1.,0.));
#2513=DIRECTION('',(0.,-1.,0.));
#2514=DIRECTION('center_axis',(0.,0.,-1.));
#2515=DIRECTION('ref_axis',(0.,1.,0.));
#2516=DIRECTION('center_axis',(0.,0.,1.));
#2517=DIRECTION('ref_axis',(0.,1.,0.));
#2518=DIRECTION('center_axis',(0.,0.,-1.));
#2519=DIRECTION('ref_axis',(0.,1.,0.));
#2520=DIRECTION('',(0.,1.,0.));
#2521=DIRECTION('center_axis',(0.,0.,-1.));
#2522=DIRECTION('ref_axis',(0.,1.,0.));
#2523=DIRECTION('',(1.,0.,0.));
#2524=DIRECTION('center_axis',(0.,0.,-1.));
#2525=DIRECTION('ref_axis',(0.,1.,0.));
#2526=DIRECTION('',(0.319819715156565,-0.947478416533682,0.));
#2527=DIRECTION('center_axis',(0.947478416533682,0.319819715156565,0.));
#2528=DIRECTION('ref_axis',(-0.319819715156565,0.947478416533682,0.));
#2529=DIRECTION('',(0.,0.,-1.));
#2530=DIRECTION('center_axis',(0.,0.,-1.));
#2531=DIRECTION('ref_axis',(0.,-1.,0.));
#2532=DIRECTION('',(0.,0.,-1.));
#2533=DIRECTION('center_axis',(0.,1.,0.));
#2534=DIRECTION('ref_axis',(0.,0.,-1.));
#2535=DIRECTION('',(0.,0.,-1.));
#2536=DIRECTION('center_axis',(0.,0.,-1.));
#2537=DIRECTION('ref_axis',(0.,-1.,0.));
#2538=DIRECTION('',(0.,0.,-1.));
#2539=DIRECTION('center_axis',(-1.,0.,0.));
#2540=DIRECTION('ref_axis',(0.,0.,1.));
#2541=DIRECTION('',(0.,0.,-1.));
#2542=DIRECTION('center_axis',(0.,0.,-1.));
#2543=DIRECTION('ref_axis',(0.,-1.,0.));
#2544=DIRECTION('',(0.,0.,-1.));
#2545=DIRECTION('center_axis',(0.,0.,-1.));
#2546=DIRECTION('ref_axis',(0.,-1.,0.));
#2547=DIRECTION('',(0.,0.,-1.));
#2548=DIRECTION('center_axis',(0.,0.,-1.));
#2549=DIRECTION('ref_axis',(0.,-1.,0.));
#2550=DIRECTION('center_axis',(1.,0.,0.));
#2551=DIRECTION('ref_axis',(0.,0.,-1.));
#2552=DIRECTION('center_axis',(0.,-1.,0.));
#2553=DIRECTION('ref_axis',(0.,0.,-1.));
#2554=DIRECTION('center_axis',(0.,-1.,0.));
#2555=DIRECTION('ref_axis',(0.,0.,-1.));
#2556=DIRECTION('center_axis',(0.,0.,1.));
#2557=DIRECTION('ref_axis',(0.,-1.,0.));
#2558=DIRECTION('',(0.,-1.,0.));
#2559=DIRECTION('center_axis',(-1.,0.,0.));
#2560=DIRECTION('ref_axis',(0.,0.,1.));
#2561=DIRECTION('',(0.,-1.,0.));
#2562=DIRECTION('center_axis',(0.,0.,1.));
#2563=DIRECTION('ref_axis',(0.,-1.,0.));
#2564=DIRECTION('',(0.,-1.,0.));
#2565=DIRECTION('center_axis',(0.,-1.,0.));
#2566=DIRECTION('ref_axis',(0.,0.,-1.));
#2567=CARTESIAN_POINT('',(0.,0.,0.));
#2568=CARTESIAN_POINT('Origin',(-5.19999999999982,45.6500000001833,1.37424444796352));
#2569=CARTESIAN_POINT('',(-5.19999999999982,-1.44999999981771,0.0999999999975622));
#2570=CARTESIAN_POINT('',(-5.19999999999982,-1.44999999981771,1.5999999999975));
#2571=CARTESIAN_POINT('',(-5.19999999999982,-1.44999999981771,1.37424444796256));
#2572=CARTESIAN_POINT('',(-5.19999999999982,-0.549999999816748,1.5999999999975));
#2573=CARTESIAN_POINT('',(-5.19999999999982,45.6500000001833,1.5999999999975));
#2574=CARTESIAN_POINT('',(-5.19999999999982,-0.549999999817672,1.19999999999754));
#2575=CARTESIAN_POINT('',(-5.19999999999982,-0.549999999817672,1.37424444812196));
#2576=CARTESIAN_POINT('',(-5.19999999999982,-0.349999999816717,0.999999999997335));
#2577=CARTESIAN_POINT('Origin',(-5.19999999999982,-0.349999999817712,1.19999999999754));
#2578=CARTESIAN_POINT('',(-5.19999999999982,0.0500000001843404,0.99999999999778));
#2579=CARTESIAN_POINT('',(-5.19999999999982,45.6500000001833,1.00000000004841));
#2580=CARTESIAN_POINT('',(-5.19999999999982,0.250000000184301,1.19999999999754));
#2581=CARTESIAN_POINT('Origin',(-5.19999999999982,0.0500000001843404,1.19999999999754));
#2582=CARTESIAN_POINT('',(-5.19999999999982,0.250000000184301,1.5999999999975));
#2583=CARTESIAN_POINT('',(-5.19999999999982,0.250000000184301,1.37424444796352));
#2584=CARTESIAN_POINT('',(-5.19999999999982,1.45000000018328,1.5999999999975));
#2585=CARTESIAN_POINT('',(-5.19999999999982,45.6500000001833,1.5999999999975));
#2586=CARTESIAN_POINT('',(-5.19999999999982,1.45000000018328,0.0999999999975622));
#2587=CARTESIAN_POINT('',(-5.19999999999982,1.45000000018328,1.37424444796173));
#2588=CARTESIAN_POINT('',(-5.19999999999982,45.6500000001833,0.0999999999975622));
#2589=CARTESIAN_POINT('Origin',(-5.,45.6500000001833,1.37424444796352));
#2590=CARTESIAN_POINT('',(-5.,1.45000000018328,1.5));
#2591=CARTESIAN_POINT('',(-5.,1.45000000018328,0.199999999997646));
#2592=CARTESIAN_POINT('',(-5.,1.45000000018328,1.37424444796173));
#2593=CARTESIAN_POINT('',(-5.,0.250000000184301,1.5));
#2594=CARTESIAN_POINT('',(-5.,45.6500000001833,1.5));
#2595=CARTESIAN_POINT('',(-5.,0.250000000184301,1.19999999999754));
#2596=CARTESIAN_POINT('',(-5.,0.250000000184301,1.19999999999754));
#2597=CARTESIAN_POINT('',(-5.,0.0500000001843404,0.99999999999778));
#2598=CARTESIAN_POINT('Origin',(-5.,0.0500000001843404,1.19999999999754));
#2599=CARTESIAN_POINT('',(-5.,-0.349999999816717,0.999999999997335));
#2600=CARTESIAN_POINT('',(-5.,-0.349999999817712,0.999999999997335));
#2601=CARTESIAN_POINT('',(-5.,-0.549999999817672,1.19999999999754));
#2602=CARTESIAN_POINT('Origin',(-5.,-0.349999999817712,1.19999999999754));
#2603=CARTESIAN_POINT('',(-5.,-0.549999999816748,1.5));
#2604=CARTESIAN_POINT('',(-5.,-0.549999999816748,1.71798157636382));
#2605=CARTESIAN_POINT('',(-5.,-1.44999999981771,1.5));
#2606=CARTESIAN_POINT('',(-5.,45.6500000001833,1.5));
#2607=CARTESIAN_POINT('',(-5.,-1.44999999981771,0.2));
#2608=CARTESIAN_POINT('',(-5.,-1.44999999981771,-4.09000000000293));
#2609=CARTESIAN_POINT('',(-5.,45.6500000001833,0.2));
#2610=CARTESIAN_POINT('Origin',(-5.25000000000006,-1.44999999981771,-4.09000000000293));
#2611=CARTESIAN_POINT('',(-3.00000000000011,-1.44999999981771,-2.43791098419877E-12));
#2612=CARTESIAN_POINT('',(-5.09999999999991,-1.44999999981771,-2.43791098419877E-12));
#2613=CARTESIAN_POINT('',(-6.17424444796001,-1.44999999981771,-2.43791098419877E-12));
#2614=CARTESIAN_POINT('',(-3.00000000000011,-1.44999999981771,0.199999999997646));
#2615=CARTESIAN_POINT('',(-3.00000000000011,-1.44999999981771,-4.09000000000293));
#2616=CARTESIAN_POINT('',(-0.70999999999998,-1.44999999981771,0.199999999997646));
#2617=CARTESIAN_POINT('',(-5.,-1.44999999981771,1.6999999999975));
#2618=CARTESIAN_POINT('',(-5.,-1.44999999981771,-4.09000000000293));
#2619=CARTESIAN_POINT('',(-5.09999999999991,-1.44999999981771,1.6999999999975));
#2620=CARTESIAN_POINT('',(-5.37500000000023,-1.44999999981771,1.6999999999975));
#2621=CARTESIAN_POINT('Origin',(-5.09999999999991,-1.44999999981771,1.5999999999975));
#2622=CARTESIAN_POINT('Origin',(-5.09999999999991,-1.44999999981771,0.0999999999975622));
#2623=CARTESIAN_POINT('Origin',(-5.25000000000006,1.45000000018328,1.37424444796352));
#2624=CARTESIAN_POINT('',(-5.09999999999991,1.45000000018328,1.6999999999975));
#2625=CARTESIAN_POINT('Origin',(-5.09999999999991,1.45000000018328,1.5999999999975));
#2626=CARTESIAN_POINT('',(-5.,1.45000000018328,1.6999999999975));
#2627=CARTESIAN_POINT('',(-5.37500000000023,1.45000000018328,1.6999999999975));
#2628=CARTESIAN_POINT('',(-5.,1.45000000018328,1.37424444796173));
#2629=CARTESIAN_POINT('',(-3.00000000000011,1.45000000018328,0.199999999997646));
#2630=CARTESIAN_POINT('',(-6.17424444796001,1.45000000018328,0.199999999997646));
#2631=CARTESIAN_POINT('',(-3.00000000000011,1.45000000018328,-2.43791098419877E-12));
#2632=CARTESIAN_POINT('',(-3.00000000000011,1.45000000018328,1.37424444796352));
#2633=CARTESIAN_POINT('',(-5.09999999999991,1.45000000018328,-2.43791098419877E-12));
#2634=CARTESIAN_POINT('',(-6.17424444796001,1.45000000018328,-2.43791098419877E-12));
#2635=CARTESIAN_POINT('Origin',(-5.09999999999991,1.45000000018328,0.0999999999975622));
#2636=CARTESIAN_POINT('Origin',(-5.37500000000023,1.8324897155253E-10,1.6999999999975));
#2637=CARTESIAN_POINT('',(-4.74104418878994,0.250000000184301,1.6999999999975));
#2638=CARTESIAN_POINT('',(-5.09999999999991,0.250000000184301,1.6999999999975));
#2639=CARTESIAN_POINT('',(-5.25000000000006,0.250000000184301,1.6999999999975));
#2640=CARTESIAN_POINT('',(-4.24718541912,0.671875000183277,1.6999999999975));
#2641=CARTESIAN_POINT('Origin',(-4.74104418877999,0.750000000184272,1.6999999999975));
#2642=CARTESIAN_POINT('',(-3.08490939180018,2.99555237735227,1.6999999999975));
#2643=CARTESIAN_POINT('Origin',(0.,1.8324897155253E-10,1.6999999999975));
#2644=CARTESIAN_POINT('',(-2.94361978620003,3.34387242120833,1.6999999999975));
#2645=CARTESIAN_POINT('Origin',(-3.44361978619986,3.34387242120833,1.6999999999975));
#2646=CARTESIAN_POINT('',(-2.94361978620003,3.59861916185629,1.6999999999975));
#2647=CARTESIAN_POINT('',(-2.94361978620003,1.8324897155253E-10,1.6999999999975));
#2648=CARTESIAN_POINT('',(-3.24361978620004,3.8986191618563,1.6999999999975));
#2649=CARTESIAN_POINT('Origin',(-3.24361978620004,3.59861916185629,1.6999999999975));
#2650=CARTESIAN_POINT('',(-3.43776667892001,3.8986191618563,1.6999999999975));
#2651=CARTESIAN_POINT('',(-5.37500000000023,3.8986191618563,1.6999999999975));
#2652=CARTESIAN_POINT('',(-4.38524509545005,3.21843887701228,1.6999999999975));
#2653=CARTESIAN_POINT('Origin',(-3.43776667892001,2.89861916185629,1.6999999999975));
#2654=CARTESIAN_POINT('',(-4.93625986872985,1.58603605715129,1.6999999999975));
#2655=CARTESIAN_POINT('',(-5.46174050743986,0.0292791097612621,1.6999999999975));
#2656=CARTESIAN_POINT('',(-5.,1.4944829878273,1.6999999999975));
#2657=CARTESIAN_POINT('Origin',(-5.12575555203,1.65000000018331,1.6999999999975));
#2658=CARTESIAN_POINT('',(-5.,1.8324897155253E-10,1.6999999999975));
#2659=CARTESIAN_POINT('',(-5.09999999999991,1.8324897155253E-10,1.6999999999975));
#2660=CARTESIAN_POINT('Origin',(-5.37500000000023,1.8324897155253E-10,1.6999999999975));
#2661=CARTESIAN_POINT('',(-5.,-1.4700242584977,1.6999999999975));
#2662=CARTESIAN_POINT('',(-5.,1.8324897155253E-10,1.6999999999975));
#2663=CARTESIAN_POINT('',(-4.48373450935009,-2.30555555537471,1.6999999999975));
#2664=CARTESIAN_POINT('Origin',(-5.16623173949995,-2.1499999998327,1.6999999999975));
#2665=CARTESIAN_POINT('',(-4.28873530075009,-2.5499999998177,1.6999999999975));
#2666=CARTESIAN_POINT('Origin',(-4.28873530074014,-2.34999999981774,1.6999999999975));
#2667=CARTESIAN_POINT('',(-4.18915126885992,-2.5499999998177,1.6999999999975));
#2668=CARTESIAN_POINT('',(-5.37500000002012,-2.54999999980768,1.6999999999975));
#2669=CARTESIAN_POINT('',(-3.91290072386994,-2.13301437509472,1.6999999999975));
#2670=CARTESIAN_POINT('Origin',(-4.18915126885992,-2.24999999981769,1.6999999999975));
#2671=CARTESIAN_POINT('',(-4.50576787864009,-0.733014375092722,1.6999999999975));
#2672=CARTESIAN_POINT('',(-4.90115756129995,0.200661156212263,1.6999999999975));
#2673=CARTESIAN_POINT('',(-4.78201842363006,-0.549999999816748,1.6999999999975));
#2674=CARTESIAN_POINT('Origin',(-4.78201842363006,-0.849999999816689,1.6999999999975));
#2675=CARTESIAN_POINT('',(-5.09999999999991,-0.549999999816748,1.6999999999975));
#2676=CARTESIAN_POINT('',(-5.25000000000006,-0.549999999816748,1.6999999999975));
#2677=CARTESIAN_POINT('',(-5.09999999999991,1.8324897155253E-10,1.6999999999975));
#2678=CARTESIAN_POINT('Origin',(-5.25000000000006,0.0500000001843404,1.19999999999754));
#2679=CARTESIAN_POINT('',(-5.25000000000006,0.250000000184301,1.19999999999754));
#2680=CARTESIAN_POINT('',(-5.25000000000006,0.0500000001843404,0.99999999999778));
#2681=CARTESIAN_POINT('Origin',(-5.25000000000006,-0.349999999817712,0.999999999997335));
#2682=CARTESIAN_POINT('',(-5.25000000000006,-0.349999999816717,0.999999999997335));
#2683=CARTESIAN_POINT('Origin',(-5.25000000000006,-0.349999999817712,1.19999999999754));
#2684=CARTESIAN_POINT('',(-5.25000000000006,-0.549999999817672,1.19999999999754));
#2685=CARTESIAN_POINT('Origin',(-5.25000000000006,-0.549999999816748,1.71798157636382));
#2686=CARTESIAN_POINT('',(-4.78201842363006,-0.549999999816748,1.5));
#2687=CARTESIAN_POINT('',(-4.78201842363006,-0.549999999816748,1.75));
#2688=CARTESIAN_POINT('',(-4.78201842363006,-0.549999999816748,1.5));
#2689=CARTESIAN_POINT('Origin',(-5.09999999999991,-0.549999999816748,1.5999999999975));
#2690=CARTESIAN_POINT('Origin',(-5.25000000000006,0.250000000184301,1.19999999999754));
#2691=CARTESIAN_POINT('',(-4.74104418878994,0.250000000184301,1.5));
#2692=CARTESIAN_POINT('',(-5.30000000000001,0.250000000184301,1.5));
#2693=CARTESIAN_POINT('',(-4.74104418878994,0.250000000184301,1.75));
#2694=CARTESIAN_POINT('Origin',(-5.09999999999991,0.250000000184301,1.5999999999975));
#2695=CARTESIAN_POINT('Origin',(-4.78201842363006,-0.849999999816689,1.75));
#2696=CARTESIAN_POINT('',(-4.50576787864009,-0.733014375092722,1.5));
#2697=CARTESIAN_POINT('Origin',(-4.78201842363006,-0.849999999816689,1.5));
#2698=CARTESIAN_POINT('',(-4.50576787864009,-0.733014375092722,1.75));
#2699=CARTESIAN_POINT('Origin',(-3.91290072386994,-2.13301437509472,1.75));
#2700=CARTESIAN_POINT('',(-3.91290072386994,-2.13301437509472,1.5));
#2701=CARTESIAN_POINT('',(-3.91290072386994,-2.13301437509472,1.5));
#2702=CARTESIAN_POINT('',(-3.91290072386994,-2.13301437509472,1.75));
#2703=CARTESIAN_POINT('Origin',(-4.18915126885992,-2.24999999981769,1.75));
#2704=CARTESIAN_POINT('',(-4.18915126885992,-2.5499999998177,1.5));
#2705=CARTESIAN_POINT('Origin',(-4.18915126885992,-2.24999999981769,1.5));
#2706=CARTESIAN_POINT('',(-4.18915126885992,-2.5499999998177,1.75));
#2707=CARTESIAN_POINT('Origin',(-4.28873530075009,-2.54999999981671,1.75));
#2708=CARTESIAN_POINT('',(-4.28873530075009,-2.5499999998177,1.5));
#2709=CARTESIAN_POINT('',(-4.28873530075009,-2.54999999981671,1.5));
#2710=CARTESIAN_POINT('',(-4.28873530075009,-2.5499999998177,1.75));
#2711=CARTESIAN_POINT('Origin',(-4.28873530074014,-2.34999999981774,1.75));
#2712=CARTESIAN_POINT('',(-4.48373450935009,-2.30555555537471,1.5));
#2713=CARTESIAN_POINT('Origin',(-4.28873530074014,-2.34999999981774,1.5));
#2714=CARTESIAN_POINT('',(-4.48373450935009,-2.30555555537471,1.75));
#2715=CARTESIAN_POINT('Origin',(-5.12575555203,45.6500000001833,1.5));
#2716=CARTESIAN_POINT('',(-5.,-1.4700242584977,1.5));
#2717=CARTESIAN_POINT('Origin',(-5.16623173949995,-2.1499999998327,1.5));
#2718=CARTESIAN_POINT('',(-5.,45.6500000001833,1.5));
#2719=CARTESIAN_POINT('Origin',(-5.16623173949995,-2.1499999998327,1.75));
#2720=CARTESIAN_POINT('',(-5.,-1.4700242584977,1.75));
#2721=CARTESIAN_POINT('Origin',(-5.,1.8324897155253E-10,1.875));
#2722=CARTESIAN_POINT('Origin',(-5.12575555203,1.65000000018331,1.75));
#2723=CARTESIAN_POINT('',(-4.93625986872985,1.58603605715129,1.5));
#2724=CARTESIAN_POINT('',(-4.93625986872985,1.58603605715129,1.75));
#2725=CARTESIAN_POINT('',(-5.,1.4944829878273,1.5));
#2726=CARTESIAN_POINT('Origin',(-5.12575555203,1.65000000018331,1.5));
#2727=CARTESIAN_POINT('',(-5.,1.4944829878273,1.75));
#2728=CARTESIAN_POINT('Origin',(-5.12575555203,45.6500000001833,1.5));
#2729=CARTESIAN_POINT('',(-4.38524509545005,3.21843887701228,1.5));
#2730=CARTESIAN_POINT('',(-4.38524509545005,3.21843887701327,1.5));
#2731=CARTESIAN_POINT('',(-3.43776667892001,3.8986191618563,1.5));
#2732=CARTESIAN_POINT('Origin',(-3.43776667892001,2.89861916185629,1.5));
#2733=CARTESIAN_POINT('',(-3.24361978620004,3.8986191618563,1.5));
#2734=CARTESIAN_POINT('',(-3.24361978620004,3.8986191618563,1.5));
#2735=CARTESIAN_POINT('',(-2.94361978620003,3.59861916185629,1.5));
#2736=CARTESIAN_POINT('Origin',(-3.24361978620004,3.59861916185629,1.5));
#2737=CARTESIAN_POINT('',(-2.94361978620003,3.34387242120833,1.5));
#2738=CARTESIAN_POINT('',(-2.94361978620003,3.34387242120833,1.5));
#2739=CARTESIAN_POINT('',(-3.08490939180018,2.99555237735227,1.5));
#2740=CARTESIAN_POINT('Origin',(-3.44361978619986,3.34387242120833,1.5));
#2741=CARTESIAN_POINT('',(-4.24718541912,0.671875000183277,1.5));
#2742=CARTESIAN_POINT('Origin',(0.,1.8324897155253E-10,1.5));
#2743=CARTESIAN_POINT('Origin',(-4.74104418877999,0.750000000184272,1.5));
#2744=CARTESIAN_POINT('',(-5.,45.6500000001833,1.5));
#2745=CARTESIAN_POINT('Origin',(-4.38524509545005,3.21843887701327,1.75));
#2746=CARTESIAN_POINT('',(-4.38524509545005,3.21843887701228,1.75));
#2747=CARTESIAN_POINT('Origin',(-3.43776667892001,2.89861916185629,1.75));
#2748=CARTESIAN_POINT('',(-3.43776667892001,3.8986191618563,1.75));
#2749=CARTESIAN_POINT('Origin',(-3.24361978620004,3.8986191618563,1.75));
#2750=CARTESIAN_POINT('',(-3.24361978620004,3.8986191618563,1.75));
#2751=CARTESIAN_POINT('Origin',(-3.24361978620004,3.59861916185629,1.75));
#2752=CARTESIAN_POINT('',(-2.94361978620003,3.59861916185629,1.75));
#2753=CARTESIAN_POINT('Origin',(-2.94361978620003,3.34387242120833,1.75));
#2754=CARTESIAN_POINT('',(-2.94361978620003,3.34387242120833,1.75));
#2755=CARTESIAN_POINT('Origin',(-3.44361978619986,3.34387242120833,1.75));
#2756=CARTESIAN_POINT('',(-3.08490939180018,2.99555237735227,1.75));
#2757=CARTESIAN_POINT('Origin',(0.,1.8324897155253E-10,1.75));
#2758=CARTESIAN_POINT('',(-4.24718541912,0.671875000183277,1.75));
#2759=CARTESIAN_POINT('Origin',(-4.74104418877999,0.750000000184272,1.75));
#2760=CARTESIAN_POINT('Origin',(-5.,1.8324897155253E-10,1.875));
#2761=CARTESIAN_POINT('Origin',(-5.09999999999991,45.6500000001833,1.5999999999975));
#2762=CARTESIAN_POINT('Origin',(-5.09999999999991,45.6500000001833,1.5999999999975));
#2763=CARTESIAN_POINT('Origin',(-6.17424444796001,45.6500000001833,0.199999999997646));
#2764=CARTESIAN_POINT('',(-3.00000000000011,45.6500000001833,0.199999999997646));
#2765=CARTESIAN_POINT('Origin',(-3.00000000000011,1.8324897155253E-10,-0.3000000000023));
#2766=CARTESIAN_POINT('',(-3.00000000000011,45.6500000001833,-2.43791098419877E-12));
#2767=CARTESIAN_POINT('Origin',(-6.17424444796001,45.6500000001833,-2.43791098419877E-12));
#2768=CARTESIAN_POINT('',(-5.09999999999991,45.6500000001833,-2.43791098419877E-12));
#2769=CARTESIAN_POINT('Origin',(-5.09999999999991,45.6500000001833,0.0999999999975622));
#2770=CARTESIAN_POINT('Ctrl Pts',(2.3564890499444,-0.0167177360023436,3.61707775211607));
#2771=CARTESIAN_POINT('Ctrl Pts',(2.3564890499444,1.42868623935052,3.6862008075605));
#2772=CARTESIAN_POINT('Ctrl Pts',(1.87931354352441,2.79584963573662,3.15492927628849));
#2773=CARTESIAN_POINT('Ctrl Pts',(0.696102098571857,3.07215480743952,3.11035782123342));
#2774=CARTESIAN_POINT('Ctrl Pts',(2.263485847146,-0.0167683726766226,3.61813659493018));
#2775=CARTESIAN_POINT('Ctrl Pts',(2.263485847146,1.4134769404749,3.68653472290404));
#2776=CARTESIAN_POINT('Ctrl Pts',(1.80718094028111,2.7208436386039,3.1784998314748));
#2777=CARTESIAN_POINT('Ctrl Pts',(0.674851766988279,2.98526671191492,3.13584510642941));
#2778=CARTESIAN_POINT('Ctrl Pts',(2.1683080242262,-0.0152601209996526,3.5865981602436));
#2779=CARTESIAN_POINT('Ctrl Pts',(2.1683080242262,1.39272766800219,3.65393187432204));
#2780=CARTESIAN_POINT('Ctrl Pts',(1.73474644775984,2.63493207591153,3.1712186597294));
#2781=CARTESIAN_POINT('Ctrl Pts',(0.652274298007128,2.8877124681881,3.1304420437011));
#2782=CARTESIAN_POINT('Ctrl Pts',(2.09741346004003,-0.0120676305324376,
3.51984129622956));
#2783=CARTESIAN_POINT('Ctrl Pts',(2.09741346004003,1.37039653008482,3.58595440263702));
#2784=CARTESIAN_POINT('Ctrl Pts',(1.68262907872616,2.55880208714173,3.12414710020428));
#2785=CARTESIAN_POINT('Ctrl Pts',(0.634356016743064,2.80359626118206,3.0846587603417));
#2786=CARTESIAN_POINT('Ctrl Pts',(2.05521988398004,-0.00882411133368066,
3.45201739125469));
#2787=CARTESIAN_POINT('Ctrl Pts',(2.05521988398004,1.3526413680038,3.51712628497483));
#2788=CARTESIAN_POINT('Ctrl Pts',(1.65280340914478,2.50561143267575,3.06908900326579));
#2789=CARTESIAN_POINT('Ctrl Pts',(0.622976792715235,2.74609796725883,3.03029553913527));
#2790=CARTESIAN_POINT('Ctrl Pts',(1.98990857885008,-0.00380347805567283,
3.34703297972668));
#2791=CARTESIAN_POINT('Ctrl Pts',(1.98990857885008,1.32515820785031,3.41058745575197));
#2792=CARTESIAN_POINT('Ctrl Pts',(1.60663634797999,2.42327778409027,2.98386474628618));
#2793=CARTESIAN_POINT('Ctrl Pts',(0.605362927240094,2.6570965369573,2.94614687813973));
#2794=CARTESIAN_POINT('Ctrl Pts',(1.95569946605019,0.00442596464729661,
3.17495046512595));
#2795=CARTESIAN_POINT('Ctrl Pts',(1.95569946605019,1.29215428641729,3.23653305220948));
#2796=CARTESIAN_POINT('Ctrl Pts',(1.58742504852995,2.34730338081228,2.8265084153728));
#2797=CARTESIAN_POINT('Ctrl Pts',(0.59315692161988,2.57948624778429,2.78905443593397));
#2798=CARTESIAN_POINT('Ctrl Pts',(2.06266734004004,0.0110807009843228,3.03579599205776));
#2799=CARTESIAN_POINT('Ctrl Pts',(2.06266734004998,1.28772618666332,3.09684856849603));
#2800=CARTESIAN_POINT('Ctrl Pts',(1.67624364083991,2.3948750866893,2.66661711772863));
#2801=CARTESIAN_POINT('Ctrl Pts',(0.614087443930202,2.64291126958334,2.6266058015823));
#2802=CARTESIAN_POINT('Ctrl Pts',(2.27287612598985,0.0173202900762703,2.90532249345186));
#2803=CARTESIAN_POINT('Ctrl Pts',(2.27287612598985,1.3017480026123,2.96674723663915));
#2804=CARTESIAN_POINT('Ctrl Pts',(1.84471674832992,2.52847448181932,2.49004865270751));
#2805=CARTESIAN_POINT('Ctrl Pts',(0.658858368109918,2.80539776950327,2.44537748786966));
#2806=CARTESIAN_POINT('Ctrl Pts',(2.44515530510995,0.0189543931362834,2.87115243191181));
#2807=CARTESIAN_POINT('Ctrl Pts',(2.44515530510995,1.32480306301133,2.9336015821487));
#2808=CARTESIAN_POINT('Ctrl Pts',(1.97970240181007,2.6583798362833,2.41538161204304));
#2809=CARTESIAN_POINT('Ctrl Pts',(0.69740275589993,2.95782422160428,2.36707751451363));
#2810=CARTESIAN_POINT('Ctrl Pts',(2.58446881088986,0.0138447449793233,2.97799819720961));
#2811=CARTESIAN_POINT('Ctrl Pts',(2.58446881088986,1.36481789242026,3.04260531976279));
#2812=CARTESIAN_POINT('Ctrl Pts',(2.08315025501008,2.80115393712528,2.48445371044591));
#2813=CARTESIAN_POINT('Ctrl Pts',(0.731994223610002,3.11667776073726,2.43355579986314));
#2814=CARTESIAN_POINT('Ctrl Pts',(2.71509142114013,0.00380347842330764,
3.18796702026539));
#2815=CARTESIAN_POINT('Ctrl Pts',(2.71509142114013,1.41978421272626,3.25568297820827));
#2816=CARTESIAN_POINT('Ctrl Pts',(2.1754843773499,2.96582123429729,2.65490222440484));
#2817=CARTESIAN_POINT('Ctrl Pts',(0.76722195456,3.29468062134026,2.60185312185392));
#2818=CARTESIAN_POINT('Ctrl Pts',(2.74930053394002,-0.00442596427973285,
3.36004953486596));
#2819=CARTESIAN_POINT('Ctrl Pts',(2.74930053394002,1.45278813416034,3.42973738175061));
#2820=CARTESIAN_POINT('Ctrl Pts',(2.19469567679994,3.04179563757529,2.81225855531807));
#2821=CARTESIAN_POINT('Ctrl Pts',(0.77942796017993,3.37229091051334,2.75894556405954));
#2822=CARTESIAN_POINT('Ctrl Pts',(2.64233265995017,-0.0110807006176827,
3.49920400793394));
#2823=CARTESIAN_POINT('Ctrl Pts',(2.64233265995017,1.45721623391431,3.56942186546384));
#2824=CARTESIAN_POINT('Ctrl Pts',(2.10587708448003,2.99422393169728,2.97214985296199));
#2825=CARTESIAN_POINT('Ctrl Pts',(0.758497437869892,3.30886588871429,2.92139419841094));
#2826=CARTESIAN_POINT('Ctrl Pts',(2.50002529153271,-0.0153047843051374,
3.58753209636713));
#2827=CARTESIAN_POINT('Ctrl Pts',(2.50002529153271,1.44772372997702,3.65749800405381));
#2828=CARTESIAN_POINT('Ctrl Pts',(1.99182398024058,2.90377967049679,3.09168336098885));
#2829=CARTESIAN_POINT('Ctrl Pts',(0.728188369802747,3.19886560446134,3.04408233578175));
#2830=CARTESIAN_POINT('Ctrl Pts',(2.45581021440571,-0.0162032190730893,
3.60631889878689));
#2831=CARTESIAN_POINT('Ctrl Pts',(2.45581021440571,1.44339863734768,3.67612093459735));
#2832=CARTESIAN_POINT('Ctrl Pts',(1.95675500138895,2.87324994118213,3.12048925685685));
#2833=CARTESIAN_POINT('Ctrl Pts',(0.718550980639299,3.16239705517901,3.07384623705239));
#2834=CARTESIAN_POINT('Ctrl Pts',(2.40685306904217,-0.0166903147270143,
3.61650435702744));
#2835=CARTESIAN_POINT('Ctrl Pts',(2.40685306904217,1.43692253010167,3.68601998240359));
#2836=CARTESIAN_POINT('Ctrl Pts',(1.91837550803752,2.8364676290785,3.14216511488513));
#2837=CARTESIAN_POINT('Ctrl Pts',(0.707609789420194,3.11920731284469,3.09655569313743));
#2838=CARTESIAN_POINT('Ctrl Pts',(2.3564890499444,-0.0167177360023436,3.61707775211607));
#2839=CARTESIAN_POINT('Ctrl Pts',(2.3564890499444,1.42868623935052,3.6862008075605));
#2840=CARTESIAN_POINT('Ctrl Pts',(1.87931354352441,2.79584963573662,3.15492927628849));
#2841=CARTESIAN_POINT('Ctrl Pts',(0.696102098571857,3.07215480743952,3.11035782123342));
#2842=CARTESIAN_POINT('',(2.05521988398004,-0.00882411133368066,3.45201739125469));
#2843=CARTESIAN_POINT('',(0.622976792719783,2.74609796725933,3.03029553913527));
#2844=CARTESIAN_POINT('Ctrl Pts',(2.05521988398004,-0.00882411133368066,
3.45201739125469));
#2845=CARTESIAN_POINT('Ctrl Pts',(2.05521988398004,1.3526413680038,3.51712628497483));
#2846=CARTESIAN_POINT('Ctrl Pts',(1.65280340914478,2.50561143267575,3.06908900326579));
#2847=CARTESIAN_POINT('Ctrl Pts',(0.622976792715235,2.74609796725883,3.03029553913527));
#2848=CARTESIAN_POINT('',(2.35250000000008,-0.0167188219096914,3.61710045907481));
#2849=CARTESIAN_POINT('Origin',(2.35250000000008,1.8324897155253E-10,3.267499999997));
#2850=CARTESIAN_POINT('',(0.695190061325093,3.06842203327442,3.1114290921308));
#2851=CARTESIAN_POINT('Ctrl Pts',(2.35250000000036,-0.0167188219092651,
3.61710045907439));
#2852=CARTESIAN_POINT('Ctrl Pts',(2.35250000000036,1.42803028034464,3.68619219674863));
#2853=CARTESIAN_POINT('Ctrl Pts',(1.87622062951107,2.79262614292769,3.1559183937794));
#2854=CARTESIAN_POINT('Ctrl Pts',(0.695190061325093,3.06842203327442,3.1114290921308));
#2855=CARTESIAN_POINT('Origin',(0.686292440900331,2.97588857914917,2.77399999999747));
#2856=CARTESIAN_POINT('Origin',(3.04586528941002,2.98920868363432,0.799999999999489));
#2857=CARTESIAN_POINT('',(3.00416561684898,2.98920868363604,1.14750703202426));
#2858=CARTESIAN_POINT('Origin',(3.04586528941002,2.98920868363531,0.800000000001581));
#2859=CARTESIAN_POINT('Origin',(3.04586528941456,0.261912303087755,0.799999999998692));
#2860=CARTESIAN_POINT('',(3.00416561683988,0.271045064181337,1.14750703202593));
#2861=CARTESIAN_POINT('',(3.18168799909841,0.266478683634404,0.477428780678835));
#2862=CARTESIAN_POINT('Origin',(3.0458652894103,0.266478683634119,0.799999999998545));
#2863=CARTESIAN_POINT('',(2.91004257972958,0.26647868363419,1.12257121932144));
#2864=CARTESIAN_POINT('Origin',(3.0458652894103,0.266478683634119,0.799999999998545));
#2865=CARTESIAN_POINT('Origin',(3.0458652894103,0.266478683634119,0.799999999998545));
#2866=CARTESIAN_POINT('',(3.00416561684898,0.261912303087755,1.14750703202426));
#2867=CARTESIAN_POINT('Ctrl Pts',(0.622976792715235,2.74609796725883,3.03029553913527));
#2868=CARTESIAN_POINT('Ctrl Pts',(0.328711840124924,2.81481512563232,3.01921060823418));
#2869=CARTESIAN_POINT('Ctrl Pts',(-0.71572662705023,2.89561748480928,2.98118515368132));
#2870=CARTESIAN_POINT('Ctrl Pts',(-2.41206940700494,2.01121817211678,2.91616835631782));
#2871=CARTESIAN_POINT('Ctrl Pts',(-3.13748516446992,-0.284535217309667,
2.83434237026465));
#2872=CARTESIAN_POINT('Ctrl Pts',(-2.02151458084018,-2.42504868787321,2.75230156329184));
#2873=CARTESIAN_POINT('Ctrl Pts',(0.286449636989801,-3.15432284205521,2.67004035493696));
#2874=CARTESIAN_POINT('Ctrl Pts',(2.43856476654514,-2.03230365824723,2.58755488387805));
#2875=CARTESIAN_POINT('Ctrl Pts',(3.17186189507481,0.288392233648835,2.50483988907134));
#2876=CARTESIAN_POINT('Ctrl Pts',(2.04355124761491,2.45257485215873,2.42189189976841));
#2877=CARTESIAN_POINT('Ctrl Pts',(-0.290356856874894,3.1900467963483,2.33870599100009));
#2878=CARTESIAN_POINT('Ctrl Pts',(-2.46703458989003,2.05522173988925,2.25527909357954));
#2879=CARTESIAN_POINT('Ctrl Pts',(-3.20881997403006,-0.29233728723824,2.17160663420412));
#2880=CARTESIAN_POINT('Ctrl Pts',(-2.06727818714512,-2.48189820207827,2.08768595496528));
#2881=CARTESIAN_POINT('Ctrl Pts',(0.294327255269877,-3.22812199455619,2.00351284870554));
#2882=CARTESIAN_POINT('Ctrl Pts',(2.49711863246006,-2.07968242030319,1.91908507720927));
#2883=CARTESIAN_POINT('Ctrl Pts',(3.24789175012995,0.296320460577277,1.83439881278356));
#2884=CARTESIAN_POINT('Ctrl Pts',(2.09239516922025,2.5126476943818,1.74945224399169));
#2885=CARTESIAN_POINT('Ctrl Pts',(-0.298310592510234,3.26806665140879,1.66424193472338));
#2886=CARTESIAN_POINT('Ctrl Pts',(-2.52843622408989,2.1053761863093,1.57876650605563));
#2887=CARTESIAN_POINT('Ctrl Pts',(-3.28858282639999,-0.300291350886681,
1.49302292433916));
#2888=CARTESIAN_POINT('Ctrl Pts',(-2.1185843746548,-2.5444342371182,1.40701024753023));
#2889=CARTESIAN_POINT('Ctrl Pts',(0.302256465199946,-3.30937532340521,1.32072585404475));
#2890=CARTESIAN_POINT('Ctrl Pts',(2.56060928054012,-2.13196843294021,1.23416854433958));
#2891=CARTESIAN_POINT('Ctrl Pts',(3.07281534826984,-0.513624956598164,1.17641287353528));
#2892=CARTESIAN_POINT('Ctrl Pts',(3.00416561684472,0.271045064180768,1.14750703202593));
#2893=CARTESIAN_POINT('Ctrl Pts',(0.605362927240094,2.6570965369573,2.94614687813973));
#2894=CARTESIAN_POINT('Ctrl Pts',(0.317823199519864,2.72424321152528,2.93531528577707));
#2895=CARTESIAN_POINT('Ctrl Pts',(-0.693598771620145,2.80249126917532,2.89849188123378));
#2896=CARTESIAN_POINT('Ctrl Pts',(-2.33229716116995,1.94814523336525,2.83568445670124));
#2897=CARTESIAN_POINT('Ctrl Pts',(-3.03401446273995,-0.272608668005674,
2.75653162669866));
#2898=CARTESIAN_POINT('Ctrl Pts',(-1.95524224164018,-2.34177294959473,2.6772254649971));
#2899=CARTESIAN_POINT('Ctrl Pts',(0.274326915949814,-3.04627570965771,2.59775843877684));
#2900=CARTESIAN_POINT('Ctrl Pts',(2.35204917809,-1.96304172987269,2.51812426996846));
#2901=CARTESIAN_POINT('Ctrl Pts',(3.05958039790994,0.276111720138275,2.43831563729243));
#2902=CARTESIAN_POINT('Ctrl Pts',(1.97151900607992,2.36309331281426,2.35832658029505));
#2903=CARTESIAN_POINT('Ctrl Pts',(-0.277957429709943,3.07388640587725,2.2781500124154));
#2904=CARTESIAN_POINT('Ctrl Pts',(-2.37487038884012,1.98064723172827,2.19778030968568));
#2905=CARTESIAN_POINT('Ctrl Pts',(-3.08914844187996,-0.279858201712742,
2.11721064269888));
#2906=CARTESIAN_POINT('Ctrl Pts',(-1.99039750743992,-2.38734312152772,2.03643574177799));
#2907=CARTESIAN_POINT('Ctrl Pts',(0.28180801886009,-3.10531818826369,1.95544905629111));
#2908=CARTESIAN_POINT('Ctrl Pts',(2.40047202389007,-2.00073896522973,1.87424568753526));
#2909=CARTESIAN_POINT('Ctrl Pts',(3.12234445368006,0.283800707871293,1.79281938439226));
#2910=CARTESIAN_POINT('Ctrl Pts',(2.01163886549011,2.41421553083228,1.71116563464195));
#2911=CARTESIAN_POINT('Ctrl Pts',(-0.285829959730108,3.14017333439629,1.62927850647024));
#2912=CARTESIAN_POINT('Ctrl Pts',(-2.42853013147993,2.02306269992029,1.547153888425));
#2913=CARTESIAN_POINT('Ctrl Pts',(-3.15874838566998,-0.287889350418666,
1.46478618677577));
#2914=CARTESIAN_POINT('Ctrl Pts',(-2.03497430147991,-2.44337050767271,1.38217170385484));
#2915=CARTESIAN_POINT('Ctrl Pts',(0.289972360469903,-3.17801080119274,1.29930520172455));
#2916=CARTESIAN_POINT('Ctrl Pts',(2.45873752969004,-2.04731101119869,1.2161815741166));
#2917=CARTESIAN_POINT('Ctrl Pts',(2.9483101036999,-0.500479313452686,1.160978025778));
#2918=CARTESIAN_POINT('Ctrl Pts',(2.88130332741986,0.265411644101263,1.13276397140326));
#2919=CARTESIAN_POINT('Ctrl Pts',(0.59315692161988,2.57948624778429,2.78905443593396));
#2920=CARTESIAN_POINT('Ctrl Pts',(0.311430139439892,2.64527547527528,2.77844181664004));
#2921=CARTESIAN_POINT('Ctrl Pts',(-0.671181648280026,2.7212946502663,2.74266732053371));
#2922=CARTESIAN_POINT('Ctrl Pts',(-2.25859357979004,1.89368714205528,2.68182558435678));
#2923=CARTESIAN_POINT('Ctrl Pts',(-2.93870094087993,-0.258676882734719,
2.60511032849135));
#2924=CARTESIAN_POINT('Ctrl Pts',(-1.89471381483997,-2.26112079941572,2.52836140020779));
#2925=CARTESIAN_POINT('Ctrl Pts',(0.259796106070098,-2.94190622412472,2.45156965961772));
#2926=CARTESIAN_POINT('Ctrl Pts',(2.26470379535982,-1.8966345942497,2.37472630077058));
#2927=CARTESIAN_POINT('Ctrl Pts',(2.94648537156007,0.261027888677319,2.29782219554369));
#2928=CARTESIAN_POINT('Ctrl Pts',(1.89944339967013,2.26933122387727,2.22084868963877));
#2929=CARTESIAN_POINT('Ctrl Pts',(-0.262368330500067,2.9524238857303,2.14379669559755));
#2930=CARTESIAN_POINT('Ctrl Pts',(-2.27498843463991,1.90313133834529,2.06665773817262));
#2931=CARTESIAN_POINT('Ctrl Pts',(-2.95970296554003,-0.26381318819972,1.98942279934005));
#2932=CARTESIAN_POINT('Ctrl Pts',(-1.90768673428011,-2.28165751787373,1.91208360973506));
#2933=CARTESIAN_POINT('Ctrl Pts',(0.2653578878801,-2.96829956656275,1.83463124931817));
#2934=CARTESIAN_POINT('Ctrl Pts',(2.28931736033019,-1.91309516594671,1.75705768078717));
#2935=CARTESIAN_POINT('Ctrl Pts',(2.97818647322003,0.266997538817293,1.67935411032695));
#2936=CARTESIAN_POINT('Ctrl Pts',(1.91933951116994,2.29794371139128,1.60151275814314));
#2937=CARTESIAN_POINT('Ctrl Pts',(-0.268726949680058,2.98933238423324,1.52352498448527));
#2938=CARTESIAN_POINT('Ctrl Pts',(-2.30750926056004,1.92640000064728,1.44538329169681));
#2939=CARTESIAN_POINT('Ctrl Pts',(-3.0017020124501,-0.270540645699739,1.36707922144452));
#2940=CARTESIAN_POINT('Ctrl Pts',(-1.93425428123987,-2.31798372467075,1.2886055819465));
#2941=CARTESIAN_POINT('Ctrl Pts',(0.272432885269893,-3.01525619729865,1.2099541230649));
#2942=CARTESIAN_POINT('Ctrl Pts',(2.32941797843978,-1.94283367508071,1.13111476078311));
#2943=CARTESIAN_POINT('Ctrl Pts',(2.79048245892,-0.486074879832685,1.07912574692441));
#2944=CARTESIAN_POINT('Ctrl Pts',(2.72546125984007,0.257120826399273,1.05174774505629));
#2945=CARTESIAN_POINT('Ctrl Pts',(0.614087443930202,2.64291126958334,2.6266058015823));
#2946=CARTESIAN_POINT('Ctrl Pts',(0.327431164070049,2.70985164018434,2.61580748861104));
#2947=CARTESIAN_POINT('Ctrl Pts',(-0.678657568419965,2.78768709500731,2.57917825426556));
#2948=CARTESIAN_POINT('Ctrl Pts',(-2.30443891958998,1.94007544095328,2.51686590919282));
#2949=CARTESIAN_POINT('Ctrl Pts',(-2.99892480353009,-0.257792892578692,
2.43852877401334));
#2950=CARTESIAN_POINT('Ctrl Pts',(-1.93466650001994,-2.29911841516973,2.36028960594894));
#2951=CARTESIAN_POINT('Ctrl Pts',(0.257914884809907,-2.99193372077369,2.28214090990789));
#2952=CARTESIAN_POINT('Ctrl Pts',(2.29473339060007,-1.9300251797047,2.20407448511269));
#2953=CARTESIAN_POINT('Ctrl Pts',(2.98615812039003,0.258155392057304,2.12608264427671));
#2954=CARTESIAN_POINT('Ctrl Pts',(1.92616617429991,2.29129772805429,2.04815711835519));
#2955=CARTESIAN_POINT('Ctrl Pts',(-0.258513652539989,2.98161628696924,1.97029005220378));
#2956=CARTESIAN_POINT('Ctrl Pts',(-2.28882230410022,1.92310170064232,1.89247313468936));
#2957=CARTESIAN_POINT('Ctrl Pts',(-2.9783225991099,-0.258988532419693,1.81469836767842));
#2958=CARTESIAN_POINT('Ctrl Pts',(-1.9208414601701,-2.28731495603775,1.73695742426167));
#2959=CARTESIAN_POINT('Ctrl Pts',(0.259578528630016,-2.97628748464668,1.6592421886377));
#2960=CARTESIAN_POINT('Ctrl Pts',(2.28678045633984,-1.91939260894571,1.58154434448317));
#2961=CARTESIAN_POINT('Ctrl Pts',(2.97551738690998,0.260281772938313,1.50385568402253));
#2962=CARTESIAN_POINT('Ctrl Pts',(1.91875973423009,2.28722049681828,1.42616792784701));
#2963=CARTESIAN_POINT('Ctrl Pts',(-0.261096038589983,2.97601474357627,1.34847280219187));
#2964=CARTESIAN_POINT('Ctrl Pts',(-2.28863368398009,1.91894483928728,1.27076209077467));
#2965=CARTESIAN_POINT('Ctrl Pts',(-2.9777779797098,-0.262018748056718,1.19302748003536));
#2966=CARTESIAN_POINT('Ctrl Pts',(-1.91994733771992,-2.29101554418072,1.11526084282967));
#2967=CARTESIAN_POINT('Ctrl Pts',(0.263046980520016,-2.98080151344173,1.03745385212212));
#2968=CARTESIAN_POINT('Ctrl Pts',(2.29444885608018,-1.9217169676817,0.959595033922849));
#2969=CARTESIAN_POINT('Ctrl Pts',(2.74833823611004,-0.487628300195766,0.908415074789107));
#2970=CARTESIAN_POINT('Ctrl Pts',(2.68361519675977,0.25215942480024,0.881162616860282));
#2971=CARTESIAN_POINT('Ctrl Pts',(0.658858368109918,2.80539776950327,2.44537748786966));
#2972=CARTESIAN_POINT('Ctrl Pts',(0.359717985879797,2.87525344494433,2.43410890002861));
#2973=CARTESIAN_POINT('Ctrl Pts',(-0.706570048549793,2.95774618286224,2.3952879560789));
#2974=CARTESIAN_POINT('Ctrl Pts',(-2.43351105477018,2.05739428640925,2.32909840123933));
#2975=CARTESIAN_POINT('Ctrl Pts',(-3.1674838632398,-0.265439957894742,2.24630719058334));
#2976=CARTESIAN_POINT('Ctrl Pts',(-2.04470468491991,-2.41901281269975,2.16376584837145));
#2977=CARTESIAN_POINT('Ctrl Pts',(0.264208251120124,-3.14858674435072,2.08147082549475));
#2978=CARTESIAN_POINT('Ctrl Pts',(2.40507047737992,-2.03243433467371,1.9994166515427));
#2979=CARTESIAN_POINT('Ctrl Pts',(3.13040916077995,0.263075135225321,1.91759935934838));
#2980=CARTESIAN_POINT('Ctrl Pts',(2.02062208267989,2.3917281884183,1.83601313405678));
#2981=CARTESIAN_POINT('Ctrl Pts',(-0.262044197179989,3.11300866047432,1.75465360300262));
#2982=CARTESIAN_POINT('Ctrl Pts',(-2.37902818572991,2.00930532492933,1.67351462529565));
#2983=CARTESIAN_POINT('Ctrl Pts',(-3.09644033123988,-0.261118701181715,
1.59259143661565));
#2984=CARTESIAN_POINT('Ctrl Pts',(-1.99851988872012,-2.36701067656675,1.5118775894785));
#2985=CARTESIAN_POINT('Ctrl Pts',(0.260301577629889,-3.08075662704375,1.43136794299236));
#2986=CARTESIAN_POINT('Ctrl Pts',(2.35571370746015,-1.98829991998068,1.35105576349134));
#2987=CARTESIAN_POINT('Ctrl Pts',(3.06600720120997,0.259595413082252,1.27093554978752));
#2988=CARTESIAN_POINT('Ctrl Pts',(1.9786777744298,2.34517304308127,1.1910003033513));
#2989=CARTESIAN_POINT('Ctrl Pts',(-0.259002442809901,3.05223874850029,1.11124418011484));
#2990=CARTESIAN_POINT('Ctrl Pts',(-2.33542205368991,1.96968391440429,1.03165993884147));
#2991=CARTESIAN_POINT('Ctrl Pts',(-3.03949485803997,-0.258524544475733,
0.952241411085137));
#2992=CARTESIAN_POINT('Ctrl Pts',(-1.96134681316011,-2.32649161026366,0.872981135827099));
#2993=CARTESIAN_POINT('Ctrl Pts',(0.258163231410151,-3.02781587601572,0.793872639771748));
#2994=CARTESIAN_POINT('Ctrl Pts',(2.31848743940986,-1.95365248461975,0.714905297134319));
#2995=CARTESIAN_POINT('Ctrl Pts',(2.7786122332401,-0.499862681419714,0.663022241083654));
#2996=CARTESIAN_POINT('Ctrl Pts',(2.71310131800988,0.248930506150273,0.635438038004657));
#2997=CARTESIAN_POINT('Ctrl Pts',(0.69740275589993,2.95782422160428,2.36707751451363));
#2998=CARTESIAN_POINT('Ctrl Pts',(0.386607651109898,3.03040152396129,2.35536989445681));
#2999=CARTESIAN_POINT('Ctrl Pts',(-0.736173824120101,3.11726484323728,2.31449216225838));
#3000=CARTESIAN_POINT('Ctrl Pts',(-2.55912864039004,2.16685552405828,2.24462262569204));
#3001=CARTESIAN_POINT('Ctrl Pts',(-3.33117842762022,-0.276482517042709,
2.15753637967141));
#3002=CARTESIAN_POINT('Ctrl Pts',(-2.15092970930982,-2.54028616673175,2.07077015240743));
#3003=CARTESIAN_POINT('Ctrl Pts',(0.274449750889971,-3.3066613733957,1.98432399194515));
#3004=CARTESIAN_POINT('Ctrl Pts',(2.52161566108015,-2.13508684850275,1.89819544979449));
#3005=CARTESIAN_POINT('Ctrl Pts',(3.28236340676995,0.272483152115299,1.81238405986041));
#3006=CARTESIAN_POINT('Ctrl Pts',(2.11937709883983,2.50317623193929,1.72688688224665));
#3007=CARTESIAN_POINT('Ctrl Pts',(-0.270588946389978,3.25836145218425,1.64170293819365));
#3008=CARTESIAN_POINT('Ctrl Pts',(-2.48502625624013,2.10385019538627,1.55682880570636));
#3009=CARTESIAN_POINT('Ctrl Pts',(-3.23473149696014,-0.268773130926689,
1.47226299645937));
#3010=CARTESIAN_POINT('Ctrl Pts',(-2.08855529431986,-2.46722319528068,1.38800161719252));
#3011=CARTESIAN_POINT('Ctrl Pts',(0.26704145479016,-3.21154835141968,1.30404267472644));
#3012=CARTESIAN_POINT('Ctrl Pts',(2.44982341204008,-2.07354081805271,1.22038181686147));
#3013=CARTESIAN_POINT('Ctrl Pts',(3.18888541134015,0.265399399910322,1.13701655187452));
#3014=CARTESIAN_POINT('Ctrl Pts',(2.05885430122009,2.43288199205729,1.05394208240505));
#3015=CARTESIAN_POINT('Ctrl Pts',(-0.263852164499951,3.16681442485631,0.971155426074724));
#3016=CARTESIAN_POINT('Ctrl Pts',(-2.41645256971992,2.04454223943429,0.888651355550107));
#3017=CARTESIAN_POINT('Ctrl Pts',(-3.14540526602002,-0.262404647301722,
0.80642640723953));
#3018=CARTESIAN_POINT('Ctrl Pts',(-2.03064994281021,-2.40058715921869,0.724474940385814));
#3019=CARTESIAN_POINT('Ctrl Pts',(0.261061431380085,-3.1247257143707,0.642793021149339));
#3020=CARTESIAN_POINT('Ctrl Pts',(2.38539006790006,-2.01719319896171,0.56137254049723));
#3021=CARTESIAN_POINT('Ctrl Pts',(2.86097325501004,-0.514561744928699,0.507746416705808));
#3022=CARTESIAN_POINT('Ctrl Pts',(2.79411754434989,0.249602524631243,0.47959597043151));
#3023=CARTESIAN_POINT('Ctrl Pts',(0.731994223610002,3.11667776073726,2.43355579986314));
#3024=CARTESIAN_POINT('Ctrl Pts',(0.409144122089913,3.19207016259028,2.42139406930268));
#3025=CARTESIAN_POINT('Ctrl Pts',(-0.772547187519876,3.28349100607333,2.3783715738652));
#3026=CARTESIAN_POINT('Ctrl Pts',(-2.69736828936004,2.2799730380973,2.30459774405983));
#3027=CARTESIAN_POINT('Ctrl Pts',(-3.51077147934006,-0.294237834971725,
2.21284688616381));
#3028=CARTESIAN_POINT('Ctrl Pts',(-2.26647722855006,-2.68088551567672,2.12137233840808));
#3029=CARTESIAN_POINT('Ctrl Pts',(0.292127243930054,-3.4893573707177,2.03017772889779));
#3030=CARTESIAN_POINT('Ctrl Pts',(2.66412958719002,-2.25269856160871,1.93926450220747));
#3031=CARTESIAN_POINT('Ctrl Pts',(3.46758395329999,0.290026855160264,1.84863585914509));
#3032=CARTESIAN_POINT('Ctrl Pts',(2.23868065944998,2.64715355105928,1.75829278075382));
#3033=CARTESIAN_POINT('Ctrl Pts',(-0.287943317919996,3.44552015908327,1.66823803041103));
#3034=CARTESIAN_POINT('Ctrl Pts',(-2.63001115126002,2.22446790091425,1.57847212252266));
#3035=CARTESIAN_POINT('Ctrl Pts',(-3.42323583936007,-0.285883228821717,
1.48899737428692));
#3036=CARTESIAN_POINT('Ctrl Pts',(-2.2101052817402,-2.61275665919875,1.39981383184396));
#3037=CARTESIAN_POINT('Ctrl Pts',(0.283853110269945,-3.40080154431973,1.3109233588768));
#3038=CARTESIAN_POINT('Ctrl Pts',(2.59544470115998,-2.1956382728537,1.22232553311374));
#3039=CARTESIAN_POINT('Ctrl Pts',(3.37828829896011,0.281859389036327,1.1340217588224));
#3040=CARTESIAN_POINT('Ctrl Pts',(2.18111267564012,2.57813008463032,1.04601114665607));
#3041=CARTESIAN_POINT('Ctrl Pts',(-0.279908376670051,3.35576737748134,0.958294637021243));
#3042=CARTESIAN_POINT('Ctrl Pts',(-2.56086762550012,2.16657447626531,0.870870876311755));
#3043=CARTESIAN_POINT('Ctrl Pts',(-3.33331007840002,-0.278006250229694,
0.783740338095714));
#3044=CARTESIAN_POINT('Ctrl Pts',(-2.1520697007702,-2.54371197526368,0.69690120879292));
#3045=CARTESIAN_POINT('Ctrl Pts',(0.276159032019905,-3.31098749955068,0.610353493633831));
#3046=CARTESIAN_POINT('Ctrl Pts',(2.52672891081005,-2.13763829354868,0.524094485436477));
#3047=CARTESIAN_POINT('Ctrl Pts',(3.03393789836008,-0.53508336916174,0.466902278706688));
#3048=CARTESIAN_POINT('Ctrl Pts',(2.96470267255017,0.256278883008321,0.437749907350687));
#3049=CARTESIAN_POINT('Ctrl Pts',(0.76722195456,3.29468062134026,2.60185312185392));
#3050=CARTESIAN_POINT('Ctrl Pts',(0.430921403290085,3.3732139908053,2.5891847142166));
#3051=CARTESIAN_POINT('Ctrl Pts',(-0.816802898380047,3.46974343734125,2.54375811875998));
#3052=CARTESIAN_POINT('Ctrl Pts',(-2.85691278103002,2.40611891560029,2.46556554329269));
#3053=CARTESIAN_POINT('Ctrl Pts',(-3.71771288280001,-0.318090933579711,
2.36846837329547));
#3054=CARTESIAN_POINT('Ctrl Pts',(-2.39902190696,-2.8474369922337,2.27152453499723));
#3055=CARTESIAN_POINT('Ctrl Pts',(0.316372686010027,-3.7054516355127,2.17474156121769));
#3056=CARTESIAN_POINT('Ctrl Pts',(2.83716076410997,-2.39122241835872,2.07812573002627));
#3057=CARTESIAN_POINT('Ctrl Pts',(3.69214694763002,0.314587882181314,1.98168436270251));
#3058=CARTESIAN_POINT('Ctrl Pts',(2.38274514251998,2.8261166297473,1.88542341970011));
#3059=CARTESIAN_POINT('Ctrl Pts',(-0.31274217223995,3.6778409400263,1.78934998757998));
#3060=CARTESIAN_POINT('Ctrl Pts',(-2.81433955335984,2.37361691723628,1.69346969030993));
#3061=CARTESIAN_POINT('Ctrl Pts',(-3.66257890366001,-0.310841399872714,
1.59778935729695));
#3062=CARTESIAN_POINT('Ctrl Pts',(-2.36386664115997,-2.8018668203007,1.50231425821808));
#3063=CARTESIAN_POINT('Ctrl Pts',(0.308891583090087,-3.64640915690472,1.40705094370519));
#3064=CARTESIAN_POINT('Ctrl Pts',(2.78873791829994,-2.35352518300068,1.31200431246128));
#3065=CARTESIAN_POINT('Ctrl Pts',(3.62938289184996,0.306898894448295,1.21718061560452));
#3066=CARTESIAN_POINT('Ctrl Pts',(2.34262528309984,2.77499441172928,1.12258436535509));
#3067=CARTESIAN_POINT('Ctrl Pts',(-0.304869642220069,3.61155401150626,1.02822149352705));
#3068=CARTESIAN_POINT('Ctrl Pts',(-2.76067981072003,2.33120144904426,0.934096111572545));
#3069=CARTESIAN_POINT('Ctrl Pts',(-3.59297895986998,-0.302810251166719,
0.840213813222037));
#3070=CARTESIAN_POINT('Ctrl Pts',(-2.31928984711004,-2.74583943415372,0.746578296143216));
#3071=CARTESIAN_POINT('Ctrl Pts',(0.30072724147999,-3.57371654397568,0.653194798273772));
#3072=CARTESIAN_POINT('Ctrl Pts',(2.73047241250993,-2.30695313703073,0.560068425881985));
#3073=CARTESIAN_POINT('Ctrl Pts',(3.28294838749997,-0.561374655452695,0.497771974220771));
#3074=CARTESIAN_POINT('Ctrl Pts',(3.21042725140984,0.267545723167331,0.467236028595565));
#3075=CARTESIAN_POINT('Ctrl Pts',(0.77942796017993,3.37229091051334,2.75894556405954));
#3076=CARTESIAN_POINT('Ctrl Pts',(0.437314463370058,3.45218172705529,2.74605818335348));
#3077=CARTESIAN_POINT('Ctrl Pts',(-0.839220021720166,3.55094005625027,2.69958267945991));
#3078=CARTESIAN_POINT('Ctrl Pts',(-2.93061636239997,2.46057700691033,2.61942441563701));
#3079=CARTESIAN_POINT('Ctrl Pts',(-3.81302640466004,-0.332022718849672,
2.51988967150265));
#3080=CARTESIAN_POINT('Ctrl Pts',(-2.45955033375992,-2.9280891424127,2.42038859978641));
#3081=CARTESIAN_POINT('Ctrl Pts',(0.330903495880079,-3.80982112104469,2.3209303403767));
#3082=CARTESIAN_POINT('Ctrl Pts',(2.92450614682991,-2.45762955398071,2.22152369922406));
#3083=CARTESIAN_POINT('Ctrl Pts',(3.80524197396994,0.32967171364227,2.12217780445118));
#3084=CARTESIAN_POINT('Ctrl Pts',(2.45482074893005,2.91987871868528,2.02290131035631));
#3085=CARTESIAN_POINT('Ctrl Pts',(-0.328331271450111,3.79930346017332,1.92370330439777));
#3086=CARTESIAN_POINT('Ctrl Pts',(-2.91422150756006,2.45113281061933,1.82459226182292));
#3087=CARTESIAN_POINT('Ctrl Pts',(-3.79202437998998,-0.326886413385736,
1.72557720065573));
#3088=CARTESIAN_POINT('Ctrl Pts',(-2.44657741430984,-2.9075524239537,1.62666639026095));
#3089=CARTESIAN_POINT('Ctrl Pts',(0.325341714070078,-3.78342777860674,1.52786875067809));
#3090=CARTESIAN_POINT('Ctrl Pts',(2.89989258185983,-2.4411689822837,1.42919231920933));
#3091=CARTESIAN_POINT('Ctrl Pts',(3.77354087231993,0.323702063502296,1.33064588966979));
#3092=CARTESIAN_POINT('Ctrl Pts',(2.43492463742996,2.89126623117028,1.23223724185386));
#3093=CARTESIAN_POINT('Ctrl Pts',(-0.321972652270119,3.76239496166924,1.13397501551198));
#3094=CARTESIAN_POINT('Ctrl Pts',(-2.88170068163993,2.42786414831727,1.0358667083007));
#3095=CARTESIAN_POINT('Ctrl Pts',(-3.7500253330802,-0.320158955885717,0.937920778553243));
#3096=CARTESIAN_POINT('Ctrl Pts',(-2.42000986736002,-2.87122621715675,0.840144418051526));
#3097=CARTESIAN_POINT('Ctrl Pts',(0.31826671668,-3.7364711478687,0.742545876933381));
#3098=CARTESIAN_POINT('Ctrl Pts',(2.85979196374996,-2.41143047314871,0.645135239215441));
#3099=CARTESIAN_POINT('Ctrl Pts',(3.44077603228016,-0.575779089072697,0.57962425307433));
#3100=CARTESIAN_POINT('Ctrl Pts',(3.36626931897996,0.27583654086925,0.548252254942509));
#3101=CARTESIAN_POINT('Ctrl Pts',(0.758497437869892,3.30886588871429,2.92139419841094));
#3102=CARTESIAN_POINT('Ctrl Pts',(0.421313438739901,3.38760556214531,2.90869251138222));
#3103=CARTESIAN_POINT('Ctrl Pts',(-0.831744101579943,3.48454761150933,2.86307174572779));
#3104=CARTESIAN_POINT('Ctrl Pts',(-2.88477102260998,2.41418870801226,2.7843840908007));
#3105=CARTESIAN_POINT('Ctrl Pts',(-3.75280254199993,-0.332906709006764,
2.68647122598038));
#3106=CARTESIAN_POINT('Ctrl Pts',(-2.41959764857,-2.89009152665969,2.58846039404498));
#3107=CARTESIAN_POINT('Ctrl Pts',(0.332784717149934,-3.75979362439672,2.49035909008624));
#3108=CARTESIAN_POINT('Ctrl Pts',(2.89447655158995,-2.42423896852671,2.39217551488166));
#3109=CARTESIAN_POINT('Ctrl Pts',(3.76556922513998,0.332544210262284,2.29391735571785));
#3110=CARTESIAN_POINT('Ctrl Pts',(2.42809797429999,2.89791221450827,2.1955928816396));
#3111=CARTESIAN_POINT('Ctrl Pts',(-0.332185949409904,3.77011105893324,2.09720994779124));
#3112=CARTESIAN_POINT('Ctrl Pts',(-2.90038763810003,2.4311624483223,1.9987768653059));
#3113=CARTESIAN_POINT('Ctrl Pts',(-3.77340474643006,-0.331711069165763,
1.90030163231708));
#3114=CARTESIAN_POINT('Ctrl Pts',(-2.43342268841985,-2.90189498579068,1.80179257573406));
#3115=CARTESIAN_POINT('Ctrl Pts',(0.331121073319878,-3.77543986052274,1.70325781135828));
#3116=CARTESIAN_POINT('Ctrl Pts',(2.90242948584989,-2.4348715392847,1.60470565551305));
#3117=CARTESIAN_POINT('Ctrl Pts',(3.77620995862998,0.330417829380281,1.50614431597394));
#3118=CARTESIAN_POINT('Ctrl Pts',(2.43550441436014,2.90198944574328,1.40758207214972));
#3119=CARTESIAN_POINT('Ctrl Pts',(-0.329603563369858,3.77571260232628,1.3090271978051));
#3120=CARTESIAN_POINT('Ctrl Pts',(-2.90057625821987,2.43531930967627,1.21048790922256));
#3121=CARTESIAN_POINT('Ctrl Pts',(-3.77394936582988,-0.328680853527672,
1.11197251996213));
#3122=CARTESIAN_POINT('Ctrl Pts',(-2.43431681087998,-2.89819439764671,1.01348915716808));
#3123=CARTESIAN_POINT('Ctrl Pts',(0.327652621440109,-3.77092583172676,0.915046147875883));
#3124=CARTESIAN_POINT('Ctrl Pts',(2.89476108610984,-2.43254718054772,0.816654966075409));
#3125=CARTESIAN_POINT('Ctrl Pts',(3.48292025507988,-0.574225668709758,0.750334925209346));
#3126=CARTESIAN_POINT('Ctrl Pts',(3.40811538205998,0.280797942468283,0.718837383138225));
#3127=CARTESIAN_POINT('Ctrl Pts',(0.713726513689892,3.14637938879429,3.1026225121237));
#3128=CARTESIAN_POINT('Ctrl Pts',(0.3890266169401,3.22220375738532,3.09039109996477));
#3129=CARTESIAN_POINT('Ctrl Pts',(-0.803831621460063,3.31448852365526,3.04696204391458));
#3130=CARTESIAN_POINT('Ctrl Pts',(-2.75569888743007,2.29686986255629,2.97215159875431));
#3131=CARTESIAN_POINT('Ctrl Pts',(-3.58424348229988,-0.325259643690714,
2.87869280941051));
#3132=CARTESIAN_POINT('Ctrl Pts',(-2.30955946367999,-2.77019712912875,2.7849841516226));
#3133=CARTESIAN_POINT('Ctrl Pts',(0.326491350830054,-3.60314060081969,2.69102917449952));
#3134=CARTESIAN_POINT('Ctrl Pts',(2.7841394648101,-2.3218298135577,2.59683334845179));
#3135=CARTESIAN_POINT('Ctrl Pts',(3.62131818476001,0.327624467094267,2.50240064064633));
#3136=CARTESIAN_POINT('Ctrl Pts',(2.33364206592,2.79748175414426,2.40773686593816));
#3137=CARTESIAN_POINT('Ctrl Pts',(-0.328655404780136,3.6387186854293,2.31284639699253));
#3138=CARTESIAN_POINT('Ctrl Pts',(-2.81018175646011,2.34495882403628,2.21773537469973));
#3139=CARTESIAN_POINT('Ctrl Pts',(-3.65528701428985,-0.329580900402746,
2.12240856337997));
#3140=CARTESIAN_POINT('Ctrl Pts',(-2.35574425988005,-2.82219926526167,2.02687241051736));
#3141=CARTESIAN_POINT('Ctrl Pts',(0.330398024320004,-3.67097071812474,1.93113205700375));
#3142=CARTESIAN_POINT('Ctrl Pts',(2.83349623472986,-2.36596422824967,1.83519423650502));
#3143=CARTESIAN_POINT('Ctrl Pts',(3.68572014432999,0.331104189237337,1.73906445020911));
#3144=CARTESIAN_POINT('Ctrl Pts',(2.3755863741701,2.84403689948029,1.64274969664558));
#3145=CARTESIAN_POINT('Ctrl Pts',(-0.331697159139992,3.69948859740227,1.5462558198823));
#3146=CARTESIAN_POINT('Ctrl Pts',(-2.85378788851006,2.38458023455927,1.44959006115594));
#3147=CARTESIAN_POINT('Ctrl Pts',(-3.71223248749004,-0.332175057109723,
1.35275858891253));
#3148=CARTESIAN_POINT('Ctrl Pts',(-2.39291733544007,-2.8627183315637,1.25576886417084));
#3149=CARTESIAN_POINT('Ctrl Pts',(0.332536370540026,-3.7239114691527,1.15862736022646));
#3150=CARTESIAN_POINT('Ctrl Pts',(2.87072250278015,-2.40061166360967,1.06134470286415));
#3151=CARTESIAN_POINT('Ctrl Pts',(3.45264625795011,-0.561991287485739,0.995727758915019));
#3152=CARTESIAN_POINT('Ctrl Pts',(3.37862926081016,0.284026861118249,0.96456196199407));
#3153=CARTESIAN_POINT('Ctrl Pts',(0.675182125910112,2.99395293669427,3.18092248548012));
#3154=CARTESIAN_POINT('Ctrl Pts',(0.362136951709999,3.06705567836929,3.16913010553696));
#3155=CARTESIAN_POINT('Ctrl Pts',(-0.774227845880091,3.15496986328029,3.12775783773547));
#3156=CARTESIAN_POINT('Ctrl Pts',(-2.63008130179998,2.18740862490726,3.05662737430196));
#3157=CARTESIAN_POINT('Ctrl Pts',(-3.42054891791008,-0.314217084542747,
2.96746362032278));
#3158=CARTESIAN_POINT('Ctrl Pts',(-2.20333443929007,-2.64892377509668,2.87797984758695));
#3159=CARTESIAN_POINT('Ctrl Pts',(0.316249851059922,-3.44506597177471,2.78817600804945));
#3160=CARTESIAN_POINT('Ctrl Pts',(2.66759428111982,-2.21917729972866,2.69805455020031));
#3161=CARTESIAN_POINT('Ctrl Pts',(3.46936393877002,0.318216450204289,2.6076159401346));
#3162=CARTESIAN_POINT('Ctrl Pts',(2.23488704976006,2.68603371062333,2.51686311774858));
#3163=CARTESIAN_POINT('Ctrl Pts',(-0.320110655569863,3.4933658937193,2.4257970618018));
#3164=CARTESIAN_POINT('Ctrl Pts',(-2.70418368594989,2.25041395357827,2.33442119428932));
#3165=CARTESIAN_POINT('Ctrl Pts',(-3.51699584858011,-0.321926470657701,
2.24273700353652));
#3166=CARTESIAN_POINT('Ctrl Pts',(-2.26570885428004,-2.72198674654767,2.15074838280361));
#3167=CARTESIAN_POINT('Ctrl Pts',(0.323658147160018,-3.54017899374973,2.05845732526992));
#3168=CARTESIAN_POINT('Ctrl Pts',(2.73938653014994,-2.28072333017671,1.96586818313512));
#3169=CARTESIAN_POINT('Ctrl Pts',(3.56284193419015,0.325300202409267,1.87298344812231));
#3170=CARTESIAN_POINT('Ctrl Pts',(2.29540984737014,2.75632795050427,1.77980791759202));
#3171=CARTESIAN_POINT('Ctrl Pts',(-0.326847437460174,3.58491292104723,1.68634457392259));
#3172=CARTESIAN_POINT('Ctrl Pts',(-2.77275737248004,2.30972190953025,1.59259864444745));
#3173=CARTESIAN_POINT('Ctrl Pts',(-3.60632207950999,-0.328294954283663,
1.49857359275828));
#3174=CARTESIAN_POINT('Ctrl Pts',(-2.32361420578997,-2.78862278260874,1.40427505961224));
#3175=CARTESIAN_POINT('Ctrl Pts',(0.329638170570092,-3.62700163079872,1.30970697884896));
#3176=CARTESIAN_POINT('Ctrl Pts',(2.80381987430019,-2.33707094926771,1.21487745950132));
#3177=CARTESIAN_POINT('Ctrl Pts',(3.37028523618983,-0.547292223976754,1.15100358329292));
#3178=CARTESIAN_POINT('Ctrl Pts',(3.29761303446986,0.28335484263728,1.12040402956727));
#3179=CARTESIAN_POINT('Ctrl Pts',(0.640590658190092,2.8350993975603,3.1144442001308));
#3180=CARTESIAN_POINT('Ctrl Pts',(0.339600480729985,2.9053870397393,3.10310593069128));
#3181=CARTESIAN_POINT('Ctrl Pts',(-0.737854482480031,2.98874370044324,3.06387842612886));
#3182=CARTESIAN_POINT('Ctrl Pts',(-2.49184165283992,2.07429111086832,2.99665225593439));
#3183=CARTESIAN_POINT('Ctrl Pts',(-3.24095586620018,-0.296461766613731,
2.91215311383063));
#3184=CARTESIAN_POINT('Ctrl Pts',(-2.08778692003989,-2.5083244261517,2.82737766158657));
#3185=CARTESIAN_POINT('Ctrl Pts',(0.298572358029787,-3.26236997445271,2.74232227109709));
#3186=CARTESIAN_POINT('Ctrl Pts',(2.525080355,-2.1015655866217,2.65698549778764));
#3187=CARTESIAN_POINT('Ctrl Pts',(3.28414339223997,0.300672747159325,2.57136414085025));
#3188=CARTESIAN_POINT('Ctrl Pts',(2.11558348914991,2.54205639150328,2.48545721924176));
#3189=CARTESIAN_POINT('Ctrl Pts',(-0.302756284039845,3.30620718681928,2.39926196958478));
#3190=CARTESIAN_POINT('Ctrl Pts',(-2.55919879093994,2.1297962480503,2.31277787747339));
#3191=CARTESIAN_POINT('Ctrl Pts',(-3.32849150618017,-0.304816372763739,
2.22600262570936));
#3192=CARTESIAN_POINT('Ctrl Pts',(-2.14415886685003,-2.57645328262875,2.13893616815257));
#3193=CARTESIAN_POINT('Ctrl Pts',(0.306846491679948,-3.35092580084869,2.05157664111997));
#3194=CARTESIAN_POINT('Ctrl Pts',(2.59376524103004,-2.15862587537671,1.96392446688328));
#3195=CARTESIAN_POINT('Ctrl Pts',(3.37343904658013,0.308840213283261,1.87597824117486));
#3196=CARTESIAN_POINT('Ctrl Pts',(2.17315147295011,2.61107985793124,1.78773885334144));
#3197=CARTESIAN_POINT('Ctrl Pts',(-0.310791225290075,3.39595996842128,1.69920536297652));
#3198=CARTESIAN_POINT('Ctrl Pts',(-2.62834231670013,2.18768967269831,1.61037912368627));
#3199=CARTESIAN_POINT('Ctrl Pts',(-3.41841726713,-0.312693351354696,1.52125966190256));
#3200=CARTESIAN_POINT('Ctrl Pts',(-2.20219444782998,-2.64549796656368,1.43184879120561));
#3201=CARTESIAN_POINT('Ctrl Pts',(0.314540569929989,-3.44073984561767,1.34214650636496));
#3202=CARTESIAN_POINT('Ctrl Pts',(2.66248103138992,-2.21662585468174,1.25215551456257));
#3203=CARTESIAN_POINT('Ctrl Pts',(3.19732059283979,-0.526770599743713,1.19184772129255));
#3204=CARTESIAN_POINT('Ctrl Pts',(3.12702790626986,0.276678484260273,1.16225009264861));
#3205=CARTESIAN_POINT('Ctrl Pts',(0.622976792715235,2.74609796725883,3.03029553913527));
#3206=CARTESIAN_POINT('Ctrl Pts',(0.328711840124924,2.81481512563232,3.01921060823418));
#3207=CARTESIAN_POINT('Ctrl Pts',(-0.71572662705023,2.89561748480928,2.98118515368132));
#3208=CARTESIAN_POINT('Ctrl Pts',(-2.41206940700494,2.01121817211678,2.91616835631782));
#3209=CARTESIAN_POINT('Ctrl Pts',(-3.13748516446992,-0.284535217309667,
2.83434237026465));
#3210=CARTESIAN_POINT('Ctrl Pts',(-2.02151458084018,-2.42504868787321,2.75230156329184));
#3211=CARTESIAN_POINT('Ctrl Pts',(0.286449636989801,-3.15432284205521,2.67004035493696));
#3212=CARTESIAN_POINT('Ctrl Pts',(2.43856476654514,-2.03230365824723,2.58755488387805));
#3213=CARTESIAN_POINT('Ctrl Pts',(3.17186189507481,0.288392233648835,2.50483988907134));
#3214=CARTESIAN_POINT('Ctrl Pts',(2.04355124761491,2.45257485215873,2.42189189976841));
#3215=CARTESIAN_POINT('Ctrl Pts',(-0.290356856874894,3.1900467963483,2.33870599100009));
#3216=CARTESIAN_POINT('Ctrl Pts',(-2.46703458989003,2.05522173988925,2.25527909357954));
#3217=CARTESIAN_POINT('Ctrl Pts',(-3.20881997403006,-0.29233728723824,2.17160663420412));
#3218=CARTESIAN_POINT('Ctrl Pts',(-2.06727818714512,-2.48189820207827,2.08768595496528));
#3219=CARTESIAN_POINT('Ctrl Pts',(0.294327255269877,-3.22812199455619,2.00351284870554));
#3220=CARTESIAN_POINT('Ctrl Pts',(2.49711863246006,-2.07968242030319,1.91908507720927));
#3221=CARTESIAN_POINT('Ctrl Pts',(3.24789175012995,0.296320460577277,1.83439881278356));
#3222=CARTESIAN_POINT('Ctrl Pts',(2.09239516922025,2.5126476943818,1.74945224399169));
#3223=CARTESIAN_POINT('Ctrl Pts',(-0.298310592510234,3.26806665140879,1.66424193472338));
#3224=CARTESIAN_POINT('Ctrl Pts',(-2.52843622408989,2.1053761863093,1.57876650605563));
#3225=CARTESIAN_POINT('Ctrl Pts',(-3.28858282639999,-0.300291350886681,
1.49302292433916));
#3226=CARTESIAN_POINT('Ctrl Pts',(-2.1185843746548,-2.5444342371182,1.40701024753023));
#3227=CARTESIAN_POINT('Ctrl Pts',(0.302256465199946,-3.30937532340521,1.32072585404475));
#3228=CARTESIAN_POINT('Ctrl Pts',(2.56060928054012,-2.13196843294021,1.23416854433958));
#3229=CARTESIAN_POINT('Ctrl Pts',(3.07281534826984,-0.513624956598164,1.17641287353528));
#3230=CARTESIAN_POINT('Ctrl Pts',(3.00416561684472,0.271045064180768,1.14750703202593));
#3231=CARTESIAN_POINT('Origin',(0.686292440900331,2.97588857914917,2.77399999999747));
#3232=CARTESIAN_POINT('Ctrl Pts',(0.622976792715235,2.74609796725883,3.03029553913527));
#3233=CARTESIAN_POINT('Ctrl Pts',(0.328711840124924,2.81481512563232,3.01921060823418));
#3234=CARTESIAN_POINT('Ctrl Pts',(-0.71572662705023,2.89561748480928,2.98118515368132));
#3235=CARTESIAN_POINT('Ctrl Pts',(-2.41206940700494,2.01121817211678,2.91616835631782));
#3236=CARTESIAN_POINT('Ctrl Pts',(-3.13748516446992,-0.284535217309667,
2.83434237026465));
#3237=CARTESIAN_POINT('Ctrl Pts',(-2.02151458084018,-2.42504868787321,2.75230156329184));
#3238=CARTESIAN_POINT('Ctrl Pts',(0.286449636989801,-3.15432284205521,2.67004035493696));
#3239=CARTESIAN_POINT('Ctrl Pts',(2.43856476654514,-2.03230365824723,2.58755488387805));
#3240=CARTESIAN_POINT('Ctrl Pts',(3.17186189507481,0.288392233648835,2.50483988907134));
#3241=CARTESIAN_POINT('Ctrl Pts',(2.04355124761491,2.45257485215873,2.42189189976841));
#3242=CARTESIAN_POINT('Ctrl Pts',(-0.290356856874894,3.1900467963483,2.33870599100009));
#3243=CARTESIAN_POINT('Ctrl Pts',(-2.46703458989003,2.05522173988925,2.25527909357954));
#3244=CARTESIAN_POINT('Ctrl Pts',(-3.20881997403006,-0.29233728723824,2.17160663420412));
#3245=CARTESIAN_POINT('Ctrl Pts',(-2.06727818714512,-2.48189820207827,2.08768595496528));
#3246=CARTESIAN_POINT('Ctrl Pts',(0.294327255269877,-3.22812199455619,2.00351284870554));
#3247=CARTESIAN_POINT('Ctrl Pts',(2.49711863246006,-2.07968242030319,1.91908507720927));
#3248=CARTESIAN_POINT('Ctrl Pts',(3.24789175012995,0.296320460577277,1.83439881278356));
#3249=CARTESIAN_POINT('Ctrl Pts',(2.09239516922025,2.5126476943818,1.74945224399169));
#3250=CARTESIAN_POINT('Ctrl Pts',(-0.298310592510234,3.26806665140879,1.66424193472338));
#3251=CARTESIAN_POINT('Ctrl Pts',(-2.52843622408989,2.1053761863093,1.57876650605563));
#3252=CARTESIAN_POINT('Ctrl Pts',(-3.28858282639999,-0.300291350886681,
1.49302292433916));
#3253=CARTESIAN_POINT('Ctrl Pts',(-2.1185843746548,-2.5444342371182,1.40701024753023));
#3254=CARTESIAN_POINT('Ctrl Pts',(0.302256465199946,-3.30937532340521,1.32072585404475));
#3255=CARTESIAN_POINT('Ctrl Pts',(2.56060928054012,-2.13196843294021,1.23416854433958));
#3256=CARTESIAN_POINT('Ctrl Pts',(3.07281534826984,-0.513624956598164,1.17641287353528));
#3257=CARTESIAN_POINT('Ctrl Pts',(3.00416561684472,0.271045064180768,1.14750703202593));
#3258=CARTESIAN_POINT('Ctrl Pts',(2.05521988398004,-0.00882411133368066,
3.45201739125469));
#3259=CARTESIAN_POINT('Ctrl Pts',(2.05521988398004,1.3526413680038,3.51712628497483));
#3260=CARTESIAN_POINT('Ctrl Pts',(1.65280340914478,2.50561143267575,3.06908900326579));
#3261=CARTESIAN_POINT('Ctrl Pts',(0.622976792715235,2.74609796725883,3.03029553913527));
#3262=CARTESIAN_POINT('Ctrl Pts',(1.98990857885008,-0.00380347805567283,
3.34703297972668));
#3263=CARTESIAN_POINT('Ctrl Pts',(1.98990857885008,1.32515820785031,3.41058745575197));
#3264=CARTESIAN_POINT('Ctrl Pts',(1.60663634797999,2.42327778409027,2.98386474628618));
#3265=CARTESIAN_POINT('Ctrl Pts',(0.605362927240094,2.6570965369573,2.94614687813973));
#3266=CARTESIAN_POINT('Ctrl Pts',(1.95569946605019,0.00442596464729661,
3.17495046512595));
#3267=CARTESIAN_POINT('Ctrl Pts',(1.95569946605019,1.29215428641729,3.23653305220948));
#3268=CARTESIAN_POINT('Ctrl Pts',(1.58742504852995,2.34730338081228,2.8265084153728));
#3269=CARTESIAN_POINT('Ctrl Pts',(0.59315692161988,2.57948624778429,2.78905443593397));
#3270=CARTESIAN_POINT('Ctrl Pts',(2.06266734004004,0.0110807009843228,3.03579599205776));
#3271=CARTESIAN_POINT('Ctrl Pts',(2.06266734004998,1.28772618666332,3.09684856849603));
#3272=CARTESIAN_POINT('Ctrl Pts',(1.67624364083991,2.3948750866893,2.66661711772863));
#3273=CARTESIAN_POINT('Ctrl Pts',(0.614087443930202,2.64291126958334,2.6266058015823));
#3274=CARTESIAN_POINT('Ctrl Pts',(2.27287612598985,0.0173202900762703,2.90532249345186));
#3275=CARTESIAN_POINT('Ctrl Pts',(2.27287612598985,1.3017480026123,2.96674723663915));
#3276=CARTESIAN_POINT('Ctrl Pts',(1.84471674832992,2.52847448181932,2.49004865270751));
#3277=CARTESIAN_POINT('Ctrl Pts',(0.658858368109918,2.80539776950327,2.44537748786966));
#3278=CARTESIAN_POINT('Ctrl Pts',(2.44515530510995,0.0189543931362834,2.87115243191181));
#3279=CARTESIAN_POINT('Ctrl Pts',(2.44515530510995,1.32480306301133,2.9336015821487));
#3280=CARTESIAN_POINT('Ctrl Pts',(1.97970240181007,2.6583798362833,2.41538161204304));
#3281=CARTESIAN_POINT('Ctrl Pts',(0.69740275589993,2.95782422160428,2.36707751451363));
#3282=CARTESIAN_POINT('Ctrl Pts',(2.58446881088986,0.0138447449793233,2.97799819720961));
#3283=CARTESIAN_POINT('Ctrl Pts',(2.58446881088986,1.36481789242026,3.04260531976279));
#3284=CARTESIAN_POINT('Ctrl Pts',(2.08315025501008,2.80115393712528,2.48445371044591));
#3285=CARTESIAN_POINT('Ctrl Pts',(0.731994223610002,3.11667776073726,2.43355579986314));
#3286=CARTESIAN_POINT('Ctrl Pts',(2.71509142114013,0.00380347842330764,
3.18796702026539));
#3287=CARTESIAN_POINT('Ctrl Pts',(2.71509142114013,1.41978421272626,3.25568297820827));
#3288=CARTESIAN_POINT('Ctrl Pts',(2.1754843773499,2.96582123429729,2.65490222440484));
#3289=CARTESIAN_POINT('Ctrl Pts',(0.76722195456,3.29468062134026,2.60185312185392));
#3290=CARTESIAN_POINT('Ctrl Pts',(2.74930053394002,-0.00442596427973285,
3.36004953486596));
#3291=CARTESIAN_POINT('Ctrl Pts',(2.74930053394002,1.45278813416034,3.42973738175061));
#3292=CARTESIAN_POINT('Ctrl Pts',(2.19469567679994,3.04179563757529,2.81225855531807));
#3293=CARTESIAN_POINT('Ctrl Pts',(0.77942796017993,3.37229091051334,2.75894556405954));
#3294=CARTESIAN_POINT('Ctrl Pts',(2.64233265995017,-0.0110807006176827,
3.49920400793394));
#3295=CARTESIAN_POINT('Ctrl Pts',(2.64233265995017,1.45721623391431,3.56942186546384));
#3296=CARTESIAN_POINT('Ctrl Pts',(2.10587708448003,2.99422393169728,2.97214985296199));
#3297=CARTESIAN_POINT('Ctrl Pts',(0.758497437869892,3.30886588871429,2.92139419841094));
#3298=CARTESIAN_POINT('Ctrl Pts',(2.43212387400007,-0.0173202897097013,
3.62967750653991));
#3299=CARTESIAN_POINT('Ctrl Pts',(2.43212387400007,1.44319441796426,3.69952319732079));
#3300=CARTESIAN_POINT('Ctrl Pts',(1.93740397699003,2.86062453656733,3.14871831798323));
#3301=CARTESIAN_POINT('Ctrl Pts',(0.713726513689892,3.14637938879429,3.1026225121237));
#3302=CARTESIAN_POINT('Ctrl Pts',(2.25984469487997,-0.0189543927687197,
3.66384756808055));
#3303=CARTESIAN_POINT('Ctrl Pts',(2.25984469487997,1.4201393575653,3.73266885181183));
#3304=CARTESIAN_POINT('Ctrl Pts',(1.80241832351015,2.73071918210427,3.22338535864811));
#3305=CARTESIAN_POINT('Ctrl Pts',(0.675182125910112,2.99395293669427,3.18092248548013));
#3306=CARTESIAN_POINT('Ctrl Pts',(2.12053118911001,-0.0138447446116885,
3.55700180278269));
#3307=CARTESIAN_POINT('Ctrl Pts',(2.12053118911001,1.3801245281573,3.62366511419769));
#3308=CARTESIAN_POINT('Ctrl Pts',(1.69897047030986,2.5879450812613,3.1543132602454));
#3309=CARTESIAN_POINT('Ctrl Pts',(0.640590658190092,2.8350993975603,3.1144442001308));
#3310=CARTESIAN_POINT('Ctrl Pts',(2.05521988398004,-0.00882411133368066,
3.45201739125469));
#3311=CARTESIAN_POINT('Ctrl Pts',(2.05521988398004,1.3526413680038,3.51712628497483));
#3312=CARTESIAN_POINT('Ctrl Pts',(1.65280340914478,2.50561143267575,3.06908900326579));
#3313=CARTESIAN_POINT('Ctrl Pts',(0.622976792715235,2.74609796725883,3.03029553913527));
#3314=CARTESIAN_POINT('Origin',(2.35250000000008,1.8324897155253E-10,3.267499999997));
#3315=CARTESIAN_POINT('Ctrl Pts',(-2.35554037708027,0.00806482275578446,
1.15));
#3316=CARTESIAN_POINT('Ctrl Pts',(-2.35554037708027,-0.599782376761695,
1.17899172367509));
#3317=CARTESIAN_POINT('Ctrl Pts',(-1.84710604222516,-1.82346875775167,1.23758961576061));
#3318=CARTESIAN_POINT('Ctrl Pts',(-0.0166841406951335,-2.58298621977971,
1.32512525060275));
#3319=CARTESIAN_POINT('Ctrl Pts',(1.80399849789524,-1.82750997921019,1.41219512803495));
#3320=CARTESIAN_POINT('Ctrl Pts',(2.55543585786,-0.016560962136225,1.49879951784486));
#3321=CARTESIAN_POINT('Ctrl Pts',(1.80800563103503,1.78473094416027,1.58494207897909));
#3322=CARTESIAN_POINT('Ctrl Pts',(0.0163493146851579,2.52816296772082,1.67062384062102));
#3323=CARTESIAN_POINT('Ctrl Pts',(-1.76577330790991,1.78868686649679,1.75584967571691));
#3324=CARTESIAN_POINT('Ctrl Pts',(-2.50131324175499,0.016050328607804,1.84062186105796));
#3325=CARTESIAN_POINT('Ctrl Pts',(-1.76965688675978,-1.74722686188069,1.92494645755859));
#3326=CARTESIAN_POINT('Ctrl Pts',(-0.015665600735133,-2.47503011252618,
2.0088269774551));
#3327=CARTESIAN_POINT('Ctrl Pts',(1.72919068222484,-1.75101735102672,2.09227063725251));
#3328=CARTESIAN_POINT('Ctrl Pts',(2.44945398582502,-0.0151971866552003,
2.1752821658697));
#3329=CARTESIAN_POINT('Ctrl Pts',(1.73286783273511,1.71176111848425,2.25786989685143));
#3330=CARTESIAN_POINT('Ctrl Pts',(0.014647589030119,2.42472148987076,2.34003975053714));
#3331=CARTESIAN_POINT('Ctrl Pts',(-1.6950312796601,1.71530528689281,2.42180113299324));
#3332=CARTESIAN_POINT('Ctrl Pts',(-2.40096474618014,0.0140197434512856,
2.50316112435303));
#3333=CARTESIAN_POINT('Ctrl Pts',(-1.69842353289027,-1.67909053751373,2.58413015295703));
#3334=CARTESIAN_POINT('Ctrl Pts',(-0.013317003534894,-2.37831066449921,
2.6647164209101));
#3335=CARTESIAN_POINT('Ctrl Pts',(1.66402404842984,-1.68231275402675,2.7449313231183));
#3336=CARTESIAN_POINT('Ctrl Pts',(2.35688026410514,-0.0125431237112394,
2.8247841398421));
#3337=CARTESIAN_POINT('Ctrl Pts',(1.66705901502496,1.64991229776675,2.9042871716811));
#3338=CARTESIAN_POINT('Ctrl Pts',(0.011702238430189,2.3367880266153,2.98345072747589));
#3339=CARTESIAN_POINT('Ctrl Pts',(-1.63683067063516,1.65274380155125,3.06228794780935));
#3340=CARTESIAN_POINT('Ctrl Pts',(-2.31814128510507,0.0107988393783387,
3.14081011503204));
#3341=CARTESIAN_POINT('Ctrl Pts',(-1.63944358561508,-1.6248490499332,3.21903113951264));
#3342=CARTESIAN_POINT('Ctrl Pts',(-0.00983775217008542,-2.30103965150619,
3.29696321684091));
#3343=CARTESIAN_POINT('Ctrl Pts',(1.61403144226483,-1.62722941781368,3.3746209528617));
#3344=CARTESIAN_POINT('Ctrl Pts',(2.05521988398004,-0.563974092176664,3.42546864532612));
#3345=CARTESIAN_POINT('Ctrl Pts',(2.05521988398004,-0.00882411133368066,
3.45201739125469));
#3346=CARTESIAN_POINT('Ctrl Pts',(-2.23180135933006,0.0306277926573273,
1.15));
#3347=CARTESIAN_POINT('Ctrl Pts',(-2.23180135933006,-0.575101668651712,
1.17889071657823));
#3348=CARTESIAN_POINT('Ctrl Pts',(-1.75238861091998,-1.72893965889472,1.23414382316403));
#3349=CARTESIAN_POINT('Ctrl Pts',(-0.0163036046700427,-2.44931285630472,
1.31716801722296));
#3350=CARTESIAN_POINT('Ctrl Pts',(1.71023259570006,-1.73290185187469,1.39973556203388));
#3351=CARTESIAN_POINT('Ctrl Pts',(2.42274939975999,-0.0157505965376714,
1.48185429385773));
#3352=CARTESIAN_POINT('Ctrl Pts',(1.71404365069009,1.69221609244225,1.56353379533464));
#3353=CARTESIAN_POINT('Ctrl Pts',(0.0151134485201965,2.39717223082828,1.64478114802189));
#3354=CARTESIAN_POINT('Ctrl Pts',(-1.67500372432983,1.6958729814143,1.72560703824947));
#3355=CARTESIAN_POINT('Ctrl Pts',(-2.37271798329004,0.01439556391027,1.80601975243914));
#3356=CARTESIAN_POINT('Ctrl Pts',(-1.67848691204995,-1.65868744082069,1.88603102352403));
#3357=CARTESIAN_POINT('Ctrl Pts',(-0.0136007773198799,-2.34951729297869,
1.96565029852401));
#3358=CARTESIAN_POINT('Ctrl Pts',(1.64335440445001,-1.66197831996968,2.04489029429758));
#3359=CARTESIAN_POINT('Ctrl Pts',(2.32769409919001,-0.0127333348847003,
2.12376156799641));
#3360=CARTESIAN_POINT('Ctrl Pts',(1.64643539503004,1.62908652447527,2.20227775247045));
#3361=CARTESIAN_POINT('Ctrl Pts',(0.0117978708900068,2.30736498183028,2.28045045860648));
#3362=CARTESIAN_POINT('Ctrl Pts',(-1.61596002007002,1.63194116773433,2.35829416241875));
#3363=CARTESIAN_POINT('Ctrl Pts',(-2.28863853942016,0.0107993822353336,
2.43582146650338));
#3364=CARTESIAN_POINT('Ctrl Pts',(-1.61857306639007,-1.60404501384768,2.5130476127075));
#3365=CARTESIAN_POINT('Ctrl Pts',(-0.00974320253021688,-2.27161480965172,
2.58998612801304));
#3366=CARTESIAN_POINT('Ctrl Pts',(1.59340515656993,-1.60640250425473,2.66665293867754));
#3367=CARTESIAN_POINT('Ctrl Pts',(2.25638473425988,-0.00863497429072879,
2.74306242380715));
#3368=CARTESIAN_POINT('Ctrl Pts',(1.59549449726001,1.58409728637828,2.81923110899114));
#3369=CARTESIAN_POINT('Ctrl Pts',(0.00748061807001932,2.24302967250331,
2.89517414864615));
#3370=CARTESIAN_POINT('Ctrl Pts',(-1.57617112586991,1.58590731601528,2.97090857941293));
#3371=CARTESIAN_POINT('Ctrl Pts',(-2.23162096722007,0.00628630012329268,
3.04645025006317));
#3372=CARTESIAN_POINT('Ctrl Pts',(-1.57769217522002,-1.56966901725774,3.12181661727873));
#3373=CARTESIAN_POINT('Ctrl Pts',(-0.00505840017012815,-2.22221956449971,
3.19702413952168));
#3374=CARTESIAN_POINT('Ctrl Pts',(1.56462569539997,-1.57089296080471,3.27209060026076));
#3375=CARTESIAN_POINT('Ctrl Pts',(1.98990857885008,-0.545969712640684,3.32110515101418));
#3376=CARTESIAN_POINT('Ctrl Pts',(1.98990857885008,-0.00380347805567283,
3.34703297972668));
#3377=CARTESIAN_POINT('Ctrl Pts',(-2.06688562395016,0.0591753812073392,
1.08812815664618));
#3378=CARTESIAN_POINT('Ctrl Pts',(-2.06688562395016,-0.545161372046721,
1.11695244697925));
#3379=CARTESIAN_POINT('Ctrl Pts',(-1.62579263013981,-1.60677238504775,1.16778913891519));
#3380=CARTESIAN_POINT('Ctrl Pts',(-0.012848723040122,-2.27604926689573,
1.24492439869092));
#3381=CARTESIAN_POINT('Ctrl Pts',(1.59252106122011,-1.60991520067867,1.32169744380376));
#3382=CARTESIAN_POINT('Ctrl Pts',(2.25566710419997,-0.0117464927067346,
1.39812611433078));
#3383=CARTESIAN_POINT('Ctrl Pts',(1.59536327293011,1.57957254186428,1.47422721529086));
#3384=CARTESIAN_POINT('Ctrl Pts',(0.0105815125499475,2.23716378872531,1.55001568644318));
#3385=CARTESIAN_POINT('Ctrl Pts',(-1.56802990355004,1.58213287192631,1.62550907535115));
#3386=CARTESIAN_POINT('Ctrl Pts',(-2.22063816549991,0.00936000558333205,
1.70072324930911));
#3387=CARTESIAN_POINT('Ctrl Pts',(-1.57029467458983,-1.55795480782274,1.77567640468525));
#3388=CARTESIAN_POINT('Ctrl Pts',(-0.00808849675991041,-2.20617851535174,
1.8503852515454));
#3389=CARTESIAN_POINT('Ctrl Pts',(1.54940107658007,-1.55991192135367,1.92486853785693));
#3390=CARTESIAN_POINT('Ctrl Pts',(2.19386208261994,-0.00677377889473973,
1.99914372719135));
#3391=CARTESIAN_POINT('Ctrl Pts',(1.55104007763015,1.54241440379231,2.07323001896289));
#3392=CARTESIAN_POINT('Ctrl Pts',(0.00542287563007449,2.18375466177129,
2.14714553695776));
#3393=CARTESIAN_POINT('Ctrl Pts',(-1.53703211215003,1.54372653676127,2.22090982947305));
#3394=CARTESIAN_POINT('Ctrl Pts',(-2.17591024663989,0.00404300316127149,
2.29454158369173));
#3395=CARTESIAN_POINT('Ctrl Pts',(-1.53801036758011,-1.53328295441767,2.3680605923661));
#3396=CARTESIAN_POINT('Ctrl Pts',(-0.00264153246007481,-2.17037074273073,
2.44148600624827));
#3397=CARTESIAN_POINT('Ctrl Pts',(1.53118695909001,-1.53392210642373,2.51483775681213));
#3398=CARTESIAN_POINT('Ctrl Pts',(2.16716574264979,-0.00122595060268793,
2.58813535607495));
#3399=CARTESIAN_POINT('Ctrl Pts',(1.53148359330999,1.53075532269526,2.66139876775756));
#3400=CARTESIAN_POINT('Ctrl Pts',(-0.000196179960028076,2.16631236725725,
2.73464776090848));
#3401=CARTESIAN_POINT('Ctrl Pts',(-1.53199035067018,1.53070785448527,2.80790222484856));
#3402=CARTESIAN_POINT('Ctrl Pts',(-2.16781517494013,-0.0016172625306865,
2.88118208005061));
#3403=CARTESIAN_POINT('Ctrl Pts',(-1.53159903361995,-1.53488544582871,2.95450703518605));
#3404=CARTESIAN_POINT('Ctrl Pts',(0.00302970598994534,-2.1716661380227,
3.0278970557361));
#3405=CARTESIAN_POINT('Ctrl Pts',(1.53942514283017,-1.53415237035667,3.1013715644383));
#3406=CARTESIAN_POINT('Ctrl Pts',(1.95569946605019,-0.530939572272686,3.14934786383069));
#3407=CARTESIAN_POINT('Ctrl Pts',(1.95569946605019,0.00442596464729661,
3.17495046512595));
#3408=CARTESIAN_POINT('Ctrl Pts',(-2.00358814142987,0.0666690616332488,
0.923743686707646));
#3409=CARTESIAN_POINT('Ctrl Pts',(-2.00358814142987,-0.540383024323674,
0.952697486850891));
#3410=CARTESIAN_POINT('Ctrl Pts',(-1.5763860753998,-1.56856171780767,1.00193322654805));
#3411=CARTESIAN_POINT('Ctrl Pts',(-0.00482241610001211,-2.22066822993767,
1.07708957301516));
#3412=CARTESIAN_POINT('Ctrl Pts',(1.56383658766998,-1.56976697906373,1.15210701114308));
#3413=CARTESIAN_POINT('Ctrl Pts',(2.21371909612998,-0.00356312415668469,
1.22700703753437));
#3414=CARTESIAN_POINT('Ctrl Pts',(1.56469873041999,1.5605629839493,1.30180770055753));
#3415=CARTESIAN_POINT('Ctrl Pts',(0.00228479824983197,2.20887289731728,
1.37652648278222));
#3416=CARTESIAN_POINT('Ctrl Pts',(-1.55879681100998,1.56111581962428,1.45118154978746));
#3417=CARTESIAN_POINT('Ctrl Pts',(-2.20615552171012,0.000994266861269466,
1.52579070434256));
#3418=CARTESIAN_POINT('Ctrl Pts',(-1.55903738633015,-1.55854750416673,1.60037213219589));
#3419=CARTESIAN_POINT('Ctrl Pts',(0.000301576299932549,-2.20558148597974,
1.67494386121335));
#3420=CARTESIAN_POINT('Ctrl Pts',(1.55981639559997,-1.55847453398771,1.74952400016376));
#3421=CARTESIAN_POINT('Ctrl Pts',(2.20715385701993,0.00159580842726825,
1.8241307057041));
#3422=CARTESIAN_POINT('Ctrl Pts',(1.55943026972977,1.56259670648929,1.89878191288595));
#3423=CARTESIAN_POINT('Ctrl Pts',(-0.00288151532004122,2.21086423480628,
1.97349581016386));
#3424=CARTESIAN_POINT('Ctrl Pts',(-1.56687358393015,1.56189948761131,2.04829006306245));
#3425=CARTESIAN_POINT('Ctrl Pts',(-2.21669279799016,-0.00415182906273515,
2.12318279467049));
#3426=CARTESIAN_POINT('Ctrl Pts',(-1.56586899661988,-1.57262418107273,2.19819130661578));
#3427=CARTESIAN_POINT('Ctrl Pts',(0.00539996394991249,-2.22460841055671,
2.27333355980711));
#3428=CARTESIAN_POINT('Ctrl Pts',(1.57981777836994,-1.57131759187273,2.34862639954953));
#3429=CARTESIAN_POINT('Ctrl Pts',(2.23456878738006,0.00661925203026215,
2.42408752862404));
#3430=CARTESIAN_POINT('Ctrl Pts',(1.57821616712994,1.58841594701634,2.49973324602471));
#3431=CARTESIAN_POINT('Ctrl Pts',(-0.00780317947004505,2.24652071939133,
2.57558090183584));
#3432=CARTESIAN_POINT('Ctrl Pts',(-1.59837275490986,1.5865278695933,2.65164616167077));
#3433=CARTESIAN_POINT('Ctrl Pts',(-2.26040035859,-0.00894542203475623,2.72794593023228));
#3434=CARTESIAN_POINT('Ctrl Pts',(-1.59620829748008,-1.60963501279276,2.8044951560667));
#3435=CARTESIAN_POINT('Ctrl Pts',(0.0100398782001321,-2.27613355980473,
2.88131020818981));
#3436=CARTESIAN_POINT('Ctrl Pts',(1.62214255764979,-1.6072057379747,2.95840523822518));
#3437=CARTESIAN_POINT('Ctrl Pts',(2.06266734004004,-0.545549818022693,3.00917644286355));
#3438=CARTESIAN_POINT('Ctrl Pts',(2.06266734004004,0.0110807009843228,3.03579599205776));
#3439=CARTESIAN_POINT('Ctrl Pts',(-2.00143827017996,0.0609663709042962,
0.676256313292354));
#3440=CARTESIAN_POINT('Ctrl Pts',(-2.00143827017996,-0.55176792634974,0.705481130724008));
#3441=CARTESIAN_POINT('Ctrl Pts',(-1.57330297200019,-1.58219269841574,0.754824426958869));
#3442=CARTESIAN_POINT('Ctrl Pts',(0.00697505293004497,-2.23791515988367,
0.830397517525584));
#3443=CARTESIAN_POINT('Ctrl Pts',(1.59123512118981,-1.58054038457472,0.906161039976047));
#3444=CARTESIAN_POINT('Ctrl Pts',(2.25044707393977,0.00814724460234117,
0.982136300144165));
#3445=CARTESIAN_POINT('Ctrl Pts',(1.58926379291984,1.6015857354963,1.05833875913249));
#3446=CARTESIAN_POINT('Ctrl Pts',(-0.00927591303991449,2.26488572082125,
1.13478517176811));
#3447=CARTESIAN_POINT('Ctrl Pts',(-1.61322463556985,1.59934131166125,1.21149025793671));
#3448=CARTESIAN_POINT('Ctrl Pts',(-2.28115396838007,-0.0103550292077159,
1.28847021047311));
#3449=CARTESIAN_POINT('Ctrl Pts',(-1.61071910595979,-1.62608964635673,1.36573892941197));
#3450=CARTESIAN_POINT('Ctrl Pts',(0.0113788288101091,-2.29916491143577,
1.4433119590931));
#3451=CARTESIAN_POINT('Ctrl Pts',(1.64011204287021,-1.62333639559868,1.5212023054457));
#3452=CARTESIAN_POINT('Ctrl Pts',(2.31882233524004,0.0123418422963084,1.59942478127612));
#3453=CARTESIAN_POINT('Ctrl Pts',(1.63712577892994,1.65521691659428,1.67799142892992));
#3454=CARTESIAN_POINT('Ctrl Pts',(-0.0132389248500431,2.34002122875332,
1.75691625054951));
#3455=CARTESIAN_POINT('Ctrl Pts',(-1.67132357638991,1.65201359220127,1.83621026056617));
#3456=CARTESIAN_POINT('Ctrl Pts',(-2.36264834637012,-0.0140652845977485,
1.91588657565839));
#3457=CARTESIAN_POINT('Ctrl Pts',(-1.66792030381998,-1.6883459802677,1.99595512350366));
#3458=CARTESIAN_POINT('Ctrl Pts',(0.0148165074500639,-2.38658281358575,
2.07642806524681));
#3459=CARTESIAN_POINT('Ctrl Pts',(1.70619319429989,-1.68476093992076,2.15731418877757));
#3460=CARTESIAN_POINT('Ctrl Pts',(2.41169677197007,0.0154885799933169,2.23862463474179));
#3461=CARTESIAN_POINT('Ctrl Pts',(1.70244553759005,1.72476987765933,2.3203670042962));
#3462=CARTESIAN_POINT('Ctrl Pts',(-0.016077911620016,2.43785606150134,2.40255135807398));
#3463=CARTESIAN_POINT('Ctrl Pts',(-1.74397679267003,1.72087962470926,2.48518406989319));
#3464=CARTESIAN_POINT('Ctrl Pts',(-2.46492093794018,-0.0165813544587223,
2.56827406663007));
#3465=CARTESIAN_POINT('Ctrl Pts',(-1.73996472535009,-1.7637113356777,2.65182646071488));
#3466=CARTESIAN_POINT('Ctrl Pts',(0.016996219479779,-2.49274682011169,2.73584899757919));
#3467=CARTESIAN_POINT('Ctrl Pts',(1.78386808439996,-1.75959888658973,2.82034550095465));
#3468=CARTESIAN_POINT('Ctrl Pts',(2.27287612598985,-0.581099281110724,2.8767044808384));
#3469=CARTESIAN_POINT('Ctrl Pts',(2.27287612598985,0.0173202900762703,2.90532249345186));
#3470=CARTESIAN_POINT('Ctrl Pts',(-2.06187980541017,0.0458970814293025,
0.511871843353823));
#3471=CARTESIAN_POINT('Ctrl Pts',(-2.06187980541017,-0.571670286736676,
0.541327177692506));
#3472=CARTESIAN_POINT('Ctrl Pts',(-1.61861384855996,-1.63851113003268,0.592414307188301));
#3473=CARTESIAN_POINT('Ctrl Pts',(0.0146208238498957,-2.31620748640168,
0.670519925229629));
#3474=CARTESIAN_POINT('Ctrl Pts',(1.65631654983997,-1.63500029029571,0.74903017331645));
#3475=CARTESIAN_POINT('Ctrl Pts',(2.34118552397007,0.01552024755334,0.827962447334903));
#3476=CARTESIAN_POINT('Ctrl Pts',(1.65256123077,1.67509102929927,0.90732752804362));
#3477=CARTESIAN_POINT('Ctrl Pts',(-0.0163367611699528,2.36758556630527,
0.987138660706294));
#3478=CARTESIAN_POINT('Ctrl Pts',(-1.69476112660988,1.67113814444228,1.06740536984048));
#3479=CARTESIAN_POINT('Ctrl Pts',(-2.39526658306005,-0.0170660032307524,
1.14813977412539));
#3480=CARTESIAN_POINT('Ctrl Pts',(-1.69063179242016,-1.71522176376072,1.22935009095719));
#3481=CARTESIAN_POINT('Ctrl Pts',(0.0177040784501514,-2.42408070161069,
1.31104724769216));
#3482=CARTESIAN_POINT('Ctrl Pts',(1.73636363967006,-1.71093803928969,1.39323811070748));
#3483=CARTESIAN_POINT('Ctrl Pts',(2.4538739962702,0.0182475778483138,1.47593235766218));
#3484=CARTESIAN_POINT('Ctrl Pts',(1.73194840873009,1.75807381330024,1.55913546723399));
#3485=CARTESIAN_POINT('Ctrl Pts',(-0.0186935976600466,2.48448730982929,
1.6428558156863));
#3486=CARTESIAN_POINT('Ctrl Pts',(-1.78023630776011,1.75355066220924,1.72709746473009));
#3487=CARTESIAN_POINT('Ctrl Pts',(-2.51575710449004,-0.0190397556067268,
1.81186744448683));
#3488=CARTESIAN_POINT('Ctrl Pts',(-1.77562939935996,-1.80273273058873,1.89716837800293));
#3489=CARTESIAN_POINT('Ctrl Pts',(0.0192842028599216,-2.54751633625972,
1.98300591170277));
#3490=CARTESIAN_POINT('Ctrl Pts',(1.82544290544001,-1.79806667514171,2.0693812159558));
#3491=CARTESIAN_POINT('Ctrl Pts',(2.57959534653992,0.01942563320533,2.1562985233259));
#3492=CARTESIAN_POINT('Ctrl Pts',(1.82074262918007,1.8482455133703,2.2437575452534));
#3493=CARTESIAN_POINT('Ctrl Pts',(-0.0194632907599157,2.61182276774825,
2.33176107783118));
#3494=CARTESIAN_POINT('Ctrl Pts',(-1.87101874167979,1.84353612535425,2.42030737511194));
#3495=CARTESIAN_POINT('Ctrl Pts',(-2.64402643946994,-0.019396974707675,
2.50939778178074));
#3496=CARTESIAN_POINT('Ctrl Pts',(-1.86632539962005,-1.89364093531672,2.59902910382956));
#3497=CARTESIAN_POINT('Ctrl Pts',(0.0192270396900085,-2.6760343288997,2.68920122735225));
#3498=CARTESIAN_POINT('Ctrl Pts',(1.9159912460799,-1.88898871121772,2.77990952734262));
#3499=CARTESIAN_POINT('Ctrl Pts',(2.44515530510995,-0.613713906396711,2.84089655418334));
#3500=CARTESIAN_POINT('Ctrl Pts',(2.44515530510995,0.0189543931362834,2.87115243191181));
#3501=CARTESIAN_POINT('Ctrl Pts',(-2.22572060516001,0.0144981475143169,
0.45));
#3502=CARTESIAN_POINT('Ctrl Pts',(-2.22572060516001,-0.6073030343547,0.479657269228044));
#3503=CARTESIAN_POINT('Ctrl Pts',(-1.74366827763009,-1.76749389418468,0.535214591642553));
#3504=CARTESIAN_POINT('Ctrl Pts',(0.0170646767199401,-2.49809454078367,
0.619417516016875));
#3505=CARTESIAN_POINT('Ctrl Pts',(1.78772735107003,-1.76337364424775,0.704095305963069));
#3506=CARTESIAN_POINT('Ctrl Pts',(2.52663180844991,0.0173713281012766,0.789255258166753));
#3507=CARTESIAN_POINT('Ctrl Pts',(1.78352413978018,1.80824595565028,0.874899637374891));
#3508=CARTESIAN_POINT('Ctrl Pts',(-0.0175851808501193,2.55560042016029,
0.961033466777939));
#3509=CARTESIAN_POINT('Ctrl Pts',(-1.82894885967016,1.8039909999483,1.04765768681342));
#3510=CARTESIAN_POINT('Ctrl Pts',(-2.58484562419,-0.0177050929386979,1.13477603032069));
#3511=CARTESIAN_POINT('Ctrl Pts',(-1.82466488968998,-1.84972546785367,1.222388108404));
#3512=CARTESIAN_POINT('Ctrl Pts',(0.017730424150102,-2.61421119196577,1.31049634361065));
#3513=CARTESIAN_POINT('Ctrl Pts',(1.87046479117015,-1.84543536871075,1.3990990197891));
#3514=CARTESIAN_POINT('Ctrl Pts',(2.64354025193995,0.0176610387922693,1.48819723625325));
#3515=CARTESIAN_POINT('Ctrl Pts',(1.86619148072992,1.89105603903528,1.57778795876353));
#3516=CARTESIAN_POINT('Ctrl Pts',(-0.0174973071699469,2.67267612686332,
1.66787095752787));
#3517=CARTESIAN_POINT('Ctrl Pts',(-1.91138921190998,1.88682234547734,1.75844189642767));
#3518=CARTESIAN_POINT('Ctrl Pts',(-2.7014631714701,-0.0172401043006687,
1.84949921779245));
#3519=CARTESIAN_POINT('Ctrl Pts',(-1.90721775177991,-1.93135568961573,1.94103730678828));
#3520=CARTESIAN_POINT('Ctrl Pts',(0.0168908045398553,-2.72974760469474,
2.03305328618742));
#3521=CARTESIAN_POINT('Ctrl Pts',(1.95084881088007,-1.92726874699673,2.12554029243526));
#3522=CARTESIAN_POINT('Ctrl Pts',(2.75737833045014,0.016451273498248,2.21849414411701));
#3523=CARTESIAN_POINT('Ctrl Pts',(1.94686821836996,1.96976444237428,2.31190676562276));
#3524=CARTESIAN_POINT('Ctrl Pts',(-0.0159238588000221,2.78420774404928,
2.40577269368796));
#3525=CARTESIAN_POINT('Ctrl Pts',(-1.98800153576002,1.96591146444227,2.50008268378756));
#3526=CARTESIAN_POINT('Ctrl Pts',(-2.81009252141985,-0.0153113782667447,
2.59483001999222));
#3527=CARTESIAN_POINT('Ctrl Pts',(-1.98429675515001,-2.00546266818769,2.69000433824636));
#3528=CARTESIAN_POINT('Ctrl Pts',(0.0146171041700427,-2.83489438553069,
2.78559770583255));
#3529=CARTESIAN_POINT('Ctrl Pts',(2.02205456202989,-2.00192587597371,2.88159869452985));
#3530=CARTESIAN_POINT('Ctrl Pts',(2.58446881088986,-0.646518778307694,2.9464178603543));
#3531=CARTESIAN_POINT('Ctrl Pts',(2.58446881088986,0.0138447449793233,2.97799819720961));
#3532=CARTESIAN_POINT('Ctrl Pts',(-2.47319864065986,-0.0306277922886977,
0.45));
#3533=CARTESIAN_POINT('Ctrl Pts',(-2.47319864065986,-0.656664450574738,
0.479859283421761));
#3534=CARTESIAN_POINT('Ctrl Pts',(-1.93310314023989,-1.95655209189873,0.542106176835705));
#3535=CARTESIAN_POINT('Ctrl Pts',(0.0163036046700427,-2.76544126773366,
0.635331982776432));
#3536=CARTESIAN_POINT('Ctrl Pts',(1.97525915547004,-1.95258989891876,0.729014437965163));
#3537=CARTESIAN_POINT('Ctrl Pts',(2.79200472463998,0.0157505969053062,0.823145706140971));
#3538=CARTESIAN_POINT('Ctrl Pts',(1.97144810047007,1.99327565908632,0.917716204663719));
#3539=CARTESIAN_POINT('Ctrl Pts',(-0.0151134485201965,2.81758189394431,
1.01271885197614));
#3540=CARTESIAN_POINT('Ctrl Pts',(-2.01048802683005,1.98961877011428,1.10814296174823));
#3541=CARTESIAN_POINT('Ctrl Pts',(-2.84203614112016,-0.0143955635427062,
1.20398024755823));
#3542=CARTESIAN_POINT('Ctrl Pts',(-2.00700483910992,-2.02680430997368,1.30021897647301));
#3543=CARTESIAN_POINT('Ctrl Pts',(0.0136007773198799,-2.86523683106068,
1.39684970147271));
#3544=CARTESIAN_POINT('Ctrl Pts',(2.04213734671015,-2.02351343082469,1.49385970569883));
#3545=CARTESIAN_POINT('Ctrl Pts',(2.88706002521991,0.0127333352522641,1.59123843199969));
#3546=CARTESIAN_POINT('Ctrl Pts',(2.03905635612983,2.0564052270533,1.68897224752534));
#3547=CARTESIAN_POINT('Ctrl Pts',(-0.0117978708900068,2.9073891429433,1.787049541389));
#3548=CARTESIAN_POINT('Ctrl Pts',(-2.06953173109014,2.05355058379432,1.88545583757643));
#3549=CARTESIAN_POINT('Ctrl Pts',(-2.92611558499004,-0.0107993818686936,
1.98417853349151));
#3550=CARTESIAN_POINT('Ctrl Pts',(-2.06691868477009,-2.08144673694768,2.08320238728712));
#3551=CARTESIAN_POINT('Ctrl Pts',(0.00974320252993266,-2.94313931438971,
2.18251387198129));
#3552=CARTESIAN_POINT('Ctrl Pts',(2.09208659458994,-2.0790892465407,2.28209706131652));
#3553=CARTESIAN_POINT('Ctrl Pts',(2.95836939014009,0.00863497465829255,
2.38193757618665));
#3554=CARTESIAN_POINT('Ctrl Pts',(2.08999725389987,2.10139446515228,2.48201889100242));
#3555=CARTESIAN_POINT('Ctrl Pts',(-0.00748061807001932,2.97172445227332,
2.58232585134717));
#3556=CARTESIAN_POINT('Ctrl Pts',(-2.10932062528997,2.09958443551528,2.68284142058017));
#3557=CARTESIAN_POINT('Ctrl Pts',(-2.98313315719014,-0.00628629975672368,
2.7835497499297));
#3558=CARTESIAN_POINT('Ctrl Pts',(-2.10779957595008,-2.11582273353869,2.88443338271392));
#3559=CARTESIAN_POINT('Ctrl Pts',(0.00505840017012815,-2.99253455954371,
2.98547586047077));
#3560=CARTESIAN_POINT('Ctrl Pts',(2.12086605577014,-2.11459878999172,3.0866593997315));
#3561=CARTESIAN_POINT('Ctrl Pts',(2.71509142114013,-0.682527537379727,3.15514484897793));
#3562=CARTESIAN_POINT('Ctrl Pts',(2.71509142114013,0.00380347842330764,
3.18796702026539));
#3563=CARTESIAN_POINT('Ctrl Pts',(-2.63811437604005,-0.0591753808387097,
0.511871843353823));
#3564=CARTESIAN_POINT('Ctrl Pts',(-2.63811437604005,-0.686604747179729,
0.54179755302074));
#3565=CARTESIAN_POINT('Ctrl Pts',(-2.05969912102006,-2.0787193657457,0.608460861084535));
#3566=CARTESIAN_POINT('Ctrl Pts',(0.012848723040122,-2.93870485714272,0.707575601308449));
#3567=CARTESIAN_POINT('Ctrl Pts',(2.09297068994005,-2.0755765501147,0.807052556195259));
#3568=CARTESIAN_POINT('Ctrl Pts',(2.95908702020995,0.0117464930733036,0.906873885667875));
#3569=CARTESIAN_POINT('Ctrl Pts',(2.09012847823004,2.1059192096633,1.00702278470745));
#3570=CARTESIAN_POINT('Ctrl Pts',(-0.0105815125499475,2.97759033604727,
1.10748431355477));
#3571=CARTESIAN_POINT('Ctrl Pts',(-2.11746184761012,2.10335887960127,1.20824092464646));
#3572=CARTESIAN_POINT('Ctrl Pts',(-2.99411595891002,-0.00936000521569724,
1.30927675068816));
#3573=CARTESIAN_POINT('Ctrl Pts',(-2.11519707657004,-2.12753694297071,1.41057359531168));
#3574=CARTESIAN_POINT('Ctrl Pts',(0.00808849675991041,-3.00857560868771,
1.5121147484512));
#3575=CARTESIAN_POINT('Ctrl Pts',(2.13609067458009,-2.1255798294397,1.61388146213934));
#3576=CARTESIAN_POINT('Ctrl Pts',(3.02089204178003,0.00677377926230349,
1.71585627280459));
#3577=CARTESIAN_POINT('Ctrl Pts',(2.13445167353001,2.14307734773627,1.81801998103274));
#3578=CARTESIAN_POINT('Ctrl Pts',(-0.00542287563007449,3.03099946300328,
1.92035446303757));
#3579=CARTESIAN_POINT('Ctrl Pts',(-2.14845963900984,2.14176521476723,2.02284017052198));
#3580=CARTESIAN_POINT('Ctrl Pts',(-3.03884387777003,-0.00404300279470249,
2.12545841630301));
#3581=CARTESIAN_POINT('Ctrl Pts',(-2.14748138358999,-2.1522087963767,2.22818940762836));
#3582=CARTESIAN_POINT('Ctrl Pts',(0.00264153246007481,-3.04438338130971,
2.33101399374592));
#3583=CARTESIAN_POINT('Ctrl Pts',(2.15430479207015,-2.1515696443717,2.43391224318179));
#3584=CARTESIAN_POINT('Ctrl Pts',(3.04758838175985,0.00122595096932798,
2.53686464391872));
#3585=CARTESIAN_POINT('Ctrl Pts',(2.15400815785983,2.15473642883531,2.63985123223586));
#3586=CARTESIAN_POINT('Ctrl Pts',(0.000196179960028076,3.04844175751931,
2.7428522390847));
#3587=CARTESIAN_POINT('Ctrl Pts',(-2.15350140048997,2.15478389704529,2.84584777514439));
#3588=CARTESIAN_POINT('Ctrl Pts',(-3.04693894947007,0.00161726289732655,
2.94881791994211));
#3589=CARTESIAN_POINT('Ctrl Pts',(-2.15389271755015,-2.15060630496772,3.05174296480646));
#3590=CARTESIAN_POINT('Ctrl Pts',(-0.00302970599022956,-3.04308798602072,
3.15460294425619));
#3591=CARTESIAN_POINT('Ctrl Pts',(2.14606660833994,-2.15133938043969,3.2573784355538));
#3592=CARTESIAN_POINT('Ctrl Pts',(2.74930053394002,-0.697557677747724,3.32690213616127));
#3593=CARTESIAN_POINT('Ctrl Pts',(2.74930053394002,-0.00442596427973285,
3.36004953486596));
#3594=CARTESIAN_POINT('Ctrl Pts',(-2.70141185856005,-0.0666690612647614,
0.676256313292354));
#3595=CARTESIAN_POINT('Ctrl Pts',(-2.70141185856005,-0.691383094902704,
0.706052513149103));
#3596=CARTESIAN_POINT('Ctrl Pts',(-2.10910567575979,-2.11693003298571,0.774316773451684));
#3597=CARTESIAN_POINT('Ctrl Pts',(0.00482241610001211,-2.99408589410071,
0.875410426984209));
#3598=CARTESIAN_POINT('Ctrl Pts',(2.12165516348989,-2.11572477172972,0.976642988855935));
#3599=CARTESIAN_POINT('Ctrl Pts',(3.00103502827994,0.00356312452424845,
1.07799296246429));
#3600=CARTESIAN_POINT('Ctrl Pts',(2.12079302074017,2.12492876757828,1.17944229944077));
#3601=CARTESIAN_POINT('Ctrl Pts',(-0.00228479825011618,3.0058812274553,
1.28097351721572));
#3602=CARTESIAN_POINT('Ctrl Pts',(-2.12669494015017,2.1243759319033,1.38256845021012));
#3603=CARTESIAN_POINT('Ctrl Pts',(-3.00859860270009,-0.000994266494700469,
1.48420929565468));
#3604=CARTESIAN_POINT('Ctrl Pts',(-2.12645436483001,-2.12694424662672,1.585877867801));
#3605=CARTESIAN_POINT('Ctrl Pts',(-0.000301576300216766,-3.00917263805971,
1.6875561387832));
#3606=CARTESIAN_POINT('Ctrl Pts',(2.12567535555991,-2.12701721680567,1.78922599983246));
#3607=CARTESIAN_POINT('Ctrl Pts',(3.00760026738004,-0.00159580806069926,
1.89086929429179));
#3608=CARTESIAN_POINT('Ctrl Pts',(2.12606148142982,2.12289504503929,1.99246808710962));
#3609=CARTESIAN_POINT('Ctrl Pts',(0.00288151532004122,3.0038898899673,2.09400418983139));
#3610=CARTESIAN_POINT('Ctrl Pts',(-2.11861816723001,2.12359226391634,2.19545993693249));
#3611=CARTESIAN_POINT('Ctrl Pts',(-2.9980613264101,0.00415182942923309,
2.29681720532414));
#3612=CARTESIAN_POINT('Ctrl Pts',(-2.11962275453999,-2.11286756972271,2.39805869337855));
#3613=CARTESIAN_POINT('Ctrl Pts',(-0.00539996394991249,-2.99014571348373,
2.49916644018694));
#3614=CARTESIAN_POINT('Ctrl Pts',(2.10567397278993,-2.11417415892271,2.60012360044423));
#3615=CARTESIAN_POINT('Ctrl Pts',(2.98018533703015,-0.00661925166269839,
2.70091247136946));
#3616=CARTESIAN_POINT('Ctrl Pts',(2.10727558402994,2.0970758045133,2.80151675396852));
#3617=CARTESIAN_POINT('Ctrl Pts',(0.00780317946009745,2.96823340538431,
2.90191909815713));
#3618=CARTESIAN_POINT('Ctrl Pts',(-2.08711899625001,2.09896388193634,3.00210383832196));
#3619=CARTESIAN_POINT('Ctrl Pts',(-2.95435376581992,0.00894542240125418,
3.10205406976021));
#3620=CARTESIAN_POINT('Ctrl Pts',(-2.08928345368008,-2.07585673800473,3.20175484392558));
#3621=CARTESIAN_POINT('Ctrl Pts',(-0.0100398782001321,-2.9386205642377,
3.30118979180227));
#3622=CARTESIAN_POINT('Ctrl Pts',(2.06334919352003,-2.07828601282166,3.4003447617667));
#3623=CARTESIAN_POINT('Ctrl Pts',(2.64233265995017,-0.682947431997718,3.4670735571282));
#3624=CARTESIAN_POINT('Ctrl Pts',(2.64233265995017,-0.0110807006176827,
3.49920400793394));
#3625=CARTESIAN_POINT('Ctrl Pts',(-2.70356172980996,-0.0609663705356667,
0.923743686707646));
#3626=CARTESIAN_POINT('Ctrl Pts',(-2.70356172980996,-0.67999819287671,0.953268869275985));
#3627=CARTESIAN_POINT('Ctrl Pts',(-2.11218877915996,-2.10329905237771,1.02142557304086));
#3628=CARTESIAN_POINT('Ctrl Pts',(-0.00697505293004497,-2.97683896415471,
1.12210248247379));
#3629=CARTESIAN_POINT('Ctrl Pts',(2.09425662996978,-2.10495136621866,1.22258896002297));
#3630=CARTESIAN_POINT('Ctrl Pts',(2.96430705045992,-0.00814724423470636,
1.3228636998545));
#3631=CARTESIAN_POINT('Ctrl Pts',(2.09622795824004,2.08390601603128,1.42291124086582));
#3632=CARTESIAN_POINT('Ctrl Pts',(0.00927591302996689,2.94986840395126,
1.52271482822986));
#3633=CARTESIAN_POINT('Ctrl Pts',(-2.07226711559002,2.08615043986633,1.62225974206091));
#3634=CARTESIAN_POINT('Ctrl Pts',(-2.93360015601991,0.0103550295742849,
1.72152978952417));
#3635=CARTESIAN_POINT('Ctrl Pts',(-2.0747726451998,-2.05940210443771,1.82051107058497));
#3636=CARTESIAN_POINT('Ctrl Pts',(-0.0113788288101091,-2.91558921260368,
1.9191880409035));
#3637=CARTESIAN_POINT('Ctrl Pts',(2.04537970828994,-2.06215535519469,2.01754769455058));
#3638=CARTESIAN_POINT('Ctrl Pts',(2.89593178917016,-0.0123418419287447,
2.11557521871983));
#3639=CARTESIAN_POINT('Ctrl Pts',(2.04836597222993,2.03027483493429,2.21325857106571));
#3640=CARTESIAN_POINT('Ctrl Pts',(0.0132389248500431,2.87473289602026,2.3105837494458));
#3641=CARTESIAN_POINT('Ctrl Pts',(-2.01416817476996,2.0334781593273,2.40753973942883));
#3642=CARTESIAN_POINT('Ctrl Pts',(-2.85210577803014,0.0140652849653122,
2.50411342433631));
#3643=CARTESIAN_POINT('Ctrl Pts',(-2.01757144733989,-1.99714577052767,2.60029487649074));
#3644=CARTESIAN_POINT('Ctrl Pts',(-0.0148165074500639,-2.82817131045469,
2.6960719347473));
#3645=CARTESIAN_POINT('Ctrl Pts',(1.97929855685999,-2.00073081087375,2.79143581121626));
#3646=CARTESIAN_POINT('Ctrl Pts',(2.80305735243019,-0.0154885796257531,
2.88637536525177));
#3647=CARTESIAN_POINT('Ctrl Pts',(1.98304621357011,1.96072187387031,2.9808829956971));
#3648=CARTESIAN_POINT('Ctrl Pts',(0.016077911620016,2.7768980632743,3.07494864191907));
#3649=CARTESIAN_POINT('Ctrl Pts',(-1.94151495849013,1.96461212682031,3.16856593009962));
#3650=CARTESIAN_POINT('Ctrl Pts',(-2.74983318647003,0.0165813548252913,
3.26172593336251));
#3651=CARTESIAN_POINT('Ctrl Pts',(-1.94552702581007,-1.92178041511873,3.35442353927749));
#3652=CARTESIAN_POINT('Ctrl Pts',(-0.0169962194701156,-2.72200730393173,
3.44665100241297));
#3653=CARTESIAN_POINT('Ctrl Pts',(1.90162366675992,-1.9258928642067,3.5384044990373));
#3654=CARTESIAN_POINT('Ctrl Pts',(2.43212387400007,-0.647397968910752,3.59954551915342));
#3655=CARTESIAN_POINT('Ctrl Pts',(2.43212387400007,-0.0173202897097013,
3.62967750653991));
#3656=CARTESIAN_POINT('Ctrl Pts',(-2.64312019458004,-0.0458970810596782,
1.08812815664618));
#3657=CARTESIAN_POINT('Ctrl Pts',(-2.64312019458004,-0.660095832489702,
1.11742282230749));
#3658=CARTESIAN_POINT('Ctrl Pts',(-2.06687790259991,-2.04698062076069,1.18383569281144));
#3659=CARTESIAN_POINT('Ctrl Pts',(-0.0146208238501799,-2.89854663763769,
1.28198007476978));
#3660=CARTESIAN_POINT('Ctrl Pts',(2.02917520132019,-2.05049146049767,1.37971982668262));
#3661=CARTESIAN_POINT('Ctrl Pts',(2.87356860043019,-0.0155202471857052,
1.47703755266383));
#3662=CARTESIAN_POINT('Ctrl Pts',(2.03293052039015,2.01040072222831,1.57392247195477));
#3663=CARTESIAN_POINT('Ctrl Pts',(0.0163367611799003,2.84716855846732,1.67036133929177));
#3664=CARTESIAN_POINT('Ctrl Pts',(-1.99073062455,2.0143536070853,1.76634463015725));
#3665=CARTESIAN_POINT('Ctrl Pts',(-2.81948754134987,0.0170660035983161,
1.86186022587201));
#3666=CARTESIAN_POINT('Ctrl Pts',(-1.99485995873999,-1.97026998703372,1.95689990903989));
#3667=CARTESIAN_POINT('Ctrl Pts',(-0.0177040784501514,-2.79067342242868,
2.0514527523046));
#3668=CARTESIAN_POINT('Ctrl Pts',(1.9491281114901,-1.97455371150376,2.14551188928897));
#3669=CARTESIAN_POINT('Ctrl Pts',(2.76088012813005,-0.01824757748075,2.23906764233396));
#3670=CARTESIAN_POINT('Ctrl Pts',(1.95354334244001,1.92741793822925,2.33211453276186));
#3671=CARTESIAN_POINT('Ctrl Pts',(0.0186935976600466,2.73026681494429,2.42464418430925));
#3672=CARTESIAN_POINT('Ctrl Pts',(-1.90525544340005,1.93194108931927,2.51665253526517));
#3673=CARTESIAN_POINT('Ctrl Pts',(-2.69899701992017,0.0190397559732958,
2.60813255550815));
#3674=CARTESIAN_POINT('Ctrl Pts',(-1.90986235179992,-1.8827590202077,2.69908162199179));
#3675=CARTESIAN_POINT('Ctrl Pts',(-0.0192842028599216,-2.66723778778172,
2.78949408829169));
#3676=CARTESIAN_POINT('Ctrl Pts',(1.86004884572981,-1.88742507565372,2.87936878403841));
#3677=CARTESIAN_POINT('Ctrl Pts',(2.63515877787,-0.0194256328376952,2.96870147666807));
#3678=CARTESIAN_POINT('Ctrl Pts',(1.86474912198008,1.83724623816026,3.05749245474033));
#3679=CARTESIAN_POINT('Ctrl Pts',(0.0194632907599157,2.60293135702831,3.14573892216233));
#3680=CARTESIAN_POINT('Ctrl Pts',(-1.81447300949003,1.84195562617631,3.23344262488134));
#3681=CARTESIAN_POINT('Ctrl Pts',(-2.57072768493998,0.0193969750753098,
3.32060221821234));
#3682=CARTESIAN_POINT('Ctrl Pts',(-1.81916635155005,-1.7918508154807,3.40722089616333));
#3683=CARTESIAN_POINT('Ctrl Pts',(-0.0192270396900085,-2.53871979514372,
3.49329877264045));
#3684=CARTESIAN_POINT('Ctrl Pts',(1.76950050507998,-1.7965030395797,3.57884047264991));
#3685=CARTESIAN_POINT('Ctrl Pts',(2.25984469487997,-0.614783343624694,3.63535344580906));
#3686=CARTESIAN_POINT('Ctrl Pts',(2.25984469487997,-0.0189543927687197,
3.66384756808055));
#3687=CARTESIAN_POINT('Ctrl Pts',(-2.4792793948302,-0.0144981471456873,
1.15));
#3688=CARTESIAN_POINT('Ctrl Pts',(-2.4792793948302,-0.624463084871678,1.17909273077195));
#3689=CARTESIAN_POINT('Ctrl Pts',(-1.94182347353006,-1.91799785660869,1.2410354083572));
#3690=CARTESIAN_POINT('Ctrl Pts',(-0.0170646767199401,-2.71665958325471,
1.33308248398254));
#3691=CARTESIAN_POINT('Ctrl Pts',(1.89776440009013,-1.9221181065457,1.42465469403601));
#3692=CARTESIAN_POINT('Ctrl Pts',(2.68812231596002,-0.0173713277347076,
1.51574474183199));
#3693=CARTESIAN_POINT('Ctrl Pts',(1.90196761137997,1.8772457958783,1.60635036262353));
#3694=CARTESIAN_POINT('Ctrl Pts',(0.0175851808501193,2.65915370461329,1.69646653322016));
#3695=CARTESIAN_POINT('Ctrl Pts',(-1.85654289148999,1.88150075157928,1.78609231318436));
#3696=CARTESIAN_POINT('Ctrl Pts',(-2.62990850021993,0.0177050933052669,
1.87522396967677));
#3697=CARTESIAN_POINT('Ctrl Pts',(-1.86082686146989,-1.8357662829407,1.96386189159314));
#3698=CARTESIAN_POINT('Ctrl Pts',(-0.017730424150102,-2.60054293207368,
2.05200365638618));
#3699=CARTESIAN_POINT('Ctrl Pts',(1.81502695999995,-1.84005638208369,2.13965098020743));
#3700=CARTESIAN_POINT('Ctrl Pts',(2.57121387246002,-0.0176610384257003,
2.22680276374298));
#3701=CARTESIAN_POINT('Ctrl Pts',(1.81930027044018,1.7944357124933,2.31346204123241));
#3702=CARTESIAN_POINT('Ctrl Pts',(0.0174973071699469,2.54207799791132,2.39962904246779));
#3703=CARTESIAN_POINT('Ctrl Pts',(-1.77410253925018,1.7986694060513,2.48530810356772));
#3704=CARTESIAN_POINT('Ctrl Pts',(-2.51329095294011,0.0172401046673087,
2.57050078220267));
#3705=CARTESIAN_POINT('Ctrl Pts',(-1.77827399939019,-1.75413606117971,2.65521269320656));
#3706=CARTESIAN_POINT('Ctrl Pts',(-0.0168908045398553,-2.4850065193467,
2.73944671380715));
#3707=CARTESIAN_POINT('Ctrl Pts',(1.73464294029003,-1.7582230037987,2.82320970755905));
#3708=CARTESIAN_POINT('Ctrl Pts',(2.45737579395012,-0.0164512731317501,
2.90650585587705));
#3709=CARTESIAN_POINT('Ctrl Pts',(1.73862353278992,1.71572730915528,2.98934323437105));
#3710=CARTESIAN_POINT('Ctrl Pts',(0.0159238587900745,2.43054638072728,3.07172730630562));
#3711=CARTESIAN_POINT('Ctrl Pts',(-1.69749021540014,1.7195802870873,3.15366731620578));
#3712=CARTESIAN_POINT('Ctrl Pts',(-2.40466160298979,0.0153113786333137,
3.2351699800009));
#3713=CARTESIAN_POINT('Ctrl Pts',(-1.70119499601014,-1.68002908260867,3.31624566174654));
#3714=CARTESIAN_POINT('Ctrl Pts',(-0.0146171041700427,-2.37985973851274,
3.39690229416014));
#3715=CARTESIAN_POINT('Ctrl Pts',(1.66343718912998,-1.68356587482272,3.47715130546265));
#3716=CARTESIAN_POINT('Ctrl Pts',(2.12053118911001,-0.581978471712716,3.52983213963806));
#3717=CARTESIAN_POINT('Ctrl Pts',(2.12053118911001,-0.0138447446116885,
3.55700180278269));
#3718=CARTESIAN_POINT('Ctrl Pts',(-2.35554037708027,0.00806482275578446,
1.15));
#3719=CARTESIAN_POINT('Ctrl Pts',(-2.35554037708027,-0.599782376761695,
1.17899172367509));
#3720=CARTESIAN_POINT('Ctrl Pts',(-1.84710604222516,-1.82346875775167,1.23758961576061));
#3721=CARTESIAN_POINT('Ctrl Pts',(-0.0166841406951335,-2.58298621977971,
1.32512525060275));
#3722=CARTESIAN_POINT('Ctrl Pts',(1.80399849789524,-1.82750997921019,1.41219512803495));
#3723=CARTESIAN_POINT('Ctrl Pts',(2.55543585786,-0.016560962136225,1.49879951784486));
#3724=CARTESIAN_POINT('Ctrl Pts',(1.80800563103503,1.78473094416027,1.58494207897909));
#3725=CARTESIAN_POINT('Ctrl Pts',(0.0163493146851579,2.52816296772082,1.67062384062102));
#3726=CARTESIAN_POINT('Ctrl Pts',(-1.76577330790991,1.78868686649679,1.75584967571691));
#3727=CARTESIAN_POINT('Ctrl Pts',(-2.50131324175499,0.016050328607804,1.84062186105796));
#3728=CARTESIAN_POINT('Ctrl Pts',(-1.76965688675978,-1.74722686188069,1.92494645755859));
#3729=CARTESIAN_POINT('Ctrl Pts',(-0.015665600735133,-2.47503011252618,
2.0088269774551));
#3730=CARTESIAN_POINT('Ctrl Pts',(1.72919068222484,-1.75101735102672,2.09227063725251));
#3731=CARTESIAN_POINT('Ctrl Pts',(2.44945398582502,-0.0151971866552003,
2.1752821658697));
#3732=CARTESIAN_POINT('Ctrl Pts',(1.73286783273511,1.71176111848425,2.25786989685143));
#3733=CARTESIAN_POINT('Ctrl Pts',(0.014647589030119,2.42472148987076,2.34003975053714));
#3734=CARTESIAN_POINT('Ctrl Pts',(-1.6950312796601,1.71530528689281,2.42180113299324));
#3735=CARTESIAN_POINT('Ctrl Pts',(-2.40096474618014,0.0140197434512856,
2.50316112435303));
#3736=CARTESIAN_POINT('Ctrl Pts',(-1.69842353289027,-1.67909053751373,2.58413015295703));
#3737=CARTESIAN_POINT('Ctrl Pts',(-0.013317003534894,-2.37831066449921,
2.6647164209101));
#3738=CARTESIAN_POINT('Ctrl Pts',(1.66402404842984,-1.68231275402675,2.7449313231183));
#3739=CARTESIAN_POINT('Ctrl Pts',(2.35688026410514,-0.0125431237112394,
2.8247841398421));
#3740=CARTESIAN_POINT('Ctrl Pts',(1.66705901502496,1.64991229776675,2.9042871716811));
#3741=CARTESIAN_POINT('Ctrl Pts',(0.011702238430189,2.3367880266153,2.98345072747589));
#3742=CARTESIAN_POINT('Ctrl Pts',(-1.63683067063516,1.65274380155125,3.06228794780935));
#3743=CARTESIAN_POINT('Ctrl Pts',(-2.31814128510507,0.0107988393783387,
3.14081011503204));
#3744=CARTESIAN_POINT('Ctrl Pts',(-1.63944358561508,-1.6248490499332,3.21903113951264));
#3745=CARTESIAN_POINT('Ctrl Pts',(-0.00983775217008542,-2.30103965150619,
3.29696321684091));
#3746=CARTESIAN_POINT('Ctrl Pts',(1.61403144226483,-1.62722941781368,3.3746209528617));
#3747=CARTESIAN_POINT('Ctrl Pts',(2.05521988398004,-0.563974092176664,3.42546864532612));
#3748=CARTESIAN_POINT('Ctrl Pts',(2.05521988398004,-0.00882411133368066,
3.45201739125469));
#3749=CARTESIAN_POINT('',(-2.35554037707999,0.00806482275628184,1.15));
#3750=CARTESIAN_POINT('',(-2.39638146765913,-0.0165429810756024,0.453156019849673));
#3751=CARTESIAN_POINT('Origin',(-2.35249999999496,1.84456894203322E-10,
0.800000000000063));
#3752=CARTESIAN_POINT('',(-2.30861853232398,0.0165429814457241,1.14684398014954));
#3753=CARTESIAN_POINT('Origin',(-2.35249999999496,1.84456894203322E-10,
0.800000000000063));
#3754=CARTESIAN_POINT('Origin',(-2.35249999999496,1.84456894203322E-10,
0.800000000000063));
#3755=CARTESIAN_POINT('Ctrl Pts',(-2.35554037708027,0.00806482275578446,
1.15));
#3756=CARTESIAN_POINT('Ctrl Pts',(-2.35554037708027,-0.599782376761695,
1.17899172367509));
#3757=CARTESIAN_POINT('Ctrl Pts',(-1.84710604222516,-1.82346875775167,1.23758961576061));
#3758=CARTESIAN_POINT('Ctrl Pts',(-0.0166841406951335,-2.58298621977971,
1.32512525060275));
#3759=CARTESIAN_POINT('Ctrl Pts',(1.80399849789524,-1.82750997921019,1.41219512803495));
#3760=CARTESIAN_POINT('Ctrl Pts',(2.55543585786,-0.016560962136225,1.49879951784486));
#3761=CARTESIAN_POINT('Ctrl Pts',(1.80800563103503,1.78473094416027,1.58494207897909));
#3762=CARTESIAN_POINT('Ctrl Pts',(0.0163493146851579,2.52816296772082,1.67062384062102));
#3763=CARTESIAN_POINT('Ctrl Pts',(-1.76577330790991,1.78868686649679,1.75584967571691));
#3764=CARTESIAN_POINT('Ctrl Pts',(-2.50131324175499,0.016050328607804,1.84062186105796));
#3765=CARTESIAN_POINT('Ctrl Pts',(-1.76965688675978,-1.74722686188069,1.92494645755859));
#3766=CARTESIAN_POINT('Ctrl Pts',(-0.015665600735133,-2.47503011252618,
2.0088269774551));
#3767=CARTESIAN_POINT('Ctrl Pts',(1.72919068222484,-1.75101735102672,2.09227063725251));
#3768=CARTESIAN_POINT('Ctrl Pts',(2.44945398582502,-0.0151971866552003,
2.1752821658697));
#3769=CARTESIAN_POINT('Ctrl Pts',(1.73286783273511,1.71176111848425,2.25786989685143));
#3770=CARTESIAN_POINT('Ctrl Pts',(0.014647589030119,2.42472148987076,2.34003975053714));
#3771=CARTESIAN_POINT('Ctrl Pts',(-1.6950312796601,1.71530528689281,2.42180113299324));
#3772=CARTESIAN_POINT('Ctrl Pts',(-2.40096474618014,0.0140197434512856,
2.50316112435303));
#3773=CARTESIAN_POINT('Ctrl Pts',(-1.69842353289027,-1.67909053751373,2.58413015295703));
#3774=CARTESIAN_POINT('Ctrl Pts',(-0.013317003534894,-2.37831066449921,
2.6647164209101));
#3775=CARTESIAN_POINT('Ctrl Pts',(1.66402404842984,-1.68231275402675,2.7449313231183));
#3776=CARTESIAN_POINT('Ctrl Pts',(2.35688026410514,-0.0125431237112394,
2.8247841398421));
#3777=CARTESIAN_POINT('Ctrl Pts',(1.66705901502496,1.64991229776675,2.9042871716811));
#3778=CARTESIAN_POINT('Ctrl Pts',(0.011702238430189,2.3367880266153,2.98345072747589));
#3779=CARTESIAN_POINT('Ctrl Pts',(-1.63683067063516,1.65274380155125,3.06228794780935));
#3780=CARTESIAN_POINT('Ctrl Pts',(-2.31814128510507,0.0107988393783387,
3.14081011503204));
#3781=CARTESIAN_POINT('Ctrl Pts',(-1.63944358561508,-1.6248490499332,3.21903113951264));
#3782=CARTESIAN_POINT('Ctrl Pts',(-0.00983775217008542,-2.30103965150619,
3.29696321684091));
#3783=CARTESIAN_POINT('Ctrl Pts',(1.61403144226483,-1.62722941781368,3.3746209528617));
#3784=CARTESIAN_POINT('Ctrl Pts',(2.05521988398004,-0.563974092176664,3.42546864532612));
#3785=CARTESIAN_POINT('Ctrl Pts',(2.05521988398004,-0.00882411133368066,
3.45201739125469));
#3786=CARTESIAN_POINT('Origin',(-3.65829999998994,3.46373000018431,0.8));
#3787=CARTESIAN_POINT('',(-3.6582999999957,3.46373000018521,1.14999999999583));
#3788=CARTESIAN_POINT('Origin',(-3.65829999999988,3.46373000018232,0.799999999996736));
#3789=CARTESIAN_POINT('Origin',(-3.65829999999534,3.46373000018424,0.799999999997913));
#3790=CARTESIAN_POINT('',(-3.65829999999534,3.46373000018424,1.14999999999583));
#3791=CARTESIAN_POINT('Origin',(5.,-3.99999999981674,3.));
#3792=CARTESIAN_POINT('',(5.,-1.8499999998177,0.099999999999973));
#3793=CARTESIAN_POINT('',(5.,1.85000000018327,0.099999999999973));
#3794=CARTESIAN_POINT('',(5.,-3.99999999981674,0.099999999999973));
#3795=CARTESIAN_POINT('',(5.,1.95000000018325,0.));
#3796=CARTESIAN_POINT('',(5.,1.95000000018325,0.));
#3797=CARTESIAN_POINT('',(5.,4.00000000018331,0.));
#3798=CARTESIAN_POINT('',(5.,-3.99999999981674,0.));
#3799=CARTESIAN_POINT('',(5.,4.00000000018331,3.75));
#3800=CARTESIAN_POINT('',(5.,4.00000000018331,3.));
#3801=CARTESIAN_POINT('',(5.,-3.99999999981674,3.75));
#3802=CARTESIAN_POINT('',(5.,-3.99999999981674,3.75));
#3803=CARTESIAN_POINT('',(5.,-3.99999999981674,0.));
#3804=CARTESIAN_POINT('',(5.,-3.99999999981674,3.));
#3805=CARTESIAN_POINT('',(5.,-1.94999999981775,0.));
#3806=CARTESIAN_POINT('',(5.,-3.99999999981674,0.));
#3807=CARTESIAN_POINT('',(5.,-1.94999999981775,0.));
#3808=CARTESIAN_POINT('Origin',(-4.00000000000006,-3.99999999981674,0.));
#3809=CARTESIAN_POINT('',(-5.,-1.94999999981775,0.));
#3810=CARTESIAN_POINT('',(-5.,-3.99999999981674,0.));
#3811=CARTESIAN_POINT('',(-5.,4.00000000018331,0.));
#3812=CARTESIAN_POINT('',(-2.5,-1.94999999981775,0.));
#3813=CARTESIAN_POINT('',(-4.00000000000006,-1.94999999981775,0.));
#3814=CARTESIAN_POINT('',(-2.5,1.95000000018325,0.));
#3815=CARTESIAN_POINT('',(-2.5,-3.99999999981674,0.));
#3816=CARTESIAN_POINT('',(-5.,1.95000000018325,0.));
#3817=CARTESIAN_POINT('',(-4.00000000000006,1.95000000018325,0.));
#3818=CARTESIAN_POINT('',(-5.,4.00000000018331,0.));
#3819=CARTESIAN_POINT('',(-5.,4.00000000018331,0.));
#3820=CARTESIAN_POINT('',(-4.00000000000006,5.00000000018325,0.));
#3821=CARTESIAN_POINT('Origin',(-4.00000000000006,4.00000000018331,0.));
#3822=CARTESIAN_POINT('',(3.99999999999977,5.00000000018325,0.));
#3823=CARTESIAN_POINT('',(3.99999999999977,5.00000000018325,0.));
#3824=CARTESIAN_POINT('Origin',(3.99999999999977,4.00000000018331,0.));
#3825=CARTESIAN_POINT('',(2.5,1.95000000018325,0.));
#3826=CARTESIAN_POINT('',(2.69999999999982,1.95000000018325,0.));
#3827=CARTESIAN_POINT('',(2.5,-1.94999999981775,0.));
#3828=CARTESIAN_POINT('',(2.5,-1.74999999981772,0.));
#3829=CARTESIAN_POINT('',(5.,-1.94999999981775,0.));
#3830=CARTESIAN_POINT('',(3.99999999999977,-4.99999999981675,0.));
#3831=CARTESIAN_POINT('Origin',(3.99999999999977,-3.99999999981674,0.));
#3832=CARTESIAN_POINT('',(-4.00000000000006,-4.99999999981675,0.));
#3833=CARTESIAN_POINT('',(-4.00000000000006,-4.99999999981675,0.));
#3834=CARTESIAN_POINT('Origin',(-4.00000000000006,-3.99999999981674,0.));
#3835=CARTESIAN_POINT('Origin',(-4.00000000000006,-3.99999999981674,3.));
#3836=CARTESIAN_POINT('',(-4.00000000000006,-4.99999999981675,3.75));
#3837=CARTESIAN_POINT('',(-4.00000000000006,-4.99999999981675,3.));
#3838=CARTESIAN_POINT('',(-5.,-3.99999999981674,3.75));
#3839=CARTESIAN_POINT('Origin',(-4.00000000000006,-3.99999999981674,3.75));
#3840=CARTESIAN_POINT('',(-5.,-3.99999999981674,3.));
#3841=CARTESIAN_POINT('Origin',(-4.00000000000006,-4.99999999981675,3.));
#3842=CARTESIAN_POINT('',(3.99999999999977,-4.99999999981675,3.75));
#3843=CARTESIAN_POINT('',(3.99999999999977,-4.99999999981675,3.));
#3844=CARTESIAN_POINT('',(-4.00000000000006,-4.99999999981675,3.75));
#3845=CARTESIAN_POINT('Origin',(3.99999999999977,-3.99999999981674,3.));
#3846=CARTESIAN_POINT('Origin',(3.99999999999977,-3.99999999981674,3.75));
#3847=CARTESIAN_POINT('Origin',(3.99999999999977,4.00000000018331,3.));
#3848=CARTESIAN_POINT('',(3.99999999999977,5.00000000018325,3.75));
#3849=CARTESIAN_POINT('',(3.99999999999977,5.00000000018325,3.));
#3850=CARTESIAN_POINT('Origin',(3.99999999999977,4.00000000018331,3.75));
#3851=CARTESIAN_POINT('Origin',(3.99999999999977,5.00000000018325,3.));
#3852=CARTESIAN_POINT('',(-4.00000000000006,5.00000000018325,3.75));
#3853=CARTESIAN_POINT('',(-4.00000000000006,5.00000000018325,3.));
#3854=CARTESIAN_POINT('',(3.99999999999977,5.00000000018325,3.75));
#3855=CARTESIAN_POINT('Origin',(-4.00000000000006,4.00000000018331,3.));
#3856=CARTESIAN_POINT('',(-5.,4.00000000018331,3.75));
#3857=CARTESIAN_POINT('',(-5.,4.00000000018331,3.));
#3858=CARTESIAN_POINT('Origin',(-4.00000000000006,4.00000000018331,3.75));
#3859=CARTESIAN_POINT('Origin',(-5.,4.00000000018331,3.));
#3860=CARTESIAN_POINT('',(-5.,-1.74999999981772,0.199999999999971));
#3861=CARTESIAN_POINT('',(-5.,1.75000000018329,0.199999999999971));
#3862=CARTESIAN_POINT('',(-5.,4.00000000018331,0.199999999999971));
#3863=CARTESIAN_POINT('',(-5.,-1.74999999981772,0.2));
#3864=CARTESIAN_POINT('',(-5.,4.00000000018331,3.75));
#3865=CARTESIAN_POINT('',(-5.,1.75000000018329,0.2));
#3866=CARTESIAN_POINT('Origin',(-4.00000000000006,-3.99999999981674,3.75));
#3867=CARTESIAN_POINT('Origin',(2.69999999999982,1.75000000018329,0.0999999999999721));
#3868=CARTESIAN_POINT('',(2.59999999999991,-1.8499999998177,0.099999999999973));
#3869=CARTESIAN_POINT('',(-4.00000000000006,-1.8499999998177,0.0999999999999711));
#3870=CARTESIAN_POINT('',(2.59999999999991,1.85000000018327,0.099999999999973));
#3871=CARTESIAN_POINT('',(2.59999999999991,-3.99999999981674,0.0999999999999721));
#3872=CARTESIAN_POINT('',(-4.00000000000006,1.85000000018327,0.0999999999999711));
#3873=CARTESIAN_POINT('Origin',(-4.00000000000006,-1.94999999981775,0.));
#3874=CARTESIAN_POINT('',(0.333333333329904,-4.11666666648372,-2.16666666666592));
#3875=CARTESIAN_POINT('Origin',(2.5,-3.99999999981674,0.));
#3876=CARTESIAN_POINT('',(0.333333333329904,4.1166666668483,-2.16666666666592));
#3877=CARTESIAN_POINT('Origin',(-4.00000000000006,1.95000000018325,0.));
#3878=CARTESIAN_POINT('Origin',(-2.69999999999982,1.75000000018329,0.199999999999971));
#3879=CARTESIAN_POINT('',(-2.69999999999982,1.75000000018329,0.199999999999971));
#3880=CARTESIAN_POINT('',(-5.19999999999982,1.75000000018329,0.199999999999971));
#3881=CARTESIAN_POINT('',(-2.69999999999982,-1.74999999981772,0.199999999999971));
#3882=CARTESIAN_POINT('',(-2.69999999999982,1.75000000018329,0.199999999999971));
#3883=CARTESIAN_POINT('',(-2.69999999999982,-1.74999999981772,0.199999999999971));
#3884=CARTESIAN_POINT('Origin',(-5.19999999999982,1.75000000018329,0.2));
#3885=CARTESIAN_POINT('',(-2.69999999999982,1.75000000018329,0.2));
#3886=CARTESIAN_POINT('Origin',(-2.69999999999982,1.75000000018329,0.2));
#3887=CARTESIAN_POINT('',(-2.69999999999982,-1.74999999981772,0.2));
#3888=CARTESIAN_POINT('Origin',(-2.69999999999982,-1.74999999981772,0.2));
#3889=CARTESIAN_POINT('Origin',(5.19999999999982,45.6500000001833,1.37424444796352));
#3890=CARTESIAN_POINT('',(5.19999999999982,-1.44999999981771,0.0999999999975622));
#3891=CARTESIAN_POINT('',(5.19999999999982,-1.44999999981771,1.5999999999975));
#3892=CARTESIAN_POINT('',(5.19999999999982,-1.44999999981771,1.37424444796256));
#3893=CARTESIAN_POINT('',(5.19999999999982,1.45000000018328,0.0999999999975622));
#3894=CARTESIAN_POINT('',(5.19999999999982,45.6500000001833,0.0999999999975622));
#3895=CARTESIAN_POINT('',(5.19999999999982,1.45000000018328,1.5999999999975));
#3896=CARTESIAN_POINT('',(5.19999999999982,1.45000000018328,1.37424444796173));
#3897=CARTESIAN_POINT('',(5.19999999999982,0.250000000184301,1.5999999999975));
#3898=CARTESIAN_POINT('',(5.19999999999982,45.6500000001833,1.5999999999975));
#3899=CARTESIAN_POINT('',(5.19999999999982,0.250000000184301,1.19999999999754));
#3900=CARTESIAN_POINT('',(5.19999999999982,0.250000000184301,1.37424444796352));
#3901=CARTESIAN_POINT('',(5.19999999999982,0.0500000001843404,0.99999999999778));
#3902=CARTESIAN_POINT('Origin',(5.19999999999982,0.0500000001843404,1.19999999999754));
#3903=CARTESIAN_POINT('',(5.19999999999982,-0.349999999816717,0.999999999997335));
#3904=CARTESIAN_POINT('',(5.19999999999982,45.6500000001833,1.00000000004841));
#3905=CARTESIAN_POINT('',(5.19999999999982,-0.549999999817672,1.19999999999754));
#3906=CARTESIAN_POINT('Origin',(5.19999999999982,-0.349999999817712,1.19999999999754));
#3907=CARTESIAN_POINT('',(5.19999999999982,-0.549999999816748,1.5999999999975));
#3908=CARTESIAN_POINT('',(5.19999999999982,-0.549999999817672,1.37424444812196));
#3909=CARTESIAN_POINT('',(5.19999999999982,45.6500000001833,1.5999999999975));
#3910=CARTESIAN_POINT('Origin',(5.,45.6500000001833,1.37424444796352));
#3911=CARTESIAN_POINT('',(5.,1.45000000018328,1.5));
#3912=CARTESIAN_POINT('',(5.,1.45000000018328,0.199999999997646));
#3913=CARTESIAN_POINT('',(5.,1.45000000018328,1.37424444796173));
#3914=CARTESIAN_POINT('',(5.,-1.44999999981771,0.2));
#3915=CARTESIAN_POINT('',(5.,45.6500000001833,0.2));
#3916=CARTESIAN_POINT('',(5.,-1.44999999981771,1.5));
#3917=CARTESIAN_POINT('',(5.,-1.44999999981771,-4.09000000000293));
#3918=CARTESIAN_POINT('',(5.,-0.549999999816748,1.5));
#3919=CARTESIAN_POINT('',(5.,45.6500000001833,1.5));
#3920=CARTESIAN_POINT('',(5.,-0.549999999817672,1.19999999999754));
#3921=CARTESIAN_POINT('',(5.,-0.549999999816748,1.71798157636382));
#3922=CARTESIAN_POINT('',(5.,-0.349999999816717,0.999999999997335));
#3923=CARTESIAN_POINT('Origin',(5.,-0.349999999817712,1.19999999999754));
#3924=CARTESIAN_POINT('',(5.,0.0500000001843404,0.99999999999778));
#3925=CARTESIAN_POINT('',(5.,-0.349999999817712,0.999999999997335));
#3926=CARTESIAN_POINT('',(5.,0.250000000184301,1.19999999999754));
#3927=CARTESIAN_POINT('Origin',(5.,0.0500000001843404,1.19999999999754));
#3928=CARTESIAN_POINT('',(5.,0.250000000184301,1.5));
#3929=CARTESIAN_POINT('',(5.,0.250000000184301,1.19999999999754));
#3930=CARTESIAN_POINT('',(5.,45.6500000001833,1.5));
#3931=CARTESIAN_POINT('Origin',(5.24999999999977,-1.44999999981771,-4.09000000000293));
#3932=CARTESIAN_POINT('',(2.99999999999983,-1.44999999981771,-2.43791098419877E-12));
#3933=CARTESIAN_POINT('',(5.09999999999991,-1.44999999981771,-2.43791098419877E-12));
#3934=CARTESIAN_POINT('',(6.17424444796001,-1.44999999981771,-2.43791098419877E-12));
#3935=CARTESIAN_POINT('Origin',(5.09999999999991,-1.44999999981771,0.0999999999975622));
#3936=CARTESIAN_POINT('',(5.09999999999991,-1.44999999981771,1.6999999999975));
#3937=CARTESIAN_POINT('Origin',(5.09999999999991,-1.44999999981771,1.5999999999975));
#3938=CARTESIAN_POINT('',(5.,-1.44999999981771,1.6999999999975));
#3939=CARTESIAN_POINT('',(5.37499999999994,-1.44999999981771,1.6999999999975));
#3940=CARTESIAN_POINT('',(5.,-1.44999999981771,-4.09000000000293));
#3941=CARTESIAN_POINT('',(2.99999999999983,-1.44999999981771,0.199999999997646));
#3942=CARTESIAN_POINT('',(0.70999999999998,-1.44999999981771,0.199999999997646));
#3943=CARTESIAN_POINT('',(2.99999999999983,-1.44999999981771,-4.09000000000293));
#3944=CARTESIAN_POINT('Origin',(5.24999999999977,1.45000000018328,1.37424444796352));
#3945=CARTESIAN_POINT('',(5.09999999999991,1.45000000018328,-2.43791098419877E-12));
#3946=CARTESIAN_POINT('Origin',(5.09999999999991,1.45000000018328,0.0999999999975622));
#3947=CARTESIAN_POINT('',(2.99999999999983,1.45000000018328,-2.43791098419877E-12));
#3948=CARTESIAN_POINT('',(6.17424444796001,1.45000000018328,-2.43791098419877E-12));
#3949=CARTESIAN_POINT('',(2.99999999999983,1.45000000018328,0.199999999997646));
#3950=CARTESIAN_POINT('',(2.99999999999983,1.45000000018328,1.37424444796352));
#3951=CARTESIAN_POINT('',(6.17424444796001,1.45000000018328,0.199999999997646));
#3952=CARTESIAN_POINT('',(5.,1.45000000018328,1.6999999999975));
#3953=CARTESIAN_POINT('',(5.,1.45000000018328,1.37424444796173));
#3954=CARTESIAN_POINT('',(5.09999999999991,1.45000000018328,1.6999999999975));
#3955=CARTESIAN_POINT('',(5.37499999999994,1.45000000018328,1.6999999999975));
#3956=CARTESIAN_POINT('Origin',(5.09999999999991,1.45000000018328,1.5999999999975));
#3957=CARTESIAN_POINT('Origin',(5.37499999999994,1.8324897155253E-10,1.6999999999975));
#3958=CARTESIAN_POINT('',(4.74104418878994,0.250000000184301,1.6999999999975));
#3959=CARTESIAN_POINT('',(5.09999999999991,0.250000000184301,1.6999999999975));
#3960=CARTESIAN_POINT('',(5.24999999999977,0.250000000184301,1.6999999999975));
#3961=CARTESIAN_POINT('',(5.09999999999991,1.8324897155253E-10,1.6999999999975));
#3962=CARTESIAN_POINT('',(5.,1.4944829878273,1.6999999999975));
#3963=CARTESIAN_POINT('',(5.,1.8324897155253E-10,1.6999999999975));
#3964=CARTESIAN_POINT('',(4.93625986872985,1.58603605715129,1.6999999999975));
#3965=CARTESIAN_POINT('Origin',(5.12575555203,1.65000000018331,1.6999999999975));
#3966=CARTESIAN_POINT('',(4.38524509545005,3.21843887701228,1.6999999999975));
#3967=CARTESIAN_POINT('',(5.46174050743986,0.0292791097612621,1.6999999999975));
#3968=CARTESIAN_POINT('',(3.43776667892001,3.8986191618563,1.6999999999975));
#3969=CARTESIAN_POINT('Origin',(3.43776667892001,2.89861916185629,1.6999999999975));
#3970=CARTESIAN_POINT('',(3.24361978620004,3.8986191618563,1.6999999999975));
#3971=CARTESIAN_POINT('',(5.37499999999994,3.8986191618563,1.6999999999975));
#3972=CARTESIAN_POINT('',(2.94361978620003,3.59861916185629,1.6999999999975));
#3973=CARTESIAN_POINT('Origin',(3.24361978620004,3.59861916185629,1.6999999999975));
#3974=CARTESIAN_POINT('',(2.94361978620003,3.34387242120833,1.6999999999975));
#3975=CARTESIAN_POINT('',(2.94361978620003,1.8324897155253E-10,1.6999999999975));
#3976=CARTESIAN_POINT('',(3.0849093917999,2.99555237735227,1.6999999999975));
#3977=CARTESIAN_POINT('Origin',(3.44361978619986,3.34387242120833,1.6999999999975));
#3978=CARTESIAN_POINT('',(4.24718541912,0.671875000183277,1.6999999999975));
#3979=CARTESIAN_POINT('Origin',(0.,1.8324897155253E-10,1.6999999999975));
#3980=CARTESIAN_POINT('Origin',(4.74104418877999,0.750000000184272,1.6999999999975));
#3981=CARTESIAN_POINT('Origin',(5.37499999999994,1.8324897155253E-10,1.6999999999975));
#3982=CARTESIAN_POINT('',(5.09999999999991,-0.549999999816748,1.6999999999975));
#3983=CARTESIAN_POINT('',(5.09999999999991,1.8324897155253E-10,1.6999999999975));
#3984=CARTESIAN_POINT('',(4.78201842362978,-0.549999999816748,1.6999999999975));
#3985=CARTESIAN_POINT('',(5.24999999999977,-0.549999999816748,1.6999999999975));
#3986=CARTESIAN_POINT('',(4.50576787864009,-0.733014375092722,1.6999999999975));
#3987=CARTESIAN_POINT('Origin',(4.78201842362978,-0.849999999816689,1.6999999999975));
#3988=CARTESIAN_POINT('',(3.91290072386994,-2.13301437509472,1.6999999999975));
#3989=CARTESIAN_POINT('',(4.90115756129995,0.200661156212263,1.6999999999975));
#3990=CARTESIAN_POINT('',(4.18915126885992,-2.5499999998177,1.6999999999975));
#3991=CARTESIAN_POINT('Origin',(4.18915126885992,-2.24999999981769,1.6999999999975));
#3992=CARTESIAN_POINT('',(4.28873530075009,-2.5499999998177,1.6999999999975));
#3993=CARTESIAN_POINT('',(5.37500000001984,-2.54999999980768,1.6999999999975));
#3994=CARTESIAN_POINT('',(4.48373450935009,-2.30555555537471,1.6999999999975));
#3995=CARTESIAN_POINT('Origin',(4.28873530074014,-2.34999999981774,1.6999999999975));
#3996=CARTESIAN_POINT('',(5.,-1.4700242584977,1.6999999999975));
#3997=CARTESIAN_POINT('Origin',(5.16623173949995,-2.1499999998327,1.6999999999975));
#3998=CARTESIAN_POINT('',(5.,1.8324897155253E-10,1.6999999999975));
#3999=CARTESIAN_POINT('Origin',(5.24999999999977,0.0500000001843404,1.19999999999754));
#4000=CARTESIAN_POINT('',(5.24999999999977,0.0500000001843404,0.99999999999778));
#4001=CARTESIAN_POINT('',(5.24999999999977,0.250000000184301,1.19999999999754));
#4002=CARTESIAN_POINT('Origin',(5.24999999999977,-0.349999999817712,0.999999999997335));
#4003=CARTESIAN_POINT('',(5.24999999999977,-0.349999999816717,0.999999999997335));
#4004=CARTESIAN_POINT('Origin',(5.24999999999977,-0.349999999817712,1.19999999999754));
#4005=CARTESIAN_POINT('',(5.24999999999977,-0.549999999817672,1.19999999999754));
#4006=CARTESIAN_POINT('Origin',(5.24999999999977,-0.549999999816748,1.71798157636382));
#4007=CARTESIAN_POINT('Origin',(5.09999999999991,-0.549999999816748,1.5999999999975));
#4008=CARTESIAN_POINT('',(4.78201842362978,-0.549999999816748,1.5));
#4009=CARTESIAN_POINT('',(4.78201842362978,-0.549999999816748,1.5));
#4010=CARTESIAN_POINT('',(4.78201842362978,-0.549999999816748,1.75));
#4011=CARTESIAN_POINT('Origin',(5.24999999999977,0.250000000184301,1.19999999999754));
#4012=CARTESIAN_POINT('Origin',(5.09999999999991,0.250000000184301,1.5999999999975));
#4013=CARTESIAN_POINT('',(4.74104418878994,0.250000000184301,1.5));
#4014=CARTESIAN_POINT('',(4.74104418878994,0.250000000184301,1.75));
#4015=CARTESIAN_POINT('',(5.30000000000001,0.250000000184301,1.5));
#4016=CARTESIAN_POINT('Origin',(4.78201842362978,-0.849999999816689,1.75));
#4017=CARTESIAN_POINT('',(4.50576787864009,-0.733014375092722,1.5));
#4018=CARTESIAN_POINT('Origin',(4.78201842362978,-0.849999999816689,1.5));
#4019=CARTESIAN_POINT('',(4.50576787864009,-0.733014375092722,1.75));
#4020=CARTESIAN_POINT('Origin',(3.91290072386994,-2.13301437509472,1.75));
#4021=CARTESIAN_POINT('',(3.91290072386994,-2.13301437509472,1.5));
#4022=CARTESIAN_POINT('',(3.91290072386994,-2.13301437509472,1.5));
#4023=CARTESIAN_POINT('',(3.91290072386994,-2.13301437509472,1.75));
#4024=CARTESIAN_POINT('Origin',(4.18915126885992,-2.24999999981769,1.75));
#4025=CARTESIAN_POINT('',(4.18915126885992,-2.5499999998177,1.5));
#4026=CARTESIAN_POINT('Origin',(4.18915126885992,-2.24999999981769,1.5));
#4027=CARTESIAN_POINT('',(4.18915126885992,-2.5499999998177,1.75));
#4028=CARTESIAN_POINT('Origin',(4.28873530075009,-2.54999999981671,1.75));
#4029=CARTESIAN_POINT('',(4.28873530075009,-2.5499999998177,1.5));
#4030=CARTESIAN_POINT('',(4.28873530075009,-2.54999999981671,1.5));
#4031=CARTESIAN_POINT('',(4.28873530075009,-2.5499999998177,1.75));
#4032=CARTESIAN_POINT('Origin',(4.28873530074014,-2.34999999981774,1.75));
#4033=CARTESIAN_POINT('',(4.48373450935009,-2.30555555537471,1.5));
#4034=CARTESIAN_POINT('Origin',(4.28873530074014,-2.34999999981774,1.5));
#4035=CARTESIAN_POINT('',(4.48373450935009,-2.30555555537471,1.75));
#4036=CARTESIAN_POINT('Origin',(5.12575555203,45.6500000001833,1.5));
#4037=CARTESIAN_POINT('',(5.,-1.4700242584977,1.5));
#4038=CARTESIAN_POINT('',(5.,45.6500000001833,1.5));
#4039=CARTESIAN_POINT('Origin',(5.16623173949995,-2.1499999998327,1.5));
#4040=CARTESIAN_POINT('Origin',(5.16623173949995,-2.1499999998327,1.75));
#4041=CARTESIAN_POINT('',(5.,-1.4700242584977,1.75));
#4042=CARTESIAN_POINT('Origin',(5.,1.8324897155253E-10,1.875));
#4043=CARTESIAN_POINT('Origin',(5.12575555203,1.65000000018331,1.75));
#4044=CARTESIAN_POINT('',(5.,1.4944829878273,1.5));
#4045=CARTESIAN_POINT('',(5.,1.4944829878273,1.75));
#4046=CARTESIAN_POINT('',(4.93625986872985,1.58603605715129,1.5));
#4047=CARTESIAN_POINT('Origin',(5.12575555203,1.65000000018331,1.5));
#4048=CARTESIAN_POINT('',(4.93625986872985,1.58603605715129,1.75));
#4049=CARTESIAN_POINT('Origin',(5.12575555203,45.6500000001833,1.5));
#4050=CARTESIAN_POINT('',(5.,45.6500000001833,1.5));
#4051=CARTESIAN_POINT('',(4.24718541912,0.671875000183277,1.5));
#4052=CARTESIAN_POINT('Origin',(4.74104418877999,0.750000000184272,1.5));
#4053=CARTESIAN_POINT('',(3.0849093917999,2.99555237735227,1.5));
#4054=CARTESIAN_POINT('Origin',(0.,1.8324897155253E-10,1.5));
#4055=CARTESIAN_POINT('',(2.94361978620003,3.34387242120833,1.5));
#4056=CARTESIAN_POINT('Origin',(3.44361978619986,3.34387242120833,1.5));
#4057=CARTESIAN_POINT('',(2.94361978620003,3.59861916185629,1.5));
#4058=CARTESIAN_POINT('',(2.94361978620003,3.34387242120833,1.5));
#4059=CARTESIAN_POINT('',(3.24361978620004,3.8986191618563,1.5));
#4060=CARTESIAN_POINT('Origin',(3.24361978620004,3.59861916185629,1.5));
#4061=CARTESIAN_POINT('',(3.43776667892001,3.8986191618563,1.5));
#4062=CARTESIAN_POINT('',(3.24361978620004,3.8986191618563,1.5));
#4063=CARTESIAN_POINT('',(4.38524509545005,3.21843887701228,1.5));
#4064=CARTESIAN_POINT('Origin',(3.43776667892001,2.89861916185629,1.5));
#4065=CARTESIAN_POINT('',(4.38524509545005,3.21843887701327,1.5));
#4066=CARTESIAN_POINT('Origin',(4.38524509545005,3.21843887701327,1.75));
#4067=CARTESIAN_POINT('',(4.38524509545005,3.21843887701228,1.75));
#4068=CARTESIAN_POINT('Origin',(3.43776667892001,2.89861916185629,1.75));
#4069=CARTESIAN_POINT('',(3.43776667892001,3.8986191618563,1.75));
#4070=CARTESIAN_POINT('Origin',(3.24361978620004,3.8986191618563,1.75));
#4071=CARTESIAN_POINT('',(3.24361978620004,3.8986191618563,1.75));
#4072=CARTESIAN_POINT('Origin',(3.24361978620004,3.59861916185629,1.75));
#4073=CARTESIAN_POINT('',(2.94361978620003,3.59861916185629,1.75));
#4074=CARTESIAN_POINT('Origin',(2.94361978620003,3.34387242120833,1.75));
#4075=CARTESIAN_POINT('',(2.94361978620003,3.34387242120833,1.75));
#4076=CARTESIAN_POINT('Origin',(3.44361978619986,3.34387242120833,1.75));
#4077=CARTESIAN_POINT('',(3.0849093917999,2.99555237735227,1.75));
#4078=CARTESIAN_POINT('Origin',(0.,1.8324897155253E-10,1.75));
#4079=CARTESIAN_POINT('',(4.24718541912,0.671875000183277,1.75));
#4080=CARTESIAN_POINT('Origin',(4.74104418877999,0.750000000184272,1.75));
#4081=CARTESIAN_POINT('Origin',(5.,1.8324897155253E-10,1.875));
#4082=CARTESIAN_POINT('Origin',(5.09999999999991,45.6500000001833,1.5999999999975));
#4083=CARTESIAN_POINT('Origin',(5.09999999999991,45.6500000001833,1.5999999999975));
#4084=CARTESIAN_POINT('Origin',(6.17424444796001,45.6500000001833,0.199999999997646));
#4085=CARTESIAN_POINT('',(2.99999999999983,45.6500000001833,0.199999999997646));
#4086=CARTESIAN_POINT('Origin',(2.99999999999983,1.8324897155253E-10,-0.3000000000023));
#4087=CARTESIAN_POINT('',(2.99999999999983,45.6500000001833,-2.43791098419877E-12));
#4088=CARTESIAN_POINT('Origin',(6.17424444796001,45.6500000001833,-2.43791098419877E-12));
#4089=CARTESIAN_POINT('',(5.09999999999991,45.6500000001833,-2.43791098419877E-12));
#4090=CARTESIAN_POINT('Origin',(5.09999999999991,45.6500000001833,0.0999999999975622));
#4091=UNCERTAINTY_MEASURE_WITH_UNIT(LENGTH_MEASURE(0.01),#4095,
'DISTANCE_ACCURACY_VALUE',
'Maximum model space distance between geometric entities at asserted c
onnectivities');
#4092=UNCERTAINTY_MEASURE_WITH_UNIT(LENGTH_MEASURE(0.01),#4095,
'DISTANCE_ACCURACY_VALUE',
'Maximum model space distance between geometric entities at asserted c
onnectivities');
#4093=(
GEOMETRIC_REPRESENTATION_CONTEXT(3)
GLOBAL_UNCERTAINTY_ASSIGNED_CONTEXT((#4091))
GLOBAL_UNIT_ASSIGNED_CONTEXT((#4095,#4097,#4098))
REPRESENTATION_CONTEXT('','3D')
);
#4094=(
GEOMETRIC_REPRESENTATION_CONTEXT(3)
GLOBAL_UNCERTAINTY_ASSIGNED_CONTEXT((#4092))
GLOBAL_UNIT_ASSIGNED_CONTEXT((#4095,#4097,#4098))
REPRESENTATION_CONTEXT('','3D')
);
#4095=(
LENGTH_UNIT()
NAMED_UNIT(*)
SI_UNIT(.MILLI.,.METRE.)
);
#4096=(
LENGTH_UNIT()
NAMED_UNIT(*)
SI_UNIT(.CENTI.,.METRE.)
);
#4097=(
NAMED_UNIT(*)
PLANE_ANGLE_UNIT()
SI_UNIT($,.RADIAN.)
);
#4098=(
NAMED_UNIT(*)
SI_UNIT($,.STERADIAN.)
SOLID_ANGLE_UNIT()
);
#4099=SHAPE_DEFINITION_REPRESENTATION(#4100,#4101);
#4100=PRODUCT_DEFINITION_SHAPE('',$,#4103);
#4101=SHAPE_REPRESENTATION('',(#1860),#4093);
#4102=PRODUCT_DEFINITION_CONTEXT('part definition',#4107,'design');
#4103=PRODUCT_DEFINITION('SRP 1038A series','SRP 1038A series',#4104,#4102);
#4104=PRODUCT_DEFINITION_FORMATION(' ',$,#4109);
#4105=PRODUCT_RELATED_PRODUCT_CATEGORY('SRP 1038A series',
'SRP 1038A series',(#4109));
#4106=APPLICATION_PROTOCOL_DEFINITION('international standard',
'automotive_design',2009,#4107);
#4107=APPLICATION_CONTEXT(
'Core Data for Automotive Mechanical Design Process');
#4108=PRODUCT_CONTEXT('part definition',#4107,'mechanical');
#4109=PRODUCT('SRP 1038A series','SRP 1038A series',$,(#4108));
#4110=PRESENTATION_STYLE_ASSIGNMENT((#4111));
#4111=SURFACE_STYLE_USAGE(.BOTH.,#4114);
#4112=SURFACE_STYLE_RENDERING_WITH_PROPERTIES($,#4118,(#4113));
#4113=SURFACE_STYLE_TRANSPARENT(0.);
#4114=SURFACE_SIDE_STYLE('',(#4115,#4112));
#4115=SURFACE_STYLE_FILL_AREA(#4116);
#4116=FILL_AREA_STYLE('',(#4117));
#4117=FILL_AREA_STYLE_COLOUR('',#4118);
#4118=COLOUR_RGB('',0.749019607843137,0.749019607843137,0.749019607843137);
ENDSEC;
END-ISO-10303-21;
