2026-06-04 13:13:32,711 [INFO] Activator:176 - 


2026-06-04 13:13:32,720 [INFO] Activator:177 - !SESSION log4j initialized
2026-06-04 13:13:38,997 [INFO] LogOutputStream:77 - [STDOUT_REDIRECT] 
2026-06-04 13:13:39,918 [INFO] ApplicationProperties:184 - Using Application install path: C:\ST\STM32CubeIDE_1.19.0\STM32CubeIDE\plugins\com.st.stm32cube.common.mx_6.15.0.202507011659
2026-06-04 13:13:39,943 [INFO] DbMcusXml:78 - Set database path to: C:\ST\STM32CubeIDE_1.19.0\STM32CubeIDE\plugins\com.st.stm32cube.common.mx_6.15.0.202507011659\\db\/mcu/
2026-06-04 13:13:39,943 [INFO] ApiDb:274 - Set plugin database path to: C:\ST\STM32CubeIDE_1.19.0\STM32CubeIDE\plugins\com.st.stm32cube.common.mx_6.15.0.202507011659\\db\/plugins/boardmanager/
2026-06-04 13:13:39,944 [WARN] ApiDb:259 - Overriding images path with different value:  => C:\ST\STM32CubeIDE_1.19.0\STM32CubeIDE\plugins\com.st.stm32cube.common.mx_6.15.0.202507011659\\db\/plugins/mcufinder/images/
2026-06-04 13:13:39,957 [INFO] ApiDb:250 - Set database path to: C:\Users\karlh\.stmcufinder\plugins\mcufinder//mcu/
2026-06-04 13:13:39,959 [INFO] DbMcusAds:125 - Set database path to: C:\Users\karlh\.stmcufinder\plugins\mcufinder//mcu/
2026-06-04 13:13:39,962 [INFO] CrossReferenceDbSqlite:203 - Set database path to: C:\Users\karlh\.stmcufinder\plugins\mcufinder//mcu/cs/
2026-06-04 13:13:40,081 [INFO] RulesReader:64 - Compatibility file has been processed (317 Rules)
2026-06-04 13:13:40,183 [INFO] DbMcusXml:78 - Set database path to: C:\ST\STM32CubeIDE_1.19.0\STM32CubeIDE\plugins\com.st.stm32cube.common.mx_6.15.0.202507011659\\db\/mcu/
2026-06-04 13:13:40,183 [INFO] ApiDb:274 - Set plugin database path to: C:\ST\STM32CubeIDE_1.19.0\STM32CubeIDE\plugins\com.st.stm32cube.common.mx_6.15.0.202507011659\\db\/plugins/boardmanager/
2026-06-04 13:13:40,183 [INFO] ApiDb:261 - Set plugin images path to: C:\ST\STM32CubeIDE_1.19.0\STM32CubeIDE\plugins\com.st.stm32cube.common.mx_6.15.0.202507011659\\db\/plugins/mcufinder/images/
2026-06-04 13:13:40,183 [WARN] DbFile:41 - Overriding database path with different value: C:\Users\karlh\.stmcufinder\plugins\mcufinder/ => C:\Users\karlh\.stmcufinder\plugins\mcufinder
2026-06-04 13:13:40,183 [INFO] ApiDb:250 - Set database path to: C:\Users\karlh\.stmcufinder\plugins\mcufinder//mcu/
2026-06-04 13:13:40,183 [WARN] DbFile:41 - Overriding database path with different value: C:\Users\karlh\.stmcufinder\plugins\mcufinder/ => C:\Users\karlh\.stmcufinder\plugins\mcufinder
2026-06-04 13:13:40,183 [INFO] DbMcusAds:125 - Set database path to: C:\Users\karlh\.stmcufinder\plugins\mcufinder//mcu/
2026-06-04 13:13:40,183 [WARN] DbFile:41 - Overriding database path with different value: C:\Users\karlh\.stmcufinder\plugins\mcufinder/ => C:\Users\karlh\.stmcufinder\plugins\mcufinder
2026-06-04 13:13:40,184 [WARN] DbFile:41 - Overriding database path with different value: C:\Users\karlh\.stmcufinder\plugins\mcufinder/ => C:\Users\karlh\.stmcufinder\plugins\mcufinder
2026-06-04 13:13:40,184 [INFO] CrossReferenceDbSqlite:203 - Set database path to: C:\Users\karlh\.stmcufinder\plugins\mcufinder//mcu/cs/
2026-06-04 13:13:40,265 [INFO] MainPanel:274 - HeapMemory: 268435456
2026-06-04 13:13:40,430 [INFO] DbMcusXml:78 - Set database path to: C:\ST\STM32CubeIDE_1.19.0\STM32CubeIDE\plugins\com.st.stm32cube.common.mx_6.15.0.202507011659\\db\/mcu/
2026-06-04 13:13:40,430 [INFO] ApiDb:274 - Set plugin database path to: C:\ST\STM32CubeIDE_1.19.0\STM32CubeIDE\plugins\com.st.stm32cube.common.mx_6.15.0.202507011659\\db\/plugins/boardmanager/
2026-06-04 13:13:40,430 [INFO] ApiDb:261 - Set plugin images path to: C:\ST\STM32CubeIDE_1.19.0\STM32CubeIDE\plugins\com.st.stm32cube.common.mx_6.15.0.202507011659\\db\/plugins/mcufinder/images/
2026-06-04 13:13:40,431 [WARN] DbFile:41 - Overriding database path with different value: C:\Users\karlh\.stmcufinder\plugins\mcufinder/ => C:\Users\karlh\.stmcufinder\plugins\mcufinder
2026-06-04 13:13:40,431 [INFO] ApiDb:250 - Set database path to: C:\Users\karlh\.stmcufinder\plugins\mcufinder//mcu/
2026-06-04 13:13:40,431 [WARN] DbFile:41 - Overriding database path with different value: C:\Users\karlh\.stmcufinder\plugins\mcufinder/ => C:\Users\karlh\.stmcufinder\plugins\mcufinder
2026-06-04 13:13:40,431 [INFO] DbMcusAds:125 - Set database path to: C:\Users\karlh\.stmcufinder\plugins\mcufinder//mcu/
2026-06-04 13:13:40,431 [WARN] DbFile:41 - Overriding database path with different value: C:\Users\karlh\.stmcufinder\plugins\mcufinder/ => C:\Users\karlh\.stmcufinder\plugins\mcufinder
2026-06-04 13:13:40,431 [WARN] DbFile:41 - Overriding database path with different value: C:\Users\karlh\.stmcufinder\plugins\mcufinder/ => C:\Users\karlh\.stmcufinder\plugins\mcufinder
2026-06-04 13:13:40,431 [INFO] CrossReferenceDbSqlite:203 - Set database path to: C:\Users\karlh\.stmcufinder\plugins\mcufinder//mcu/cs/
2026-06-04 13:13:40,452 [INFO] ApplicationProperties:184 - Using Application install path: C:\ST\STM32CubeIDE_1.19.0\STM32CubeIDE\plugins\com.st.stm32cube.common.mx_6.15.0.202507011659
2026-06-04 13:13:40,453 [INFO] PluginManage:196 - Search for loadable plugins [exclusion list=, ]
2026-06-04 13:13:40,455 [INFO] PluginManage:310 - Check plugin analytics
2026-06-04 13:13:40,686 [INFO] AnalyticsPlugin:253 - Accepted Software Licenses: 
2026-06-04 13:13:40,687 [INFO] AnalyticsPlugin:255 - Accepted CMSIS Pack Licenses: 
2026-06-04 13:13:40,687 [INFO] AnalyticsPlugin:257 - Accepted Firmware Licenses: FW.F4.1.28.0,FW.F4.1.27.0,FW.G0.1.6.0
2026-06-04 13:13:40,691 [INFO] PluginManage:359 - Loaded plugin analytics (category:tool,tabindex:-1)
2026-06-04 13:13:40,691 [INFO] PluginManage:310 - Check plugin cadmodel
2026-06-04 13:13:40,697 [INFO] CADModel:105 - Init CAD model plugin
2026-06-04 13:13:40,698 [INFO] PluginManage:359 - Loaded plugin cadmodel (category:power,tabindex:5)
2026-06-04 13:13:40,698 [INFO] PluginManage:310 - Check plugin clock
2026-06-04 13:13:40,711 [INFO] PluginManage:359 - Loaded plugin clock (category:base,tabindex:2)
2026-06-04 13:13:40,711 [INFO] PluginManage:310 - Check plugin ddr
2026-06-04 13:13:40,715 [INFO] PluginManage:359 - Loaded plugin ddr (category:tool,tabindex:6)
2026-06-04 13:13:40,716 [INFO] PluginManage:310 - Check plugin filemanager
2026-06-04 13:13:40,896 [INFO] PluginManage:359 - Loaded plugin filemanager (category:base,tabindex:10)
2026-06-04 13:13:40,896 [INFO] PluginManage:310 - Check plugin ipmanager
2026-06-04 13:13:40,905 [INFO] PluginManage:359 - Loaded plugin ipmanager (category:base,tabindex:5)
2026-06-04 13:13:40,905 [INFO] PluginManage:310 - Check plugin lpbam
2026-06-04 13:13:40,915 [INFO] PluginManage:359 - Loaded plugin lpbam (category:base,tabindex:0)
2026-06-04 13:13:40,915 [INFO] PluginManage:310 - Check plugin memorymap
2026-06-04 13:13:40,935 [INFO] PluginManage:359 - Loaded plugin memorymap (category:base,tabindex:4)
2026-06-04 13:13:40,935 [INFO] PluginManage:310 - Check plugin pinoutandconfiguration
2026-06-04 13:13:40,950 [INFO] PluginManage:359 - Loaded plugin pinoutandconfiguration (category:base,tabindex:1)
2026-06-04 13:13:40,950 [INFO] PluginManage:310 - Check plugin pinoutconfig
2026-06-04 13:13:41,056 [WARN] SupportedApi:132 - Cannot load RTOS API schema: s4s-elt-must-match.1: The content of 'definitions' must match (annotation?, (simpleType | complexType)?, (unique | key | keyref)*)). A problem was found starting at: attribute.
2026-06-04 13:13:41,230 [INFO] PluginManage:359 - Loaded plugin pinoutconfig (category:base,tabindex:0)
2026-06-04 13:13:41,230 [INFO] PluginManage:310 - Check plugin power
2026-06-04 13:13:41,241 [INFO] PluginManage:359 - Loaded plugin power (category:power,tabindex:4)
2026-06-04 13:13:41,241 [INFO] PluginManage:310 - Check plugin projectmanager
2026-06-04 13:13:41,257 [INFO] PluginManage:359 - Loaded plugin projectmanager (category:projectmanager,tabindex:4)
2026-06-04 13:13:41,257 [INFO] PluginManage:310 - Check plugin rif
2026-06-04 13:13:41,266 [INFO] PluginManage:359 - Loaded plugin rif (category:base,tabindex:3)
2026-06-04 13:13:41,267 [INFO] PluginManage:310 - Check plugin thirdparty
2026-06-04 13:13:41,419 [WARN] IntegrityCheckThread:84 - waiting for thirdparty lock release [integrity check]
2026-06-04 13:13:41,419 [INFO] IntegrityCheckThread:86 - entering critical section [integrity check]
2026-06-04 13:13:41,419 [INFO] PluginManage:359 - Loaded plugin thirdparty (category:base,tabindex:-1)
2026-06-04 13:13:41,419 [INFO] ThirdPartyUpdaterWithRetryManager:70 - Updater plugin not ready yet. [1/15]
2026-06-04 13:13:41,420 [INFO] PluginManage:310 - Check plugin tools
2026-06-04 13:13:41,423 [INFO] PluginManage:359 - Loaded plugin tools (category:base,tabindex:7)
2026-06-04 13:13:41,423 [INFO] PluginManage:310 - Check plugin tutovideos
2026-06-04 13:13:41,661 [INFO] PluginManage:359 - Loaded plugin tutovideos (category:base,tabindex:-1)
2026-06-04 13:13:41,661 [INFO] PluginManage:310 - Check plugin updater
2026-06-04 13:13:41,685 [INFO] PluginManage:359 - Loaded plugin updater (category:base,tabindex:12)
2026-06-04 13:13:41,685 [INFO] PluginManage:310 - Check plugin userauth
2026-06-04 13:13:41,690 [INFO] UserAuth:118 - Init User Auth plugin
2026-06-04 13:13:41,691 [INFO] PluginManage:359 - Loaded plugin userauth (category:base,tabindex:14)
2026-06-04 13:13:41,691 [INFO] PluginManage:283 - PluginManage : Loaded plugins [18]
2026-06-04 13:13:41,929 [INFO] PinOutPanel:1589 - setPackage(No Configuration,No Configuration)
2026-06-04 13:13:42,023 [INFO] CADModel:165 - CPN selected for project level
2026-06-04 13:13:42,023 [INFO] CADModel:114 - Register for checkConnection events
2026-06-04 13:13:42,044 [INFO] IPUIPlugin:80 - create IPUIPlugin
2026-06-04 13:13:42,044 [INFO] PluginManager:220 - loadIPPluginJar : add adc
2026-06-04 13:13:42,048 [INFO] IPUIPlugin:80 - create IPUIPlugin
2026-06-04 13:13:42,048 [INFO] PluginManager:220 - loadIPPluginJar : add aes
2026-06-04 13:13:42,051 [INFO] IPUIPlugin:80 - create IPUIPlugin
2026-06-04 13:13:42,052 [INFO] PluginManager:220 - loadIPPluginJar : add can
2026-06-04 13:13:42,053 [INFO] IPUIPlugin:80 - create IPUIPlugin
2026-06-04 13:13:42,054 [INFO] PluginManager:220 - loadIPPluginJar : add comp
2026-06-04 13:13:42,056 [INFO] IPUIPlugin:80 - create IPUIPlugin
2026-06-04 13:13:42,056 [INFO] PluginManager:220 - loadIPPluginJar : add cryp
2026-06-04 13:13:42,059 [INFO] IPUIPlugin:80 - create IPUIPlugin
2026-06-04 13:13:42,059 [INFO] PluginManager:220 - loadIPPluginJar : add ddr_ctrl_phy
2026-06-04 13:13:42,062 [INFO] IPUIPlugin:80 - create IPUIPlugin
2026-06-04 13:13:42,062 [INFO] PluginManager:220 - loadIPPluginJar : add dfsdm
2026-06-04 13:13:42,068 [INFO] IPUIPlugin:80 - create IPUIPlugin
2026-06-04 13:13:42,068 [INFO] PluginManager:220 - loadIPPluginJar : add dma
2026-06-04 13:13:42,071 [INFO] IPUIPlugin:80 - create IPUIPlugin
2026-06-04 13:13:42,071 [INFO] PluginManager:220 - loadIPPluginJar : add dma3
2026-06-04 13:13:42,074 [INFO] IPUIPlugin:80 - create IPUIPlugin
2026-06-04 13:13:42,074 [INFO] PluginManager:220 - loadIPPluginJar : add extmemmanager
2026-06-04 13:13:42,076 [INFO] IPUIPlugin:80 - create IPUIPlugin
2026-06-04 13:13:42,076 [INFO] PluginManager:220 - loadIPPluginJar : add fatfs
2026-06-04 13:13:42,081 [INFO] IPUIPlugin:80 - create IPUIPlugin
2026-06-04 13:13:42,081 [INFO] PluginManager:220 - loadIPPluginJar : add fmc
2026-06-04 13:13:42,087 [INFO] IPUIPlugin:80 - create IPUIPlugin
2026-06-04 13:13:42,087 [INFO] PluginManager:220 - loadIPPluginJar : add freertos
2026-06-04 13:13:42,089 [INFO] IPUIPlugin:80 - create IPUIPlugin
2026-06-04 13:13:42,089 [INFO] PluginManager:220 - loadIPPluginJar : add genericplugin
2026-06-04 13:13:42,091 [INFO] IPUIPlugin:80 - create IPUIPlugin
2026-06-04 13:13:42,091 [INFO] PluginManager:220 - loadIPPluginJar : add gfxmmu
2026-06-04 13:13:42,095 [INFO] IPUIPlugin:80 - create IPUIPlugin
2026-06-04 13:13:42,095 [INFO] PluginManager:220 - loadIPPluginJar : add gic
2026-06-04 13:13:42,098 [INFO] IPUIPlugin:80 - create IPUIPlugin
2026-06-04 13:13:42,098 [INFO] PluginManager:220 - loadIPPluginJar : add gpio
2026-06-04 13:13:42,101 [INFO] IPUIPlugin:80 - create IPUIPlugin
2026-06-04 13:13:42,101 [INFO] PluginManager:220 - loadIPPluginJar : add gtzc
2026-06-04 13:13:42,105 [INFO] IPUIPlugin:80 - create IPUIPlugin
2026-06-04 13:13:42,105 [INFO] PluginManager:220 - loadIPPluginJar : add hash
2026-06-04 13:13:42,107 [INFO] IPUIPlugin:80 - create IPUIPlugin
2026-06-04 13:13:42,107 [INFO] PluginManager:220 - loadIPPluginJar : add i2c
2026-06-04 13:13:42,109 [INFO] IPUIPlugin:80 - create IPUIPlugin
2026-06-04 13:13:42,110 [INFO] PluginManager:220 - loadIPPluginJar : add i2s
2026-06-04 13:13:42,112 [INFO] IPUIPlugin:80 - create IPUIPlugin
2026-06-04 13:13:42,113 [INFO] PluginManager:220 - loadIPPluginJar : add i3c
2026-06-04 13:13:42,117 [INFO] IPUIPlugin:80 - create IPUIPlugin
2026-06-04 13:13:42,117 [INFO] PluginManager:220 - loadIPPluginJar : add ipddr
2026-06-04 13:13:42,124 [INFO] IPUIPlugin:80 - create IPUIPlugin
2026-06-04 13:13:42,124 [INFO] PluginManager:220 - loadIPPluginJar : add linkedlist
2026-06-04 13:13:42,129 [INFO] IPUIPlugin:80 - create IPUIPlugin
2026-06-04 13:13:42,129 [INFO] PluginManager:220 - loadIPPluginJar : add lorawan
2026-06-04 13:13:42,130 [INFO] IPUIPlugin:80 - create IPUIPlugin
2026-06-04 13:13:42,130 [INFO] PluginManager:220 - loadIPPluginJar : add ltdc
2026-06-04 13:13:42,138 [INFO] IPUIPlugin:80 - create IPUIPlugin
2026-06-04 13:13:42,138 [INFO] PluginManager:220 - loadIPPluginJar : add mdma
2026-06-04 13:13:42,143 [INFO] IPUIPlugin:80 - create IPUIPlugin
2026-06-04 13:13:42,143 [INFO] PluginManager:220 - loadIPPluginJar : add nvic
2026-06-04 13:13:42,147 [INFO] IPUIPlugin:80 - create IPUIPlugin
2026-06-04 13:13:42,147 [INFO] PluginManager:220 - loadIPPluginJar : add opamp
2026-06-04 13:13:42,153 [INFO] IPUIPlugin:80 - create IPUIPlugin
2026-06-04 13:13:42,153 [INFO] PluginManager:220 - loadIPPluginJar : add openamp
2026-06-04 13:13:42,157 [INFO] IPUIPlugin:80 - create IPUIPlugin
2026-06-04 13:13:42,157 [INFO] PluginManager:220 - loadIPPluginJar : add pdm2pcm
2026-06-04 13:13:42,162 [INFO] IPUIPlugin:80 - create IPUIPlugin
2026-06-04 13:13:42,163 [INFO] PluginManager:220 - loadIPPluginJar : add plateformsettings
2026-06-04 13:13:42,166 [INFO] IPUIPlugin:80 - create IPUIPlugin
2026-06-04 13:13:42,166 [INFO] PluginManager:220 - loadIPPluginJar : add quadspi
2026-06-04 13:13:42,168 [INFO] IPUIPlugin:80 - create IPUIPlugin
2026-06-04 13:13:42,168 [INFO] PluginManager:220 - loadIPPluginJar : add radio
2026-06-04 13:13:42,172 [INFO] IPUIPlugin:80 - create IPUIPlugin
2026-06-04 13:13:42,172 [INFO] PluginManager:220 - loadIPPluginJar : add resmgrutility
2026-06-04 13:13:42,177 [INFO] IPUIPlugin:80 - create IPUIPlugin
2026-06-04 13:13:42,177 [INFO] PluginManager:220 - loadIPPluginJar : add sai
2026-06-04 13:13:42,179 [INFO] IPUIPlugin:80 - create IPUIPlugin
2026-06-04 13:13:42,179 [INFO] PluginManager:220 - loadIPPluginJar : add spi
2026-06-04 13:13:42,185 [INFO] IPUIPlugin:80 - create IPUIPlugin
2026-06-04 13:13:42,185 [INFO] PluginManager:220 - loadIPPluginJar : add stm32_wpan
2026-06-04 13:13:42,186 [INFO] IPUIPlugin:80 - create IPUIPlugin
2026-06-04 13:13:42,186 [INFO] PluginManager:220 - loadIPPluginJar : add tim
2026-06-04 13:13:42,190 [INFO] IPUIPlugin:80 - create IPUIPlugin
2026-06-04 13:13:42,190 [INFO] PluginManager:220 - loadIPPluginJar : add touchsensing
2026-06-04 13:13:42,192 [INFO] IPUIPlugin:80 - create IPUIPlugin
2026-06-04 13:13:42,192 [INFO] PluginManager:220 - loadIPPluginJar : add tracer_emb
2026-06-04 13:13:42,195 [INFO] IPUIPlugin:80 - create IPUIPlugin
2026-06-04 13:13:42,195 [INFO] PluginManager:220 - loadIPPluginJar : add ts
2026-06-04 13:13:42,197 [INFO] IPUIPlugin:80 - create IPUIPlugin
2026-06-04 13:13:42,197 [INFO] PluginManager:220 - loadIPPluginJar : add tsc
2026-06-04 13:13:42,199 [INFO] IPUIPlugin:80 - create IPUIPlugin
2026-06-04 13:13:42,199 [INFO] PluginManager:220 - loadIPPluginJar : add ucpd
2026-06-04 13:13:42,202 [INFO] IPUIPlugin:80 - create IPUIPlugin
2026-06-04 13:13:42,202 [INFO] PluginManager:220 - loadIPPluginJar : add usart
2026-06-04 13:13:42,205 [INFO] IPUIPlugin:80 - create IPUIPlugin
2026-06-04 13:13:42,205 [INFO] PluginManager:220 - loadIPPluginJar : add usbx
2026-06-04 13:13:42,343 [FATAL] Updater:351 - Updater called before beeing initialized
2026-06-04 13:13:42,382 [INFO] RulesReader:64 - Compatibility file has been processed (317 Rules)
2026-06-04 13:13:42,394 [INFO] RulesReader:64 - Compatibility file has been processed (317 Rules)
2026-06-04 13:13:42,410 [INFO] CADModel:165 - CPN selected for project level
2026-06-04 13:13:42,410 [INFO] CADModel:114 - Register for checkConnection events
2026-06-04 13:13:42,410 [FATAL] Updater:351 - Updater called before beeing initialized
2026-06-04 13:13:42,410 [ERROR] CADModel:125 - Updater not yet initialized, retry later 
2026-06-04 13:13:42,566 [FATAL] Updater:351 - Updater called before beeing initialized
2026-06-04 13:13:42,569 [INFO] CADModel:165 - CPN selected for project level
2026-06-04 13:13:42,569 [INFO] CADModel:114 - Register for checkConnection events
2026-06-04 13:13:42,569 [FATAL] Updater:351 - Updater called before beeing initialized
2026-06-04 13:13:42,569 [ERROR] CADModel:125 - Updater not yet initialized, retry later 
2026-06-04 13:13:42,572 [FATAL] Updater:351 - Updater called before beeing initialized
2026-06-04 13:13:42,689 [FATAL] Updater:351 - Updater called before beeing initialized
2026-06-04 13:13:42,694 [INFO] DbMcusAds:53 - JSON generation date=Thu Sep 30 08:55:09 SAST 2021 (1632984909247)
2026-06-04 13:13:42,694 [FATAL] Updater:351 - Updater called before beeing initialized
2026-06-04 13:13:42,756 [WARN] DetailPanel:346 - Failed to get advertising image, set to default
2026-06-04 13:13:42,855 [FATAL] Updater:351 - Updater called before beeing initialized
2026-06-04 13:13:42,858 [FATAL] Updater:351 - Updater called before beeing initialized
2026-06-04 13:13:42,859 [FATAL] Updater:351 - Updater called before beeing initialized
2026-06-04 13:13:42,859 [WARN] DetailPanel:346 - Failed to get advertising image, set to default
2026-06-04 13:13:42,860 [FATAL] Updater:351 - Updater called before beeing initialized
2026-06-04 13:13:42,931 [ERROR] Updater:1198 - MainUpdater not yet initialized. External WinMGr cannot be set.
2026-06-04 13:13:42,934 [INFO] Updater:1134 - Updater Version found : 6.15.0
2026-06-04 13:13:42,969 [INFO] ApplicationProperties:184 - Using Application install path: C:\ST\STM32CubeIDE_1.19.0\STM32CubeIDE\plugins\com.st.stm32cube.common.mx_6.15.0.202507011659
2026-06-04 13:13:44,430 [INFO] ThirdPartyUpdaterWithRetryManager:70 - Updater plugin not ready yet. [2/15]
2026-06-04 13:13:44,580 [ERROR] LogOutputStream:75 - [STDERR_REDIRECT] Jun 04, 2026 1:13:44 PM java.util.prefs.WindowsPreferences <init>
2026-06-04 13:13:44,582 [ERROR] LogOutputStream:75 - [STDERR_REDIRECT] WARNING: Could not open/create prefs root node Software\JavaSoft\Prefs at root 0xffffffff80000002. Windows RegCreateKeyEx(...) returned error code 5.
2026-06-04 13:13:44,582 [ERROR] LogOutputStream:75 - [STDERR_REDIRECT] 
2026-06-04 13:13:45,101 [INFO] MainUpdater:2872 - connection check result : 10
2026-06-04 13:13:45,103 [INFO] MainUpdater:289 - Updater Check For Update Now.
2026-06-04 13:13:45,103 [INFO] MicroXplorer:498 - Change Database Version : DB.6.0.150
2026-06-04 13:13:45,119 [INFO] McuFinderGlobals:63 - Set McuFinder mode to 2 (CubeIDE integrated)
2026-06-04 13:13:45,121 [INFO] UserAuth:487 - Internet connection configuration mode: 1
2026-06-04 13:13:45,155 [INFO] JxBrowserEngine:152 - Initiate JxBrowser Engine with user profile folder
2026-06-04 13:13:45,316 [INFO] CheckServerUpdateThread:120 - End of CheckServer Thread
2026-06-04 13:13:46,116 [INFO] WebApp:169 - Instantiating new browser for Auth
2026-06-04 13:13:46,942 [INFO] WebApp:463 - Apply proxy settings
2026-06-04 13:13:46,942 [INFO] WebApp:548 - Chromium requires no authentication
2026-06-04 13:13:46,962 [INFO] WebApp:491 - Direct internet connection detected
2026-06-04 13:13:47,005 [INFO] WebApp:900 - Register for checkConnection events
2026-06-04 13:13:47,005 [INFO] WebApp:463 - Apply proxy settings
2026-06-04 13:13:47,005 [INFO] WebApp:548 - Chromium requires no authentication
2026-06-04 13:13:47,006 [INFO] WebApp:491 - Direct internet connection detected
2026-06-04 13:13:47,239 [INFO] WebApp:225 - Starting web application
2026-06-04 13:13:47,239 [INFO] WebApp:593 - Web application path used C:\ST\STM32CubeIDE_1.19.0\STM32CubeIDE\plugins\com.st.stm32cube.common.mx_6.15.0.202507011659\db\plugins\mcufinder\reactClient1\index.html
2026-06-04 13:13:47,331 [INFO] UserAuth:487 - Internet connection configuration mode: 1
2026-06-04 13:13:47,775 [INFO] WebApp:191 - Connection restablished
2026-06-04 13:13:47,868 [WARN] PackLoader:240 - Cannot read IP mode file for STMicroelectronics.X-CUBE-AZRTOS-H7.3.5.0
2026-06-04 13:13:47,881 [WARN] PackLoader:240 - Cannot read IP mode file for STMicroelectronics.FP-ATR-ASTRA1.2.0.2
2026-06-04 13:13:47,887 [ERROR] Engine:466 - C:\Users\karlh\.stm32cubemx\thirdparties\pdsc\STMicroelectronics.X-CUBE-SMBUS.2.1.1.pdsc: PDSC version is not supported
2026-06-04 13:13:47,907 [WARN] PackLoader:240 - Cannot read IP mode file for STMicroelectronics.X-CUBE-AZRTOS-F7.1.1.0
2026-06-04 13:13:47,915 [WARN] PackLoader:240 - Cannot read IP mode file for STMicroelectronics.FP-SNS-MOTENV1.5.1.0
2026-06-04 13:13:47,930 [WARN] PackLoader:240 - Cannot read IP mode file for WES.I-CUBE-Cesium.1.4.0
2026-06-04 13:13:47,940 [WARN] PackLoader:240 - Cannot read IP mode file for STMicroelectronics.X-CUBE-DISPLAY.3.0.0
2026-06-04 13:13:47,951 [WARN] PackLoader:240 - Cannot read IP mode file for STMicroelectronics.X-CUBE-GNSS1.7.1.1
2026-06-04 13:13:47,957 [WARN] PackLoader:240 - Cannot read IP mode file for STMicroelectronics.FP-SNS-MOTENVWB1.1.5.0
2026-06-04 13:13:47,963 [WARN] PackLoader:240 - Cannot read IP mode file for wolfSSL.I-CUBE-wolfSSL.5.9.1
2026-06-04 13:13:47,971 [WARN] PackLoader:240 - Cannot read IP mode file for STMicroelectronics.X-CUBE-NFC10.1.0.0
2026-06-04 13:13:47,979 [WARN] PackLoader:240 - Cannot read IP mode file for STMicroelectronics.X-CUBE-ST60.1.1.0
2026-06-04 13:13:47,988 [WARN] PackLoader:240 - Cannot read IP mode file for emotas.I-CUBE-CANOPEN.1.3.0
2026-06-04 13:13:47,996 [WARN] PackLoader:240 - Cannot read IP mode file for STMicroelectronics.FP-SNS-STBOX1.2.1.0
2026-06-04 13:13:48,003 [WARN] PackLoader:240 - Cannot read IP mode file for STMicroelectronics.FP-SNS-SMARTAG2.1.2.0
2026-06-04 13:13:48,010 [WARN] PackLoader:240 - Cannot read IP mode file for STMicroelectronics.FP-SNS-FLIGHT1.5.1.0
2026-06-04 13:13:48,020 [INFO] LogOutputStream:77 - [STDOUT_REDIRECT] 1 : Invalid condition id : UX_CORESTACK_Condition cause : null
2026-06-04 13:13:48,020 [INFO] LogOutputStream:77 - [STDOUT_REDIRECT] 1 : Invalid condition id : UX_CORESTACK_Condition cause : null
2026-06-04 13:13:48,023 [INFO] LogOutputStream:77 - [STDOUT_REDIRECT] 1 : Invalid condition id : UX_CORESTACK_Condition cause : null
2026-06-04 13:13:48,024 [INFO] LogOutputStream:77 - [STDOUT_REDIRECT] 1 : Invalid condition id : UX_CORESTACK_Condition cause : null
2026-06-04 13:13:48,025 [INFO] LogOutputStream:77 - [STDOUT_REDIRECT] 1 : Invalid condition id : UX_CORESTACK_Condition cause : null
2026-06-04 13:13:48,028 [WARN] PackLoader:240 - Cannot read IP mode file for STMicroelectronics.X-CUBE-AZRTOS-WL.2.0.0
2026-06-04 13:13:48,046 [WARN] PackLoader:240 - Cannot read IP mode file for STMicroelectronics.X-CUBE-AZRTOS-H7RS.1.2.0
2026-06-04 13:13:48,055 [WARN] PackLoader:240 - Cannot read IP mode file for STMicroelectronics.X-CUBE-BLE2.3.3.0
2026-06-04 13:13:48,095 [WARN] PackLoader:240 - Cannot read IP mode file for Infineon.AIROC-Wi-Fi-Bluetooth-STM32.1.8.0
2026-06-04 13:13:48,106 [WARN] PackLoader:240 - Cannot read IP mode file for STMicroelectronics.X-CUBE-NFC9.1.0.0
2026-06-04 13:13:48,114 [WARN] PackLoader:240 - Cannot read IP mode file for STMicroelectronics.X-CUBE-BLE1.7.1.0
2026-06-04 13:13:48,118 [WARN] PackLoader:240 - Cannot read IP mode file for wolfSSL.I-CUBE-wolfMQTT.1.19.2
2026-06-04 13:13:48,126 [WARN] PackLoader:240 - Cannot read IP mode file for STMicroelectronics.X-CUBE-EEPRMA1.5.2.0
2026-06-04 13:13:48,137 [WARN] PackLoader:240 - Cannot read IP mode file for STMicroelectronics.FP-SNS-STAIOTCFT.1.1.0
2026-06-04 13:13:48,155 [WARN] PackLoader:240 - Cannot read IP mode file for STMicroelectronics.X-CUBE-AZRTOS-G0.1.1.0
2026-06-04 13:13:48,169 [WARN] PackLoader:240 - Cannot read IP mode file for STMicroelectronics.X-CUBE-NFC4.3.0.0
2026-06-04 13:13:48,188 [WARN] PackLoader:240 - Cannot read IP mode file for EmbeddedOffice.I-CUBE-FS-RTOS.1.0.1
2026-06-04 13:13:48,198 [WARN] PackLoader:240 - Cannot read IP mode file for wolfSSL.I-CUBE-wolfTPM.3.8.0
2026-06-04 13:13:48,210 [WARN] PackLoader:240 - Cannot read IP mode file for STMicroelectronics.X-CUBE-TCPP.4.2.0
2026-06-04 13:13:48,221 [WARN] PackLoader:240 - Cannot read IP mode file for RealThread.X-CUBE-RT-Thread_Nano.4.1.1
2026-06-04 13:13:48,227 [WARN] PackLoader:240 - Cannot read IP mode file for STMicroelectronics.FP-ATR-SIGFOX1.3.2.0
2026-06-04 13:13:48,251 [WARN] PackLoader:240 - Cannot read IP mode file for STMicroelectronics.X-CUBE-FREERTOS.1.5.0
2026-06-04 13:13:48,260 [WARN] PackLoader:240 - Cannot read IP mode file for ITTIA_DB.I-CUBE-ITTIADB.8.9.0
2026-06-04 13:13:48,267 [WARN] PackLoader:240 - Cannot read IP mode file for Cesanta.I-CUBE-Mongoose.7.21.7
2026-06-04 13:13:48,276 [WARN] PackLoader:240 - Cannot read IP mode file for STMicroelectronics.X-CUBE-NFC6.3.2.0
2026-06-04 13:13:48,285 [WARN] PackLoader:240 - Cannot read IP mode file for STMicroelectronics.X-CUBE-AI.10.2.0
2026-06-04 13:13:48,328 [WARN] PackLoader:240 - Cannot read IP mode file for STMicroelectronics.X-CUBE-MEMS1.12.1.0
2026-06-04 13:13:48,413 [WARN] PackLoader:240 - Cannot read IP mode file for SEGGER.I-CUBE-embOS.1.3.1
2026-06-04 13:13:48,450 [WARN] PackLoader:240 - Cannot read IP mode file for STMicroelectronics.X-CUBE-PM33A1.1.0.0
2026-06-04 13:13:48,466 [WARN] PackLoader:240 - Cannot read IP mode file for STMicroelectronics.X-CUBE-AZRTOS-F4.1.1.0
2026-06-04 13:13:48,474 [WARN] PackLoader:240 - Cannot read IP mode file for STMicroelectronics.X-CUBE-ISPU.2.1.0
2026-06-04 13:13:48,493 [WARN] PackLoader:240 - Cannot read IP mode file for STMicroelectronics.X-CUBE-IPS.3.2.0
2026-06-04 13:13:48,505 [WARN] PackLoader:240 - Cannot read IP mode file for STMicroelectronics.eDS-WB_DPC_TT-BIDIR.2.1.1
2026-06-04 13:13:48,512 [WARN] PackLoader:240 - Cannot read IP mode file for STMicroelectronics.X-CUBE-NFC12.1.0.0
2026-06-04 13:13:48,533 [WARN] PackLoader:240 - Cannot read IP mode file for STMicroelectronics.X-CUBE-AZRTOS-L5.2.0.0
2026-06-04 13:13:48,547 [WARN] PackLoader:240 - Cannot read IP mode file for STMicroelectronics.X-CUBE-ALGOBUILD.1.5.0
2026-06-04 13:13:48,555 [WARN] PackLoader:240 - Cannot read IP mode file for STMicroelectronics.eDS-WB_DPC_VIENNA.1.2.0
2026-06-04 13:13:48,559 [WARN] PackLoader:240 - Cannot read IP mode file for STMicroelectronics.eDS-WB_DPC_3PH2L-BIDIR.1.1.1
2026-06-04 13:13:48,561 [ERROR] Engine:466 - C:\Users\karlh\.stm32cubemx\thirdparties\pdsc\STMicroelectronics.X-CUBE-ST67W61.1.3.0.pdsc: PDSC version is not supported
2026-06-04 13:13:48,570 [WARN] PackLoader:240 - Cannot read IP mode file for STMicroelectronics.X-CUBE-TOUCHGFX.4.26.1
2026-06-04 13:13:48,576 [WARN] PackLoader:240 - Cannot read IP mode file for STMicroelectronics.X-CUBE-DPower.1.3.0
2026-06-04 13:13:48,595 [WARN] ConditionMgr:438 - getConditionDescription Invalid condition id : LAN8742 Phy interface Condition cause : null
2026-06-04 13:13:48,597 [WARN] PackLoader:240 - Cannot read IP mode file for STMicroelectronics.X-CUBE-AZRTOS-L4.2.0.0
2026-06-04 13:13:48,598 [WARN] ConditionMgr:1044 - genDependencies : Invalid condition id : LAN8742 Phy interface Condition cause : null
2026-06-04 13:13:48,599 [WARN] ConditionMgr:1044 - genDependencies : Invalid condition id : LAN8742 Phy interface Condition cause : null
2026-06-04 13:13:48,599 [WARN] ConditionMgr:1044 - genDependencies : Invalid condition id : LAN8742 Phy interface Condition cause : null
2026-06-04 13:13:48,610 [WARN] PackLoader:240 - Cannot read IP mode file for STMicroelectronics.X-CUBE-SFXS2LP1.4.0.0
2026-06-04 13:13:48,617 [WARN] PackLoader:240 - Cannot read IP mode file for STMicroelectronics.X-CUBE-WB05N.2.1.0
2026-06-04 13:13:48,627 [WARN] PackLoader:240 - Cannot read IP mode file for STMicroelectronics.X-CUBE-BLEMGR.4.1.0
2026-06-04 13:13:48,639 [WARN] ConditionMgr:438 - getConditionDescription Invalid condition id : UX DEVICE CLASS RTOS Condition cause : null
2026-06-04 13:13:48,639 [WARN] ConditionMgr:438 - getConditionDescription Invalid condition id : UX DEVICE CLASS RTOS Condition cause : null
2026-06-04 13:13:48,641 [WARN] PackLoader:240 - Cannot read IP mode file for STMicroelectronics.X-CUBE-AZRTOS-WB.2.0.0
2026-06-04 13:13:48,642 [WARN] ConditionMgr:1044 - genDependencies : Invalid condition id : UX DEVICE CLASS RTOS Condition cause : null
2026-06-04 13:13:48,642 [WARN] ConditionMgr:1044 - genDependencies : Invalid condition id : UX DEVICE CLASS RTOS Condition cause : null
2026-06-04 13:13:48,643 [WARN] ConditionMgr:1044 - genDependencies : Invalid condition id : UX DEVICE CLASS RTOS Condition cause : null
2026-06-04 13:13:48,643 [WARN] ConditionMgr:1044 - genDependencies : Invalid condition id : UX DEVICE CLASS RTOS Condition cause : null
2026-06-04 13:13:48,643 [WARN] ConditionMgr:1044 - genDependencies : Invalid condition id : UX DEVICE CLASS RTOS Condition cause : null
2026-06-04 13:13:48,649 [WARN] ConditionMgr:438 - getConditionDescription Invalid condition id : Cortex-A Device cause : null
2026-06-04 13:13:48,660 [WARN] ConditionMgr:1044 - genDependencies : Invalid condition id : Cortex-A Device cause : null
2026-06-04 13:13:48,660 [WARN] ConditionMgr:1044 - genDependencies : Invalid condition id : Cortex-A Device cause : null
2026-06-04 13:13:48,660 [WARN] ConditionMgr:1044 - genDependencies : Invalid condition id : Cortex-A Device cause : null
2026-06-04 13:13:48,669 [WARN] PackLoader:240 - Cannot read IP mode file for STMicroelectronics.X-CUBE-STSE01.2.0.0
2026-06-04 13:13:48,680 [WARN] PackLoader:240 - Cannot read IP mode file for STMicroelectronics.X-CUBE-SUBG2.5.0.0
2026-06-04 13:13:48,700 [WARN] PackLoader:240 - Cannot read IP mode file for STMicroelectronics.X-CUBE-AZRTOS-G4.2.0.0
2026-06-04 13:13:48,709 [WARN] PackLoader:240 - Cannot read IP mode file for wolfSSL.I-CUBE-wolfSSH.1.4.20
2026-06-04 13:13:48,715 [WARN] PackLoader:240 - Cannot read IP mode file for STMicroelectronics.X-CUBE-NFC7.2.0.0
2026-06-04 13:13:48,723 [WARN] PackLoader:240 - Cannot read IP mode file for STMicroelectronics.X-CUBE-ALS.1.0.2
2026-06-04 13:13:48,732 [WARN] PackLoader:240 - Cannot read IP mode file for STMicroelectronics.X-CUBE-TOF1.3.4.3
2026-06-04 13:13:48,741 [INFO] ThirdParty:978 - Integrity check success = true
2026-06-04 13:13:48,741 [INFO] IntegrityCheckThread:100 - exiting critical section [integrity check]
2026-06-04 13:13:48,742 [INFO] IntegrityCheckThread:103 - End integrity checks thread
2026-06-04 13:22:15,341 [INFO] McuFinderGlobals:63 - Set McuFinder mode to 2 (CubeIDE integrated)
2026-06-04 13:22:15,346 [INFO] MainUpdater:2872 - connection check result : 10
2026-06-04 13:22:15,347 [INFO] MainUpdater:2872 - connection check result : 10
2026-06-04 13:22:15,391 [INFO] MicroXplorer:468 - Change Database Path : 
2026-06-04 13:22:15,391 [INFO] MicroXplorer:498 - Change Database Version : DB.6.0.150
2026-06-04 13:22:15,407 [WARN] ThirdParty:871 - waiting for thirdparty lock release [close project]
2026-06-04 13:22:15,407 [INFO] ThirdParty:873 - entering critical section [close project]
2026-06-04 13:22:15,410 [INFO] ThirdParty:883 - exiting critical section [close project]
2026-06-04 13:22:15,415 [INFO] PinOutPanel:1589 - setPackage(No Configuration,No Configuration)
2026-06-04 13:22:15,416 [INFO] UtilMem:75 - Begin LoadConfig() Used Memory: 720991480 Bytes (1073741824)
2026-06-04 13:22:15,418 [INFO] MicroXplorer:468 - Change Database Path : 
2026-06-04 13:22:15,419 [INFO] MicroXplorer:498 - Change Database Version : DB.6.0.150
2026-06-04 13:22:15,419 [INFO] OpenFileManager:355 - Change cursor
2026-06-04 13:22:15,484 [INFO] Mcu:2029 - Initializing MCU STM32G031K(4-6-8)Tx STM32G031K8Tx STM32G031K8T6TR
2026-06-04 13:22:16,727 [INFO] Context:786 - Trying to add GPIOservice into a context  which must be forbidden
2026-06-04 13:22:17,016 [INFO] ImportTextPane:234 - (OptionalMessage_ERROR) Pin0 (VP_RIF_VS_RIF1) cannot be retrieved for this MCU
2026-06-04 13:22:17,112 [INFO] RtosManager:558 - Registered RTOS mode: class=CMSIS, group=RTOS, mode=CMSIS_V1, owner=FREERTOS
2026-06-04 13:22:17,113 [INFO] RtosManager:558 - Registered RTOS mode: class=CMSIS, group=RTOS2, mode=CMSIS_V2, owner=FREERTOS
2026-06-04 13:22:17,113 [INFO] RtosManager:558 - Registered RTOS mode: class=RTOS, group=Core, mode=CMSIS_V1, owner=FREERTOS
2026-06-04 13:22:17,113 [INFO] RtosManager:558 - Registered RTOS mode: class=RTOS, group=Core, mode=CMSIS_V2, owner=FREERTOS
2026-06-04 13:22:17,113 [WARN] ModelIntegratedComponent:184 - Missing modes for component STMicroelectronics:FreeRTOS:0.0.1:STMicroelectronics:RTOS:FreeRTOS:Core:::10.2.0:
2026-06-04 13:22:17,130 [WARN] ModelIntegratedComponent:63 - No mode defined for component null
2026-06-04 13:22:17,130 [WARN] ModelIntegratedComponent:63 - No mode defined for component null
2026-06-04 13:22:17,130 [WARN] ModelIntegratedComponent:63 - No mode defined for component null
2026-06-04 13:22:17,130 [WARN] ModelIntegratedComponent:63 - No mode defined for component null
2026-06-04 13:22:17,130 [WARN] ModelIntegratedComponent:63 - No mode defined for component null
2026-06-04 13:22:17,130 [WARN] ModelIntegratedComponent:63 - No mode defined for component null
2026-06-04 13:22:17,130 [WARN] ModelIntegratedComponent:63 - No mode defined for component null
2026-06-04 13:22:17,130 [WARN] ModelIntegratedComponent:63 - No mode defined for component null
2026-06-04 13:22:17,130 [WARN] ModelIntegratedComponent:63 - No mode defined for component null
2026-06-04 13:22:17,130 [WARN] ModelIntegratedComponent:63 - No mode defined for component null
2026-06-04 13:22:17,130 [WARN] ModelIntegratedComponent:63 - No mode defined for component null
2026-06-04 13:22:17,130 [WARN] ModelIntegratedComponent:63 - No mode defined for component null
2026-06-04 13:22:17,130 [WARN] ModelIntegratedComponent:63 - No mode defined for component null
2026-06-04 13:22:17,130 [WARN] ModelIntegratedComponent:63 - No mode defined for component null
2026-06-04 13:22:17,130 [WARN] ModelIntegratedComponent:63 - No mode defined for component null
2026-06-04 13:22:17,130 [WARN] ModelIntegratedComponent:63 - No mode defined for component null
2026-06-04 13:22:17,130 [WARN] ModelIntegratedComponent:63 - No mode defined for component null
2026-06-04 13:22:17,130 [WARN] ModelIntegratedComponent:63 - No mode defined for component null
2026-06-04 13:22:17,130 [WARN] ModelIntegratedComponent:63 - No mode defined for component null
2026-06-04 13:22:17,130 [WARN] ModelIntegratedComponent:63 - No mode defined for component null
2026-06-04 13:22:17,130 [WARN] ModelIntegratedComponent:63 - No mode defined for component null
2026-06-04 13:22:17,130 [WARN] ModelIntegratedComponent:63 - No mode defined for component null
2026-06-04 13:22:17,130 [WARN] ModelIntegratedComponent:63 - No mode defined for component null
2026-06-04 13:22:17,130 [WARN] ModelIntegratedComponent:63 - No mode defined for component null
2026-06-04 13:22:17,130 [WARN] ModelIntegratedComponent:63 - No mode defined for component null
2026-06-04 13:22:17,130 [WARN] ModelIntegratedComponent:63 - No mode defined for component null
2026-06-04 13:22:17,130 [WARN] ModelIntegratedComponent:63 - No mode defined for component null
2026-06-04 13:22:17,130 [WARN] ModelIntegratedComponent:63 - No mode defined for component null
2026-06-04 13:22:17,130 [WARN] ModelIntegratedComponent:63 - No mode defined for component null
2026-06-04 13:22:17,130 [WARN] ModelIntegratedComponent:63 - No mode defined for component null
2026-06-04 13:22:17,130 [WARN] ModelIntegratedComponent:63 - No mode defined for component null
2026-06-04 13:22:17,130 [WARN] ModelIntegratedComponent:63 - No mode defined for component null
2026-06-04 13:22:17,130 [WARN] ModelIntegratedComponent:63 - No mode defined for component null
2026-06-04 13:22:17,131 [WARN] ModelIntegratedComponent:63 - No mode defined for component null
2026-06-04 13:22:17,131 [WARN] ModelIntegratedComponent:63 - No mode defined for component null
2026-06-04 13:22:17,131 [WARN] ModelPack:524 - Component already loaded: STMicroelectronics:HAL Drivers:0.0.0:STMicroelectronics:Device:STMicro_Driver:XSPI:HAL::0.0.1:HAL_XSPI
2026-06-04 13:22:17,190 [INFO] ThirdPartyModel:298 - Start build external matchings
2026-06-04 13:22:17,356 [INFO] ThirdPartyModel:316 - End build external matchings
2026-06-04 13:22:17,672 [INFO] ApiDb:581 - Connected to CubeFinder SQLite database (C:\Users\karlh\.stmcufinder\plugins\mcufinder\mcu\cube-finder-db.db)
2026-06-04 13:22:17,815 [INFO] ApiDb:668 - CubeFinder database Data Model version=2.1
2026-06-04 13:22:17,816 [INFO] ApiDb:669 - CubeFinder database Configuration version=3.0.39
2026-06-04 13:22:17,818 [INFO] ApiDb:670 - CubeFinder database generation date=2025-06-24 (1750757100)
2026-06-04 13:22:17,818 [INFO] ApiDb:671 - CubeFinder database FW Pack versions=[FP-ATR-ASTRA1_V2.0.0, FP-SNS-FLIGHT1_V5.1.0, FP-SNS-MOTENV1_V5.0.0, FP-SNS-MOTENVWB1_V1.4.0, FP-SNS-SMARTAG2_V1.2.0, FP-SNS-STBOX1_V2.0.0, STM32Cube_FW_C0_V1.4.0, STM32Cube_FW_F4_V1.28.2, STM32Cube_FW_F7_V1.17.3, STM32Cube_FW_G0_V1.6.2, STM32Cube_FW_G4_V1.6.1, STM32Cube_FW_H5_V1.5.0, STM32Cube_FW_H7RS_V1.2.0, STM32Cube_FW_H7_V1.12.1, STM32Cube_FW_L0_V1.12.2, STM32Cube_FW_L4_V1.18.1, STM32Cube_FW_L5_V1.5.1, STM32Cube_FW_N6_V1.2.0, STM32Cube_FW_U0_V1.3.0, STM32Cube_FW_U3_V1.2.0, STM32Cube_FW_U5_V1.8.0, STM32Cube_FW_WB0_V1.3.0, STM32Cube_FW_WBA_V1.7.0, STM32Cube_FW_WB_V1.23.0, STM32Cube_FW_WL3_V1.2.0, STM32Cube_FW_WL_V1.3.1, X-CUBE-ALGOBUILD_V1.4.0, X-CUBE-ALS_V1.0.2, X-CUBE-AZRTOS-F4_V1.1.0, X-CUBE-AZRTOS-F7_V1.1.0, X-CUBE-AZRTOS-G0_V1.1.0, X-CUBE-AZRTOS-G4_V2.0.0, X-CUBE-AZRTOS-H7RS_V1.1.0, X-CUBE-AZRTOS-H7_V3.3.0, X-CUBE-AZRTOS-L4_V2.0.0, X-CUBE-AZRTOS-L5_V2.0.0, X-CUBE-AZRTOS-WB_V2.0.0, X-CUBE-AZRTOS-WL_V2.0.0, X-CUBE-BLE1_V7.1.0, X-CUBE-BLE2_V3.3.0, X-CUBE-BLEMGR_V4.0.0, X-CUBE-EEPRMA1_V5.1.0, X-CUBE-FREERTOS_V1.3.1, X-CUBE-GNSS1_V6.0.0, X-CUBE-MEMS1_V11.3.0, X-CUBE-NFC4_V3.0.0, X-CUBE-NFC7_V2.0.0, X-CUBE-SFXS2LP1_V4.0.0, X-CUBE-SUBG2_V5.0.0, X-CUBE-TOF1_V3.4.3]
2026-06-04 13:22:17,996 [INFO] DbBoardsSqlite:226 - include board P-NUCLEO-WB55-NUCLEO as a kit item of type 'Nucleo-64'
2026-06-04 13:22:17,996 [INFO] DbBoardsSqlite:226 - include board P-NUCLEO-WB55-USBDONGLE as a kit item of type 'Nucleo USB Dongle'
2026-06-04 13:22:17,997 [INFO] DbBoardsSqlite:226 - include board STEVAL-IDP005V1 as a kit item of type 'Evaluation Board'
2026-06-04 13:22:17,997 [INFO] DbBoardsSqlite:226 - include board STEVAL-IDP005V2 as a kit item of type 'Evaluation Board'
2026-06-04 13:22:18,814 [INFO] ApiDb:240 - Found 880 in-development CPN: [B-G473E-ZEST1S, B-WB1M-WPAN1, B-WBA5M-WPAN, B-WL5M-SUBG1, NUCLEO-C031C6, NUCLEO-C051C8, NUCLEO-C071RB, NUCLEO-C092RC, NUCLEO-H503RB, NUCLEO-H533RE, NUCLEO-H563ZI, NUCLEO-H7S3L8, NUCLEO-N657X0-Q, NUCLEO-U031R8, NUCLEO-U083RC, NUCLEO-U385RG-Q, NUCLEO-U545RE-Q, NUCLEO-U5A5ZJ-Q, NUCLEO-WB05KZ, NUCLEO-WB07CC, NUCLEO-WB09KE, NUCLEO-WBA52CG, NUCLEO-WBA55CG, NUCLEO-WL33CC1, NUCLEO-WL33CC2, STEVAL-PROTEUS1, STEVAL-SMARTAG2, STEVAL-STWINBX1, STM320518-EVAL, STM32C0116-DK, STM32C011D6Y3TR, STM32C011D6Y6TR, STM32C011F4P3, STM32C011F4P6, STM32C011F4U3, STM32C011F4U6TR, STM32C011F6P3, STM32C011F6P6, STM32C011F6U3, STM32C011F6U6TR, STM32C011J4M3, STM32C011J4M6, STM32C011J6M3, STM32C011J6M6, STM32C0316-DK, STM32C031C4T3, STM32C031C4T6, STM32C031C4U3, STM32C031C4U6, STM32C031C6T3, STM32C031C6T6, STM32C031C6U3, STM32C031C6U6, STM32C031F4P3, STM32C031F4P6, STM32C031F6P3, STM32C031F6P6, STM32C031G4U3, STM32C031G4U6, STM32C031G6U3, STM32C031G6U6, STM32C031K4T3, STM32C031K4T6, STM32C031K4U3, STM32C031K4U6, STM32C031K6T3, STM32C031K6T6, STM32C031K6U3, STM32C031K6U6, STM32C051C6T6, STM32C051C6U6, STM32C051C8T6, STM32C051C8U6, STM32C051D8Y6TR, STM32C051F6P6, STM32C051F8P6, STM32C051G6U6, STM32C051G8U6, STM32C051K6T6, STM32C051K6U6, STM32C051K8T6, STM32C071C8T6, STM32C071C8T6N, STM32C071C8U6, STM32C071C8U6N, STM32C071CBT6, STM32C071CBT6N, STM32C071CBU6, STM32C071CBU6N, STM32C071F8P6, STM32C071F8P6N, STM32C071FBP6, STM32C071FBP6N, STM32C071FBY6TR, STM32C071G8U6, STM32C071G8U6N, STM32C071GBU6, STM32C071GBU6N, STM32C071K8T6, STM32C071K8T6N, STM32C071K8U6, STM32C071K8U6N, STM32C071KBT6, STM32C071KBT6N, STM32C071KBU6, STM32C071KBU6N, STM32C071R8T6, STM32C071R8T6N, STM32C071RBI6N, STM32C071RBT6, STM32C071RBT6N, STM32C091CBT6, STM32C091CBU6, STM32C091CCT6, STM32C091CCU6, STM32C091ECY6TR, STM32C091FBP6, STM32C091FCP6, STM32C091GBU6, STM32C091GCU6, STM32C091KBT6, STM32C091KBU6, STM32C091KCT6, STM32C091KCU6, STM32C091RBT6, STM32C091RCI6, STM32C091RCT6, STM32C092CBT6, STM32C092CBU6, STM32C092CCT6, STM32C092CCU6, STM32C092ECY6TR, STM32C092FBP6, STM32C092FCP6, STM32C092GBU6, STM32C092GCU6, STM32C092KBT6, STM32C092KBU6, STM32C092KCT6, STM32C092KCU6, STM32C092RBT6, STM32C092RCI6, STM32C092RCT6, STM32G071K8TXN, STM32G071K8UXN, STM32G081GBU6N, STM32G081KBT6N, STM32G081KBUXN, STM32G0B1CCT6N, STM32G0B1KCT6, STM32G0B1NEY6TR, STM32G0B1RCT6N, STM32G0C1CCT6, STM32G0C1CCT6N, STM32G0C1CCU6N, STM32G0C1CET6N, STM32G0C1CEU6N, STM32G0C1KCT6, STM32G0C1NEY6TR, STM32G0C1RCI6N, STM32G0C1RCT6N, STM32G0C1REI6N, STM32G0C1RET6N, STM32G0C1VCI6, STM32G0C1VEI6, STM32G411C6T3, STM32G411C6T6, STM32G411C6U3, STM32G411C6U6, STM32G411C8T3, STM32G411C8T6, STM32G411C8U3, STM32G411C8U6, STM32G411CBT3, STM32G411CBT6, STM32G411CBU3, STM32G411CBU6, STM32G411K6T3, STM32G411K6T6, STM32G411K6U3, STM32G411K6U6, STM32G411K8T3, STM32G411K8T6, STM32G411K8U3, STM32G411K8U6, STM32G411KBT3, STM32G411KBT6, STM32G411KBU3, STM32G411KBU6, STM32G411M6T3, STM32G411M6T6, STM32G411M8T3, STM32G411M8T6, STM32G411MBT3, STM32G411MBT6, STM32G411R6T3, STM32G411R6T6, STM32G411R8T3, STM32G411R8T6, STM32G411RBT3, STM32G411RBT6, STM32G414CBT3, STM32G414CBT6, STM32G414CBU3, STM32G414CBU6, STM32G414CCT3, STM32G414CCT6, STM32G414CCU3, STM32G414CCU6, STM32G414MBT3, STM32G414MBT6, STM32G414MCT3, STM32G414MCT6, STM32G414RBT3, STM32G414RBT6, STM32G414RCT3, STM32G414RCT6, STM32G414VBT3, STM32G414VBT6, STM32G414VCT3, STM32G414VCT6, STM32G431CBT3Z, STM32G431RBT3Z, STM32G471CCT6, STM32G471CCU6, STM32G471CET3, STM32G471CET6, STM32G471CEU3, STM32G471CEU6, STM32G471MCT6, STM32G471MET3, STM32G471MET6, STM32G471MEY6TR, STM32G471QCT6, STM32G471QET3, STM32G471RCT6, STM32G471RET3, STM32G471RET6, STM32G471VCH6, STM32G471VCI6, STM32G471VCT6, STM32G471VEH3, STM32G471VEH6, STM32G471VEI3, STM32G471VEI6, STM32G471VET3, STM32G471VET6, STM32G473QET3Z, STM32G473RET3Z, STM32G474CCT6, STM32G491RET3Z, STM32H503CBT6, STM32H503CBU6, STM32H503EBY6TR, STM32H503KBU6, STM32H503RBT6, STM32H523CCT6, STM32H523CCU6, STM32H523CET6, STM32H523CEU6, STM32H523HEY6TR, STM32H523RCT6, STM32H523RET6, STM32H523VCI6, STM32H523VCT6, STM32H523VEI6, STM32H523VET6, STM32H523ZCJ6, STM32H523ZCT6, STM32H523ZEJ6, STM32H523ZET6, STM32H533CET6, STM32H533CEU6, STM32H533HEY6TR, STM32H533RET6, STM32H533VEI6, STM32H533VET6, STM32H533ZEJ6, STM32H533ZET6, STM32H562AGI6, STM32H562AII6, STM32H562IGK6, STM32H562IGT6, STM32H562IIK6, STM32H562IIT6, STM32H562RGT6, STM32H562RGV6, STM32H562RIT6, STM32H562RIV6, STM32H562VGT6, STM32H562VIT6, STM32H562ZGT6, STM32H562ZIT6, STM32H563AGI6, STM32H563AII3Q, STM32H563AII6, STM32H563IGK6, STM32H563IGT6, STM32H563IIK3Q, STM32H563IIK6, STM32H563IIT3Q, STM32H563IIT6, STM32H563MIY3QTR, STM32H563RGT6, STM32H563RGV6, STM32H563RIT6, STM32H563RIV6, STM32H563VGT6, STM32H563VIT3Q, STM32H563VIT6, STM32H563ZGT6, STM32H563ZIT3Q, STM32H563ZIT6, STM32H573AII3Q, STM32H573AII6, STM32H573I-DK, STM32H573IIK3Q, STM32H573IIK6, STM32H573IIT3Q, STM32H573IIT6, STM32H573MIY3QTR, STM32H573RIT6, STM32H573RIV6, STM32H573VIT3Q, STM32H573VIT6, STM32H573ZIT3Q, STM32H573ZIT6, STM32H7R3A8I6, STM32H7R3I8K6, STM32H7R3I8T6, STM32H7R3L8H6, STM32H7R3L8H6H, STM32H7R3R8V6, STM32H7R3V8H6, STM32H7R3V8T6, STM32H7R3V8Y6TR, STM32H7R3Z8J6, STM32H7R3Z8T6, STM32H7R7A8I6, STM32H7R7I8K6, STM32H7R7I8T6, STM32H7R7L8H6, STM32H7R7L8H6H, STM32H7R7Z8J6, STM32H7S3A8I6, STM32H7S3I8K6, STM32H7S3I8T6, STM32H7S3L8H6, STM32H7S3L8H6H, STM32H7S3R8V6, STM32H7S3V8H6, STM32H7S3V8T6, STM32H7S3V8Y6TR, STM32H7S3Z8J6, STM32H7S3Z8T6, STM32H7S78-DK, STM32H7S7A8I6, STM32H7S7I8K6, STM32H7S7I8T6, STM32H7S7L8H6, STM32H7S7L8H6H, STM32H7S7Z8J6, STM32L4R5QGI6STR, STM32MP131AAE3, STM32MP131AAF3, STM32MP131AAG3, STM32MP131CAE3, STM32MP131CAF3, STM32MP131CAG3, STM32MP131DAE7, STM32MP131DAF7, STM32MP131DAG7, STM32MP131FAE7, STM32MP131FAF7, STM32MP131FAG7, STM32MP133AAE3, STM32MP133AAF3, STM32MP133AAG3, STM32MP133CAE3, STM32MP133CAF3, STM32MP133CAG3, STM32MP133DAE7, STM32MP133DAF7, STM32MP133DAG7, STM32MP133FAE7, STM32MP133FAF7, STM32MP133FAG7, STM32MP135AAE3, STM32MP135AAF3, STM32MP135AAG3, STM32MP135CAE3, STM32MP135CAF3, STM32MP135CAG3, STM32MP135DAE7, STM32MP135DAF7, STM32MP135DAG7, STM32MP135F-DK, STM32MP135FAE7, STM32MP135FAF7, STM32MP135FAF7T, STM32MP135FAF7U, STM32MP135FAG7, STM32MP211AAL3, STM32MP211AAM3, STM32MP211AAN3, STM32MP211AAO3, STM32MP211CAL3, STM32MP211CAM3, STM32MP211CAN3, STM32MP211CAO3, STM32MP211DAL3, STM32MP211DAM3, STM32MP211DAN3, STM32MP211DAO3, STM32MP211FAL3, STM32MP211FAM3, STM32MP211FAN3, STM32MP211FAO3, STM32MP213AAL3, STM32MP213AAM3, STM32MP213AAN3, STM32MP213AAO3, STM32MP213CAL3, STM32MP213CAM3, STM32MP213CAN3, STM32MP213CAO3, STM32MP213DAL3, STM32MP213DAM3, STM32MP213DAN3, STM32MP213DAO3, STM32MP213FAL3, STM32MP213FAM3, STM32MP213FAN3, STM32MP213FAO3, STM32MP215AAL3, STM32MP215AAM3, STM32MP215AAN3, STM32MP215AAO3, STM32MP215CAL3, STM32MP215CAM3, STM32MP215CAN3, STM32MP215CAO3, STM32MP215DAL3, STM32MP215DAM3, STM32MP215DAN3, STM32MP215DAO3, STM32MP215F-DK, STM32MP215FAL3, STM32MP215FAM3, STM32MP215FAN3, STM32MP215FAO3, STM32MP231AAJ3, STM32MP231AAK3, STM32MP231AAL3, STM32MP231CAJ3, STM32MP231CAK3, STM32MP231CAL3, STM32MP231DAJ3, STM32MP231DAK3, STM32MP231DAL3, STM32MP231FAJ3, STM32MP231FAK3, STM32MP231FAL3, STM32MP233AAJ3, STM32MP233AAK3, STM32MP233AAL3, STM32MP233CAJ3, STM32MP233CAK3, STM32MP233CAL3, STM32MP233DAJ3, STM32MP233DAK3, STM32MP233DAL3, STM32MP233FAJ3, STM32MP233FAK3, STM32MP233FAL3, STM32MP235AAJ3, STM32MP235AAK3, STM32MP235AAL3, STM32MP235CAJ3, STM32MP235CAK3, STM32MP235CAL3, STM32MP235DAJ3, STM32MP235DAK3, STM32MP235DAL3, STM32MP235FAJ3, STM32MP235FAK3, STM32MP235FAL3, STM32MP251AAI3, STM32MP251AAK3, STM32MP251AAL3, STM32MP251CAI3, STM32MP251CAK3, STM32MP251CAL3, STM32MP251DAI3, STM32MP251DAK3, STM32MP251DAL3, STM32MP251FAI3, STM32MP251FAK3, STM32MP251FAL3, STM32MP253AAI3, STM32MP253AAK3, STM32MP253AAL3, STM32MP253CAI3, STM32MP253CAK3, STM32MP253CAL3, STM32MP253DAI3, STM32MP253DAK3, STM32MP253DAL3, STM32MP253FAI3, STM32MP253FAK3, STM32MP253FAL3, STM32MP255AAI3, STM32MP255AAK3, STM32MP255AAL3, STM32MP255CAI3, STM32MP255CAK3, STM32MP255CAL3, STM32MP255DAI3, STM32MP255DAK3, STM32MP255DAL3, STM32MP255FAI3, STM32MP255FAK3, STM32MP255FAL3, STM32MP257AAI3, STM32MP257AAK3, STM32MP257AAL3, STM32MP257CAI3, STM32MP257CAK3, STM32MP257CAL3, STM32MP257DAI3, STM32MP257DAK3, STM32MP257DAL3, STM32MP257F-DK, STM32MP257F-EV1, STM32MP257FAI3, STM32MP257FAK3, STM32MP257FAL3, STM32N645A0H3Q, STM32N645B0H3Q, STM32N645I0H3Q, STM32N645L0H3Q, STM32N645X0H3Q, STM32N645Z0H3Q, STM32N647A0H3Q, STM32N647B0H3Q, STM32N647I0H3Q, STM32N647L0H3Q, STM32N647X0H3Q, STM32N647Z0H3Q, STM32N655A0H3Q, STM32N655B0H3Q, STM32N655I0H3Q, STM32N655L0H3Q, STM32N655X0H3Q, STM32N655Z0H3Q, STM32N6570-DK, STM32N657A0H3Q, STM32N657B0H3Q, STM32N657I0H3Q, STM32N657L0H3Q, STM32N657X0H3Q, STM32N657Z0H3Q, STM32U031C6T6, STM32U031C6U6, STM32U031C8T6, STM32U031C8U6, STM32U031F4P6, STM32U031F6P6, STM32U031F8P6, STM32U031G6Y6TR, STM32U031G8Y6TR, STM32U031K4U6, STM32U031K6U6, STM32U031K8U6, STM32U031R6I6, STM32U031R6T6, STM32U031R8I6, STM32U031R8T6, STM32U073C8T6, STM32U073C8U6, STM32U073CBT6, STM32U073CBU6, STM32U073CCT6, STM32U073CCU6, STM32U073H8Y6TR, STM32U073HBY6TR, STM32U073HCY6TR, STM32U073K8U6, STM32U073KBU6, STM32U073KCU6, STM32U073M8I6, STM32U073M8T6, STM32U073MBI6, STM32U073MBT6, STM32U073MCI6, STM32U073MCT6, STM32U073R8I6, STM32U073R8T6, STM32U073RBI6, STM32U073RBT6, STM32U073RCI6, STM32U073RCT6, STM32U083C-DK, STM32U083CCT6, STM32U083CCU6, STM32U083HCY6TR, STM32U083KCU6, STM32U083MCI6, STM32U083MCT6, STM32U083RCI6, STM32U083RCT6, STM32U375CET6, STM32U375CET6Q, STM32U375CEU6, STM32U375CEU6Q, STM32U375CEY6QTR, STM32U375CGT6, STM32U375CGT6Q, STM32U375CGU6, STM32U375CGU6Q, STM32U375CGY6QTR, STM32U375KEU6, STM32U375KGU6, STM32U375REI6, STM32U375REI6Q, STM32U375RET6, STM32U375RET6Q, STM32U375REY6GTR, STM32U375REY6QTR, STM32U375RGI6, STM32U375RGI6Q, STM32U375RGT6, STM32U375RGT6Q, STM32U375RGY6GTR, STM32U375RGY6QTR, STM32U375VEI6, STM32U375VEI6Q, STM32U375VET6, STM32U375VET6Q, STM32U375VGI6, STM32U375VGI6Q, STM32U375VGT6, STM32U375VGT6Q, STM32U385CGT6, STM32U385CGT6Q, STM32U385CGU6, STM32U385CGU6Q, STM32U385CGY6QTR, STM32U385KGU6, STM32U385RGI6, STM32U385RGI6Q, STM32U385RGT6, STM32U385RGT6Q, STM32U385RGY6GTR, STM32U385RGY6QTR, STM32U385VGI6, STM32U385VGI6Q, STM32U385VGT6, STM32U385VGT6Q, STM32U535CBT6, STM32U535CBT6Q, STM32U535CBU6, STM32U535CBU6Q, STM32U535CCT6, STM32U535CCT6Q, STM32U535CCU6, STM32U535CCU6Q, STM32U535CET6, STM32U535CET6Q, STM32U535CEU6, STM32U535CEU6Q, STM32U535JEY6QTR, STM32U535NCY6QTR, STM32U535NEY6QTR, STM32U535RBI6, STM32U535RBI6Q, STM32U535RBT6, STM32U535RBT6Q, STM32U535RCI6, STM32U535RCI6Q, STM32U535RCT6, STM32U535RCT6Q, STM32U535REI6, STM32U535REI6Q, STM32U535RET6, STM32U535RET6Q, STM32U535VCI6, STM32U535VCI6Q, STM32U535VCT6, STM32U535VCT6Q, STM32U535VEI6, STM32U535VEI6Q, STM32U535VET6, STM32U535VET6Q, STM32U545CET6, STM32U545CET6Q, STM32U545CEU6, STM32U545CEU6Q, STM32U545JEY6QTR, STM32U545NEY6QTR, STM32U545REI6, STM32U545REI6Q, STM32U545RET6, STM32U545RET6Q, STM32U545VEI6, STM32U545VEI6Q, STM32U545VET6, STM32U545VET6Q, STM32U595AIH6, STM32U595AIH6Q, STM32U595AJH6, STM32U595AJH6Q, STM32U595QII6, STM32U595QII6Q, STM32U595QJI6, STM32U595QJI6Q, STM32U595RIT6, STM32U595RIT6Q, STM32U595RJT6, STM32U595RJT6Q, STM32U595VIT6, STM32U595VIT6Q, STM32U595VJT6, STM32U595VJT6Q, STM32U595ZIT6, STM32U595ZIT6Q, STM32U595ZIY6QTR, STM32U595ZJT6, STM32U595ZJT6Q, STM32U595ZJY6QTR, STM32U599BJY6QTR, STM32U599NIH6Q, STM32U599NJH6Q, STM32U599VIT6Q, STM32U599VJT6, STM32U599VJT6Q, STM32U599ZIT6Q, STM32U599ZIY6QTR, STM32U599ZJT6Q, STM32U599ZJY6QTR, STM32U5A5AJH6, STM32U5A5AJH6Q, STM32U5A5QII3Q , STM32U5A5QJI6, STM32U5A5QJI6Q, STM32U5A5RJT6, STM32U5A5RJT6Q, STM32U5A5VJT6, STM32U5A5VJT6Q, STM32U5A5ZJT6, STM32U5A5ZJT6Q, STM32U5A5ZJY6QTR, STM32U5A9BJY6QTR, STM32U5A9J-DK, STM32U5A9NJH6Q, STM32U5A9VJT6Q, STM32U5A9ZJT6Q, STM32U5A9ZJY6QTR, STM32U5F7VIT6, STM32U5F7VIT6Q, STM32U5F7VJT6, STM32U5F7VJT6Q, STM32U5F9BJY6QTR, STM32U5F9NJH6Q, STM32U5F9VIT6Q, STM32U5F9VJT6Q, STM32U5F9ZIJ6QTR, STM32U5F9ZIT6Q, STM32U5F9ZJJ6QTR, STM32U5F9ZJT6Q, STM32U5G7VJT6, STM32U5G7VJT6Q, STM32U5G9BJY6QTR, STM32U5G9J-DK1, STM32U5G9J-DK2, STM32U5G9NJH6Q, STM32U5G9VJT6Q, STM32U5G9ZJJ6QTR, STM32U5G9ZJT6Q, STM32WB05KZV6TR, STM32WB05KZV7TR, STM32WB05TZF6TR, STM32WB05TZF7TR, STM32WB06CCF6TR, STM32WB06CCF7TR, STM32WB06CCV6TR, STM32WB06CCV7TR, STM32WB06KCV6TR, STM32WB06KCV7TR, STM32WB07CCF6TR, STM32WB07CCF7TR, STM32WB07CCV6TR, STM32WB07CCV7TR, STM32WB07KCV6TR, STM32WB07KCV7TR, STM32WB09KEV6TR, STM32WB09KEV7TR, STM32WB09TEF6TR, STM32WB09TEF7TR, STM32WB1MMCH6, STM32WBA50KGU6, STM32WBA50KGU6TR, STM32WBA52CEU6, STM32WBA52CEU6TR, STM32WBA52CEU7, STM32WBA52CEU7TR, STM32WBA52CGU6, STM32WBA52CGU6TR, STM32WBA52CGU6U, STM32WBA52CGU7, STM32WBA52CGU7TR, STM32WBA52KEU6, STM32WBA52KEU6TR, STM32WBA52KGU6, STM32WBA52KGU6TR, STM32WBA54CEU6, STM32WBA54CEU6TR, STM32WBA54CEU7, STM32WBA54CEU7TR, STM32WBA54CGU6, STM32WBA54CGU6TR, STM32WBA54CGU7, STM32WBA54CGU7TR, STM32WBA54KEU6, STM32WBA54KEU6TR, STM32WBA54KEU7, STM32WBA54KEU7TR, STM32WBA54KGU6, STM32WBA54KGU6TR, STM32WBA54KGU7, STM32WBA54KGU7TR, STM32WBA55CEU6, STM32WBA55CEU6TR, STM32WBA55CEU7, STM32WBA55CEU7TR, STM32WBA55CGU6, STM32WBA55CGU6TR, STM32WBA55CGU6U, STM32WBA55CGU7, STM32WBA55CGU7TR, STM32WBA55G-DK1, STM32WBA55HEF6, STM32WBA55HEF7, STM32WBA55HGF6, STM32WBA55HGF7, STM32WBA55UEI6, STM32WBA55UEI6TR, STM32WBA55UEI7, STM32WBA55UEI7TR, STM32WBA55UGI6, STM32WBA55UGI6TR, STM32WBA55UGI7, STM32WBA55UGI7TR, STM32WBA5MMGH6TR, STM32WBA62MGF6, STM32WBA62MIF6, STM32WBA65MGF7, STM32WBA65MIF6, STM32WBA65MIF7, STM32WL30K8V6, STM32WL30KBV6, STM32WL31C8V6, STM32WL31CBV6, STM32WL31K8V6, STM32WL31KBV6, STM32WL33C8V6, STM32WL33C8V6X, STM32WL33CBV6, STM32WL33CBV6X, STM32WL33CCV6, STM32WL33CCV6A, STM32WL33CCV6X, STM32WL33K8V7, STM32WL33K8V7X, STM32WL33KBV7 , STM32WL33KBV7X, STM32WL33KCV7, STM32WL33KCV7X, STM32WL5MOCH6, STM32WL5MOCH6TR]
2026-06-04 13:22:19,147 [INFO] BoardInfo:889 - No configuration file found for board P-NUCLEO-WB55
2026-06-04 13:22:19,148 [INFO] DbBoards:161 - Kit is not supported: P-NUCLEO-WB55
2026-06-04 13:22:19,154 [INFO] BoardInfo:889 - No configuration file found for board STEVAL-BFA001V1B
2026-06-04 13:22:19,156 [INFO] DbBoards:161 - Kit is not supported: STEVAL-BFA001V1B
2026-06-04 13:22:19,157 [INFO] BoardInfo:889 - No configuration file found for board STEVAL-BFA001V2B
2026-06-04 13:22:19,158 [INFO] DbBoards:161 - Kit is not supported: STEVAL-BFA001V2B
2026-06-04 13:22:19,422 [INFO] DbBoards:168 - Found 212 boards, 209 are supported
2026-06-04 13:22:19,422 [INFO] DbBoards:169 - Found 212 boards, 43 of them is supported for  Bsp
2026-06-04 13:22:19,425 [INFO] ApiDb:668 - CubeFinder database Data Model version=2.1
2026-06-04 13:22:19,425 [INFO] ApiDb:669 - CubeFinder database Configuration version=3.0.39
2026-06-04 13:22:19,425 [INFO] ApiDb:670 - CubeFinder database generation date=2025-06-24 (1750757100)
2026-06-04 13:22:19,425 [INFO] ApiDb:671 - CubeFinder database FW Pack versions=[FP-ATR-ASTRA1_V2.0.0, FP-SNS-FLIGHT1_V5.1.0, FP-SNS-MOTENV1_V5.0.0, FP-SNS-MOTENVWB1_V1.4.0, FP-SNS-SMARTAG2_V1.2.0, FP-SNS-STBOX1_V2.0.0, STM32Cube_FW_C0_V1.4.0, STM32Cube_FW_F4_V1.28.2, STM32Cube_FW_F7_V1.17.3, STM32Cube_FW_G0_V1.6.2, STM32Cube_FW_G4_V1.6.1, STM32Cube_FW_H5_V1.5.0, STM32Cube_FW_H7RS_V1.2.0, STM32Cube_FW_H7_V1.12.1, STM32Cube_FW_L0_V1.12.2, STM32Cube_FW_L4_V1.18.1, STM32Cube_FW_L5_V1.5.1, STM32Cube_FW_N6_V1.2.0, STM32Cube_FW_U0_V1.3.0, STM32Cube_FW_U3_V1.2.0, STM32Cube_FW_U5_V1.8.0, STM32Cube_FW_WB0_V1.3.0, STM32Cube_FW_WBA_V1.7.0, STM32Cube_FW_WB_V1.23.0, STM32Cube_FW_WL3_V1.2.0, STM32Cube_FW_WL_V1.3.1, X-CUBE-ALGOBUILD_V1.4.0, X-CUBE-ALS_V1.0.2, X-CUBE-AZRTOS-F4_V1.1.0, X-CUBE-AZRTOS-F7_V1.1.0, X-CUBE-AZRTOS-G0_V1.1.0, X-CUBE-AZRTOS-G4_V2.0.0, X-CUBE-AZRTOS-H7RS_V1.1.0, X-CUBE-AZRTOS-H7_V3.3.0, X-CUBE-AZRTOS-L4_V2.0.0, X-CUBE-AZRTOS-L5_V2.0.0, X-CUBE-AZRTOS-WB_V2.0.0, X-CUBE-AZRTOS-WL_V2.0.0, X-CUBE-BLE1_V7.1.0, X-CUBE-BLE2_V3.3.0, X-CUBE-BLEMGR_V4.0.0, X-CUBE-EEPRMA1_V5.1.0, X-CUBE-FREERTOS_V1.3.1, X-CUBE-GNSS1_V6.0.0, X-CUBE-MEMS1_V11.3.0, X-CUBE-NFC4_V3.0.0, X-CUBE-NFC7_V2.0.0, X-CUBE-SFXS2LP1_V4.0.0, X-CUBE-SUBG2_V5.0.0, X-CUBE-TOF1_V3.4.3]
2026-06-04 13:22:21,452 [INFO] ApiDb:240 - Found 880 in-development CPN: [B-G473E-ZEST1S, B-WB1M-WPAN1, B-WBA5M-WPAN, B-WL5M-SUBG1, NUCLEO-C031C6, NUCLEO-C051C8, NUCLEO-C071RB, NUCLEO-C092RC, NUCLEO-H503RB, NUCLEO-H533RE, NUCLEO-H563ZI, NUCLEO-H7S3L8, NUCLEO-N657X0-Q, NUCLEO-U031R8, NUCLEO-U083RC, NUCLEO-U385RG-Q, NUCLEO-U545RE-Q, NUCLEO-U5A5ZJ-Q, NUCLEO-WB05KZ, NUCLEO-WB07CC, NUCLEO-WB09KE, NUCLEO-WBA52CG, NUCLEO-WBA55CG, NUCLEO-WL33CC1, NUCLEO-WL33CC2, STEVAL-PROTEUS1, STEVAL-SMARTAG2, STEVAL-STWINBX1, STM320518-EVAL, STM32C0116-DK, STM32C011D6Y3TR, STM32C011D6Y6TR, STM32C011F4P3, STM32C011F4P6, STM32C011F4U3, STM32C011F4U6TR, STM32C011F6P3, STM32C011F6P6, STM32C011F6U3, STM32C011F6U6TR, STM32C011J4M3, STM32C011J4M6, STM32C011J6M3, STM32C011J6M6, STM32C0316-DK, STM32C031C4T3, STM32C031C4T6, STM32C031C4U3, STM32C031C4U6, STM32C031C6T3, STM32C031C6T6, STM32C031C6U3, STM32C031C6U6, STM32C031F4P3, STM32C031F4P6, STM32C031F6P3, STM32C031F6P6, STM32C031G4U3, STM32C031G4U6, STM32C031G6U3, STM32C031G6U6, STM32C031K4T3, STM32C031K4T6, STM32C031K4U3, STM32C031K4U6, STM32C031K6T3, STM32C031K6T6, STM32C031K6U3, STM32C031K6U6, STM32C051C6T6, STM32C051C6U6, STM32C051C8T6, STM32C051C8U6, STM32C051D8Y6TR, STM32C051F6P6, STM32C051F8P6, STM32C051G6U6, STM32C051G8U6, STM32C051K6T6, STM32C051K6U6, STM32C051K8T6, STM32C071C8T6, STM32C071C8T6N, STM32C071C8U6, STM32C071C8U6N, STM32C071CBT6, STM32C071CBT6N, STM32C071CBU6, STM32C071CBU6N, STM32C071F8P6, STM32C071F8P6N, STM32C071FBP6, STM32C071FBP6N, STM32C071FBY6TR, STM32C071G8U6, STM32C071G8U6N, STM32C071GBU6, STM32C071GBU6N, STM32C071K8T6, STM32C071K8T6N, STM32C071K8U6, STM32C071K8U6N, STM32C071KBT6, STM32C071KBT6N, STM32C071KBU6, STM32C071KBU6N, STM32C071R8T6, STM32C071R8T6N, STM32C071RBI6N, STM32C071RBT6, STM32C071RBT6N, STM32C091CBT6, STM32C091CBU6, STM32C091CCT6, STM32C091CCU6, STM32C091ECY6TR, STM32C091FBP6, STM32C091FCP6, STM32C091GBU6, STM32C091GCU6, STM32C091KBT6, STM32C091KBU6, STM32C091KCT6, STM32C091KCU6, STM32C091RBT6, STM32C091RCI6, STM32C091RCT6, STM32C092CBT6, STM32C092CBU6, STM32C092CCT6, STM32C092CCU6, STM32C092ECY6TR, STM32C092FBP6, STM32C092FCP6, STM32C092GBU6, STM32C092GCU6, STM32C092KBT6, STM32C092KBU6, STM32C092KCT6, STM32C092KCU6, STM32C092RBT6, STM32C092RCI6, STM32C092RCT6, STM32G071K8TXN, STM32G071K8UXN, STM32G081GBU6N, STM32G081KBT6N, STM32G081KBUXN, STM32G0B1CCT6N, STM32G0B1KCT6, STM32G0B1NEY6TR, STM32G0B1RCT6N, STM32G0C1CCT6, STM32G0C1CCT6N, STM32G0C1CCU6N, STM32G0C1CET6N, STM32G0C1CEU6N, STM32G0C1KCT6, STM32G0C1NEY6TR, STM32G0C1RCI6N, STM32G0C1RCT6N, STM32G0C1REI6N, STM32G0C1RET6N, STM32G0C1VCI6, STM32G0C1VEI6, STM32G411C6T3, STM32G411C6T6, STM32G411C6U3, STM32G411C6U6, STM32G411C8T3, STM32G411C8T6, STM32G411C8U3, STM32G411C8U6, STM32G411CBT3, STM32G411CBT6, STM32G411CBU3, STM32G411CBU6, STM32G411K6T3, STM32G411K6T6, STM32G411K6U3, STM32G411K6U6, STM32G411K8T3, STM32G411K8T6, STM32G411K8U3, STM32G411K8U6, STM32G411KBT3, STM32G411KBT6, STM32G411KBU3, STM32G411KBU6, STM32G411M6T3, STM32G411M6T6, STM32G411M8T3, STM32G411M8T6, STM32G411MBT3, STM32G411MBT6, STM32G411R6T3, STM32G411R6T6, STM32G411R8T3, STM32G411R8T6, STM32G411RBT3, STM32G411RBT6, STM32G414CBT3, STM32G414CBT6, STM32G414CBU3, STM32G414CBU6, STM32G414CCT3, STM32G414CCT6, STM32G414CCU3, STM32G414CCU6, STM32G414MBT3, STM32G414MBT6, STM32G414MCT3, STM32G414MCT6, STM32G414RBT3, STM32G414RBT6, STM32G414RCT3, STM32G414RCT6, STM32G414VBT3, STM32G414VBT6, STM32G414VCT3, STM32G414VCT6, STM32G431CBT3Z, STM32G431RBT3Z, STM32G471CCT6, STM32G471CCU6, STM32G471CET3, STM32G471CET6, STM32G471CEU3, STM32G471CEU6, STM32G471MCT6, STM32G471MET3, STM32G471MET6, STM32G471MEY6TR, STM32G471QCT6, STM32G471QET3, STM32G471RCT6, STM32G471RET3, STM32G471RET6, STM32G471VCH6, STM32G471VCI6, STM32G471VCT6, STM32G471VEH3, STM32G471VEH6, STM32G471VEI3, STM32G471VEI6, STM32G471VET3, STM32G471VET6, STM32G473QET3Z, STM32G473RET3Z, STM32G474CCT6, STM32G491RET3Z, STM32H503CBT6, STM32H503CBU6, STM32H503EBY6TR, STM32H503KBU6, STM32H503RBT6, STM32H523CCT6, STM32H523CCU6, STM32H523CET6, STM32H523CEU6, STM32H523HEY6TR, STM32H523RCT6, STM32H523RET6, STM32H523VCI6, STM32H523VCT6, STM32H523VEI6, STM32H523VET6, STM32H523ZCJ6, STM32H523ZCT6, STM32H523ZEJ6, STM32H523ZET6, STM32H533CET6, STM32H533CEU6, STM32H533HEY6TR, STM32H533RET6, STM32H533VEI6, STM32H533VET6, STM32H533ZEJ6, STM32H533ZET6, STM32H562AGI6, STM32H562AII6, STM32H562IGK6, STM32H562IGT6, STM32H562IIK6, STM32H562IIT6, STM32H562RGT6, STM32H562RGV6, STM32H562RIT6, STM32H562RIV6, STM32H562VGT6, STM32H562VIT6, STM32H562ZGT6, STM32H562ZIT6, STM32H563AGI6, STM32H563AII3Q, STM32H563AII6, STM32H563IGK6, STM32H563IGT6, STM32H563IIK3Q, STM32H563IIK6, STM32H563IIT3Q, STM32H563IIT6, STM32H563MIY3QTR, STM32H563RGT6, STM32H563RGV6, STM32H563RIT6, STM32H563RIV6, STM32H563VGT6, STM32H563VIT3Q, STM32H563VIT6, STM32H563ZGT6, STM32H563ZIT3Q, STM32H563ZIT6, STM32H573AII3Q, STM32H573AII6, STM32H573I-DK, STM32H573IIK3Q, STM32H573IIK6, STM32H573IIT3Q, STM32H573IIT6, STM32H573MIY3QTR, STM32H573RIT6, STM32H573RIV6, STM32H573VIT3Q, STM32H573VIT6, STM32H573ZIT3Q, STM32H573ZIT6, STM32H7R3A8I6, STM32H7R3I8K6, STM32H7R3I8T6, STM32H7R3L8H6, STM32H7R3L8H6H, STM32H7R3R8V6, STM32H7R3V8H6, STM32H7R3V8T6, STM32H7R3V8Y6TR, STM32H7R3Z8J6, STM32H7R3Z8T6, STM32H7R7A8I6, STM32H7R7I8K6, STM32H7R7I8T6, STM32H7R7L8H6, STM32H7R7L8H6H, STM32H7R7Z8J6, STM32H7S3A8I6, STM32H7S3I8K6, STM32H7S3I8T6, STM32H7S3L8H6, STM32H7S3L8H6H, STM32H7S3R8V6, STM32H7S3V8H6, STM32H7S3V8T6, STM32H7S3V8Y6TR, STM32H7S3Z8J6, STM32H7S3Z8T6, STM32H7S78-DK, STM32H7S7A8I6, STM32H7S7I8K6, STM32H7S7I8T6, STM32H7S7L8H6, STM32H7S7L8H6H, STM32H7S7Z8J6, STM32L4R5QGI6STR, STM32MP131AAE3, STM32MP131AAF3, STM32MP131AAG3, STM32MP131CAE3, STM32MP131CAF3, STM32MP131CAG3, STM32MP131DAE7, STM32MP131DAF7, STM32MP131DAG7, STM32MP131FAE7, STM32MP131FAF7, STM32MP131FAG7, STM32MP133AAE3, STM32MP133AAF3, STM32MP133AAG3, STM32MP133CAE3, STM32MP133CAF3, STM32MP133CAG3, STM32MP133DAE7, STM32MP133DAF7, STM32MP133DAG7, STM32MP133FAE7, STM32MP133FAF7, STM32MP133FAG7, STM32MP135AAE3, STM32MP135AAF3, STM32MP135AAG3, STM32MP135CAE3, STM32MP135CAF3, STM32MP135CAG3, STM32MP135DAE7, STM32MP135DAF7, STM32MP135DAG7, STM32MP135F-DK, STM32MP135FAE7, STM32MP135FAF7, STM32MP135FAF7T, STM32MP135FAF7U, STM32MP135FAG7, STM32MP211AAL3, STM32MP211AAM3, STM32MP211AAN3, STM32MP211AAO3, STM32MP211CAL3, STM32MP211CAM3, STM32MP211CAN3, STM32MP211CAO3, STM32MP211DAL3, STM32MP211DAM3, STM32MP211DAN3, STM32MP211DAO3, STM32MP211FAL3, STM32MP211FAM3, STM32MP211FAN3, STM32MP211FAO3, STM32MP213AAL3, STM32MP213AAM3, STM32MP213AAN3, STM32MP213AAO3, STM32MP213CAL3, STM32MP213CAM3, STM32MP213CAN3, STM32MP213CAO3, STM32MP213DAL3, STM32MP213DAM3, STM32MP213DAN3, STM32MP213DAO3, STM32MP213FAL3, STM32MP213FAM3, STM32MP213FAN3, STM32MP213FAO3, STM32MP215AAL3, STM32MP215AAM3, STM32MP215AAN3, STM32MP215AAO3, STM32MP215CAL3, STM32MP215CAM3, STM32MP215CAN3, STM32MP215CAO3, STM32MP215DAL3, STM32MP215DAM3, STM32MP215DAN3, STM32MP215DAO3, STM32MP215F-DK, STM32MP215FAL3, STM32MP215FAM3, STM32MP215FAN3, STM32MP215FAO3, STM32MP231AAJ3, STM32MP231AAK3, STM32MP231AAL3, STM32MP231CAJ3, STM32MP231CAK3, STM32MP231CAL3, STM32MP231DAJ3, STM32MP231DAK3, STM32MP231DAL3, STM32MP231FAJ3, STM32MP231FAK3, STM32MP231FAL3, STM32MP233AAJ3, STM32MP233AAK3, STM32MP233AAL3, STM32MP233CAJ3, STM32MP233CAK3, STM32MP233CAL3, STM32MP233DAJ3, STM32MP233DAK3, STM32MP233DAL3, STM32MP233FAJ3, STM32MP233FAK3, STM32MP233FAL3, STM32MP235AAJ3, STM32MP235AAK3, STM32MP235AAL3, STM32MP235CAJ3, STM32MP235CAK3, STM32MP235CAL3, STM32MP235DAJ3, STM32MP235DAK3, STM32MP235DAL3, STM32MP235FAJ3, STM32MP235FAK3, STM32MP235FAL3, STM32MP251AAI3, STM32MP251AAK3, STM32MP251AAL3, STM32MP251CAI3, STM32MP251CAK3, STM32MP251CAL3, STM32MP251DAI3, STM32MP251DAK3, STM32MP251DAL3, STM32MP251FAI3, STM32MP251FAK3, STM32MP251FAL3, STM32MP253AAI3, STM32MP253AAK3, STM32MP253AAL3, STM32MP253CAI3, STM32MP253CAK3, STM32MP253CAL3, STM32MP253DAI3, STM32MP253DAK3, STM32MP253DAL3, STM32MP253FAI3, STM32MP253FAK3, STM32MP253FAL3, STM32MP255AAI3, STM32MP255AAK3, STM32MP255AAL3, STM32MP255CAI3, STM32MP255CAK3, STM32MP255CAL3, STM32MP255DAI3, STM32MP255DAK3, STM32MP255DAL3, STM32MP255FAI3, STM32MP255FAK3, STM32MP255FAL3, STM32MP257AAI3, STM32MP257AAK3, STM32MP257AAL3, STM32MP257CAI3, STM32MP257CAK3, STM32MP257CAL3, STM32MP257DAI3, STM32MP257DAK3, STM32MP257DAL3, STM32MP257F-DK, STM32MP257F-EV1, STM32MP257FAI3, STM32MP257FAK3, STM32MP257FAL3, STM32N645A0H3Q, STM32N645B0H3Q, STM32N645I0H3Q, STM32N645L0H3Q, STM32N645X0H3Q, STM32N645Z0H3Q, STM32N647A0H3Q, STM32N647B0H3Q, STM32N647I0H3Q, STM32N647L0H3Q, STM32N647X0H3Q, STM32N647Z0H3Q, STM32N655A0H3Q, STM32N655B0H3Q, STM32N655I0H3Q, STM32N655L0H3Q, STM32N655X0H3Q, STM32N655Z0H3Q, STM32N6570-DK, STM32N657A0H3Q, STM32N657B0H3Q, STM32N657I0H3Q, STM32N657L0H3Q, STM32N657X0H3Q, STM32N657Z0H3Q, STM32U031C6T6, STM32U031C6U6, STM32U031C8T6, STM32U031C8U6, STM32U031F4P6, STM32U031F6P6, STM32U031F8P6, STM32U031G6Y6TR, STM32U031G8Y6TR, STM32U031K4U6, STM32U031K6U6, STM32U031K8U6, STM32U031R6I6, STM32U031R6T6, STM32U031R8I6, STM32U031R8T6, STM32U073C8T6, STM32U073C8U6, STM32U073CBT6, STM32U073CBU6, STM32U073CCT6, STM32U073CCU6, STM32U073H8Y6TR, STM32U073HBY6TR, STM32U073HCY6TR, STM32U073K8U6, STM32U073KBU6, STM32U073KCU6, STM32U073M8I6, STM32U073M8T6, STM32U073MBI6, STM32U073MBT6, STM32U073MCI6, STM32U073MCT6, STM32U073R8I6, STM32U073R8T6, STM32U073RBI6, STM32U073RBT6, STM32U073RCI6, STM32U073RCT6, STM32U083C-DK, STM32U083CCT6, STM32U083CCU6, STM32U083HCY6TR, STM32U083KCU6, STM32U083MCI6, STM32U083MCT6, STM32U083RCI6, STM32U083RCT6, STM32U375CET6, STM32U375CET6Q, STM32U375CEU6, STM32U375CEU6Q, STM32U375CEY6QTR, STM32U375CGT6, STM32U375CGT6Q, STM32U375CGU6, STM32U375CGU6Q, STM32U375CGY6QTR, STM32U375KEU6, STM32U375KGU6, STM32U375REI6, STM32U375REI6Q, STM32U375RET6, STM32U375RET6Q, STM32U375REY6GTR, STM32U375REY6QTR, STM32U375RGI6, STM32U375RGI6Q, STM32U375RGT6, STM32U375RGT6Q, STM32U375RGY6GTR, STM32U375RGY6QTR, STM32U375VEI6, STM32U375VEI6Q, STM32U375VET6, STM32U375VET6Q, STM32U375VGI6, STM32U375VGI6Q, STM32U375VGT6, STM32U375VGT6Q, STM32U385CGT6, STM32U385CGT6Q, STM32U385CGU6, STM32U385CGU6Q, STM32U385CGY6QTR, STM32U385KGU6, STM32U385RGI6, STM32U385RGI6Q, STM32U385RGT6, STM32U385RGT6Q, STM32U385RGY6GTR, STM32U385RGY6QTR, STM32U385VGI6, STM32U385VGI6Q, STM32U385VGT6, STM32U385VGT6Q, STM32U535CBT6, STM32U535CBT6Q, STM32U535CBU6, STM32U535CBU6Q, STM32U535CCT6, STM32U535CCT6Q, STM32U535CCU6, STM32U535CCU6Q, STM32U535CET6, STM32U535CET6Q, STM32U535CEU6, STM32U535CEU6Q, STM32U535JEY6QTR, STM32U535NCY6QTR, STM32U535NEY6QTR, STM32U535RBI6, STM32U535RBI6Q, STM32U535RBT6, STM32U535RBT6Q, STM32U535RCI6, STM32U535RCI6Q, STM32U535RCT6, STM32U535RCT6Q, STM32U535REI6, STM32U535REI6Q, STM32U535RET6, STM32U535RET6Q, STM32U535VCI6, STM32U535VCI6Q, STM32U535VCT6, STM32U535VCT6Q, STM32U535VEI6, STM32U535VEI6Q, STM32U535VET6, STM32U535VET6Q, STM32U545CET6, STM32U545CET6Q, STM32U545CEU6, STM32U545CEU6Q, STM32U545JEY6QTR, STM32U545NEY6QTR, STM32U545REI6, STM32U545REI6Q, STM32U545RET6, STM32U545RET6Q, STM32U545VEI6, STM32U545VEI6Q, STM32U545VET6, STM32U545VET6Q, STM32U595AIH6, STM32U595AIH6Q, STM32U595AJH6, STM32U595AJH6Q, STM32U595QII6, STM32U595QII6Q, STM32U595QJI6, STM32U595QJI6Q, STM32U595RIT6, STM32U595RIT6Q, STM32U595RJT6, STM32U595RJT6Q, STM32U595VIT6, STM32U595VIT6Q, STM32U595VJT6, STM32U595VJT6Q, STM32U595ZIT6, STM32U595ZIT6Q, STM32U595ZIY6QTR, STM32U595ZJT6, STM32U595ZJT6Q, STM32U595ZJY6QTR, STM32U599BJY6QTR, STM32U599NIH6Q, STM32U599NJH6Q, STM32U599VIT6Q, STM32U599VJT6, STM32U599VJT6Q, STM32U599ZIT6Q, STM32U599ZIY6QTR, STM32U599ZJT6Q, STM32U599ZJY6QTR, STM32U5A5AJH6, STM32U5A5AJH6Q, STM32U5A5QII3Q , STM32U5A5QJI6, STM32U5A5QJI6Q, STM32U5A5RJT6, STM32U5A5RJT6Q, STM32U5A5VJT6, STM32U5A5VJT6Q, STM32U5A5ZJT6, STM32U5A5ZJT6Q, STM32U5A5ZJY6QTR, STM32U5A9BJY6QTR, STM32U5A9J-DK, STM32U5A9NJH6Q, STM32U5A9VJT6Q, STM32U5A9ZJT6Q, STM32U5A9ZJY6QTR, STM32U5F7VIT6, STM32U5F7VIT6Q, STM32U5F7VJT6, STM32U5F7VJT6Q, STM32U5F9BJY6QTR, STM32U5F9NJH6Q, STM32U5F9VIT6Q, STM32U5F9VJT6Q, STM32U5F9ZIJ6QTR, STM32U5F9ZIT6Q, STM32U5F9ZJJ6QTR, STM32U5F9ZJT6Q, STM32U5G7VJT6, STM32U5G7VJT6Q, STM32U5G9BJY6QTR, STM32U5G9J-DK1, STM32U5G9J-DK2, STM32U5G9NJH6Q, STM32U5G9VJT6Q, STM32U5G9ZJJ6QTR, STM32U5G9ZJT6Q, STM32WB05KZV6TR, STM32WB05KZV7TR, STM32WB05TZF6TR, STM32WB05TZF7TR, STM32WB06CCF6TR, STM32WB06CCF7TR, STM32WB06CCV6TR, STM32WB06CCV7TR, STM32WB06KCV6TR, STM32WB06KCV7TR, STM32WB07CCF6TR, STM32WB07CCF7TR, STM32WB07CCV6TR, STM32WB07CCV7TR, STM32WB07KCV6TR, STM32WB07KCV7TR, STM32WB09KEV6TR, STM32WB09KEV7TR, STM32WB09TEF6TR, STM32WB09TEF7TR, STM32WB1MMCH6, STM32WBA50KGU6, STM32WBA50KGU6TR, STM32WBA52CEU6, STM32WBA52CEU6TR, STM32WBA52CEU7, STM32WBA52CEU7TR, STM32WBA52CGU6, STM32WBA52CGU6TR, STM32WBA52CGU6U, STM32WBA52CGU7, STM32WBA52CGU7TR, STM32WBA52KEU6, STM32WBA52KEU6TR, STM32WBA52KGU6, STM32WBA52KGU6TR, STM32WBA54CEU6, STM32WBA54CEU6TR, STM32WBA54CEU7, STM32WBA54CEU7TR, STM32WBA54CGU6, STM32WBA54CGU6TR, STM32WBA54CGU7, STM32WBA54CGU7TR, STM32WBA54KEU6, STM32WBA54KEU6TR, STM32WBA54KEU7, STM32WBA54KEU7TR, STM32WBA54KGU6, STM32WBA54KGU6TR, STM32WBA54KGU7, STM32WBA54KGU7TR, STM32WBA55CEU6, STM32WBA55CEU6TR, STM32WBA55CEU7, STM32WBA55CEU7TR, STM32WBA55CGU6, STM32WBA55CGU6TR, STM32WBA55CGU6U, STM32WBA55CGU7, STM32WBA55CGU7TR, STM32WBA55G-DK1, STM32WBA55HEF6, STM32WBA55HEF7, STM32WBA55HGF6, STM32WBA55HGF7, STM32WBA55UEI6, STM32WBA55UEI6TR, STM32WBA55UEI7, STM32WBA55UEI7TR, STM32WBA55UGI6, STM32WBA55UGI6TR, STM32WBA55UGI7, STM32WBA55UGI7TR, STM32WBA5MMGH6TR, STM32WBA62MGF6, STM32WBA62MIF6, STM32WBA65MGF7, STM32WBA65MIF6, STM32WBA65MIF7, STM32WL30K8V6, STM32WL30KBV6, STM32WL31C8V6, STM32WL31CBV6, STM32WL31K8V6, STM32WL31KBV6, STM32WL33C8V6, STM32WL33C8V6X, STM32WL33CBV6, STM32WL33CBV6X, STM32WL33CCV6, STM32WL33CCV6A, STM32WL33CCV6X, STM32WL33K8V7, STM32WL33K8V7X, STM32WL33KBV7 , STM32WL33KBV7X, STM32WL33KCV7, STM32WL33KCV7X, STM32WL5MOCH6, STM32WL5MOCH6TR]
2026-06-04 13:22:21,459 [INFO] DbMcus:218 - Found 4801 MCUs, 4801 are supported
2026-06-04 13:22:21,460 [INFO] ApiDb:423 - Load user favorites file C:\Users\karlh/.stm32cubeide/favorites.mcus.txt: 0 item(s)
2026-06-04 13:22:21,460 [INFO] ApiDb:427 - User favorites MCUs=[]
2026-06-04 13:22:21,460 [INFO] DbMcus:224 - Set 0 / 0 favorites MCUs
2026-06-04 13:22:21,899 [INFO] ApiDb:414 - User favorites file not found: C:\Users\karlh/.stm32cubeide/favorites.boards.txt
2026-06-04 13:22:21,899 [INFO] DbBoards:198 - Set 0 / 0 favorites Boards
2026-06-04 13:22:21,942 [INFO] UtilMem:75 - End LoadConfig() Used Memory: 646209520 Bytes (1073741824)
2026-06-04 13:22:22,117 [WARN] ThirdParty:833 - waiting for thirdparty lock release [change project]
2026-06-04 13:22:22,117 [INFO] ThirdParty:835 - entering critical section [change project]
2026-06-04 13:22:22,118 [INFO] ThirdParty:1030 - CMSIS Pack Vendor :STMicroelectronics X-CUBE-AZRTOS-H7 3.5.0
2026-06-04 13:22:22,118 [INFO] ThirdParty:1030 - CMSIS Pack Vendor :STMicroelectronics X-CUBE-PM33A1 1.0.0
2026-06-04 13:22:22,118 [INFO] ThirdParty:1030 - CMSIS Pack Vendor :STMicroelectronics USBPD 4.1
2026-06-04 13:22:22,118 [INFO] ThirdParty:1030 - CMSIS Pack Vendor :STMicroelectronics X-CUBE-NFC9 1.0.0
2026-06-04 13:22:22,118 [INFO] ThirdParty:1030 - CMSIS Pack Vendor :STMicroelectronics USB_HOST 2.0.0
2026-06-04 13:22:22,118 [INFO] ThirdParty:1030 - CMSIS Pack Vendor :STMicroelectronics X-CUBE-AZRTOS-F4 1.1.0
2026-06-04 13:22:22,118 [INFO] ThirdParty:1030 - CMSIS Pack Vendor :STMicroelectronics LIBJPEG 8.0.0
2026-06-04 13:22:22,120 [INFO] ThirdParty:1030 - CMSIS Pack Vendor :STMicroelectronics FP-ATR-ASTRA1 2.0.2
2026-06-04 13:22:22,120 [INFO] ThirdParty:1030 - CMSIS Pack Vendor :STMicroelectronics X-CUBE-BLE1 7.1.0
2026-06-04 13:22:22,120 [INFO] ThirdParty:1030 - CMSIS Pack Vendor :wolfSSL I-CUBE-wolfMQTT 1.19.2
2026-06-04 13:22:22,120 [INFO] ThirdParty:1030 - CMSIS Pack Vendor :STMicroelectronics USB_DEVICE 3.0.0
2026-06-04 13:22:22,120 [INFO] ThirdParty:1030 - CMSIS Pack Vendor :STMicroelectronics X-CUBE-ISPU 2.1.0
2026-06-04 13:22:22,120 [INFO] ThirdParty:1030 - CMSIS Pack Vendor :STMicroelectronics X-CUBE-EEPRMA1 5.2.0
2026-06-04 13:22:22,120 [INFO] ThirdParty:1030 - CMSIS Pack Vendor :STMicroelectronics X-CUBE-IPS 3.2.0
2026-06-04 13:22:22,120 [INFO] ThirdParty:1030 - CMSIS Pack Vendor :STMicroelectronics X-CUBE-BLEMGR 4.1.0
2026-06-04 13:22:22,120 [INFO] ThirdParty:1030 - CMSIS Pack Vendor :STMicroelectronics eDS-WB_DPC_TT-BIDIR 2.1.1
2026-06-04 13:22:22,120 [INFO] ThirdParty:1030 - CMSIS Pack Vendor :STMicroelectronics X-CUBE-AZRTOS-WB 2.0.0
2026-06-04 13:22:22,120 [INFO] ThirdParty:1030 - CMSIS Pack Vendor :STMicroelectronics X-CUBE-NFC12 1.0.0
2026-06-04 13:22:22,120 [INFO] ThirdParty:1030 - CMSIS Pack Vendor :STMicroelectronics X-CUBE-AZRTOS-F7 1.1.0
2026-06-04 13:22:22,121 [INFO] ThirdParty:1030 - CMSIS Pack Vendor :STMicroelectronics X-CUBE-AZRTOS-L5 2.0.0
2026-06-04 13:22:22,121 [INFO] ThirdParty:1030 - CMSIS Pack Vendor :STMicroelectronics USB_DEVICE 2.0.0
2026-06-04 13:22:22,121 [INFO] ThirdParty:1030 - CMSIS Pack Vendor :STMicroelectronics FP-SNS-STAIOTCFT 1.1.0
2026-06-04 13:22:22,121 [INFO] ThirdParty:1030 - CMSIS Pack Vendor :quantropi X-CUBE-qispace-sdk-base 2.1.0
2026-06-04 13:22:22,121 [INFO] ThirdParty:1030 - CMSIS Pack Vendor :STMicroelectronics X-CUBE-STSE01 2.0.0
2026-06-04 13:22:22,121 [INFO] ThirdParty:1030 - CMSIS Pack Vendor :STMicroelectronics X-CUBE-ALGOBUILD 1.5.0
2026-06-04 13:22:22,121 [INFO] ThirdParty:1030 - CMSIS Pack Vendor :STMicroelectronics FP-SNS-MOTENV1 5.1.0
2026-06-04 13:22:22,121 [INFO] ThirdParty:1030 - CMSIS Pack Vendor :STMicroelectronics FreeRTOS 0.0.1
2026-06-04 13:22:22,121 [INFO] ThirdParty:1030 - CMSIS Pack Vendor :STMicroelectronics X-CUBE-AZRTOS-G0 1.1.0
2026-06-04 13:22:22,121 [INFO] ThirdParty:1030 - CMSIS Pack Vendor :STMicroelectronics X-CUBE-NFC4 3.0.0
2026-06-04 13:22:22,121 [INFO] ThirdParty:1030 - CMSIS Pack Vendor :STMicroelectronics X-CUBE-SUBG2 5.0.0
2026-06-04 13:22:22,121 [INFO] ThirdParty:1030 - CMSIS Pack Vendor :STMicroelectronics STM32_WPAN 1.0.0
2026-06-04 13:22:22,121 [INFO] ThirdParty:1030 - CMSIS Pack Vendor :STMicroelectronics eDS-WB_DPC_VIENNA 1.2.0
2026-06-04 13:22:22,121 [INFO] ThirdParty:1030 - CMSIS Pack Vendor :EmbeddedOffice I-CUBE-FS-RTOS 1.0.1
2026-06-04 13:22:22,121 [INFO] ThirdParty:1030 - CMSIS Pack Vendor :STMicroelectronics lwIP 2.0.3
2026-06-04 13:22:22,121 [INFO] ThirdParty:1030 - CMSIS Pack Vendor :WES I-CUBE-Cesium 1.4.0
2026-06-04 13:22:22,121 [INFO] ThirdParty:1030 - CMSIS Pack Vendor :STMicroelectronics eDS-WB_DPC_3PH2L-BIDIR 1.1.1
2026-06-04 13:22:22,121 [INFO] ThirdParty:1030 - CMSIS Pack Vendor :STMicroelectronics USB_HOST 1.0.0
2026-06-04 13:22:22,121 [INFO] ThirdParty:1030 - CMSIS Pack Vendor :STMicroelectronics X-CUBE-AZRTOS-G4 2.0.0
2026-06-04 13:22:22,121 [INFO] ThirdParty:1030 - CMSIS Pack Vendor :STMicroelectronics PDM2PCM 3.1.0
2026-06-04 13:22:22,121 [INFO] ThirdParty:1030 - CMSIS Pack Vendor :STMicroelectronics PDM2PCM 3.3.0
2026-06-04 13:22:22,121 [INFO] ThirdParty:1030 - CMSIS Pack Vendor :wolfSSL I-CUBE-wolfTPM 3.8.0
2026-06-04 13:22:22,121 [INFO] ThirdParty:1030 - CMSIS Pack Vendor :STMicroelectronics X-CUBE-DISPLAY 3.0.0
2026-06-04 13:22:22,121 [INFO] ThirdParty:1030 - CMSIS Pack Vendor :wolfSSL I-CUBE-wolfSSH 1.4.20
2026-06-04 13:22:22,121 [INFO] ThirdParty:1030 - CMSIS Pack Vendor :STMicroelectronics X-CUBE-NFC7 2.0.0
2026-06-04 13:22:22,123 [INFO] ThirdParty:1030 - CMSIS Pack Vendor :STMicroelectronics X-CUBE-GNSS1 7.1.1
2026-06-04 13:22:22,123 [INFO] ThirdParty:1030 - CMSIS Pack Vendor :STMicroelectronics FP-SNS-MOTENVWB1 1.5.0
2026-06-04 13:22:22,123 [INFO] ThirdParty:1030 - CMSIS Pack Vendor :STMicroelectronics X-CUBE-TCPP 4.2.0
2026-06-04 13:22:22,123 [INFO] ThirdParty:1030 - CMSIS Pack Vendor :RealThread X-CUBE-RT-Thread_Nano 4.1.1
2026-06-04 13:22:22,123 [INFO] ThirdParty:1030 - CMSIS Pack Vendor :wolfSSL I-CUBE-wolfSSL 5.9.1
2026-06-04 13:22:22,123 [INFO] ThirdParty:1030 - CMSIS Pack Vendor :STMicroelectronics FP-ATR-SIGFOX1 3.2.0
2026-06-04 13:22:22,123 [INFO] ThirdParty:1030 - CMSIS Pack Vendor :STMicroelectronics X-CUBE-NFC10 1.0.0
2026-06-04 13:22:22,123 [INFO] ThirdParty:1030 - CMSIS Pack Vendor :STMicroelectronics HAL Drivers 0.0.0
2026-06-04 13:22:22,123 [INFO] ThirdParty:1030 - CMSIS Pack Vendor :STMicroelectronics X-CUBE-FREERTOS 1.5.0
2026-06-04 13:22:22,123 [INFO] ThirdParty:1030 - CMSIS Pack Vendor :STMicroelectronics MBEDTLS 2.16.2
2026-06-04 13:22:22,123 [INFO] ThirdParty:1030 - CMSIS Pack Vendor :STMicroelectronics X-CUBE-ST60 1.1.0
2026-06-04 13:22:22,123 [INFO] ThirdParty:1030 - CMSIS Pack Vendor :STMicroelectronics X-CUBE-ALS 1.0.2
2026-06-04 13:22:22,123 [INFO] ThirdParty:1030 - CMSIS Pack Vendor :emotas I-CUBE-CANOPEN 1.3.0
2026-06-04 13:22:22,123 [INFO] ThirdParty:1030 - CMSIS Pack Vendor :STMicroelectronics MBEDTLS 2.14.1
2026-06-04 13:22:22,123 [INFO] ThirdParty:1030 - CMSIS Pack Vendor :ITTIA_DB I-CUBE-ITTIADB 8.9.0
2026-06-04 13:22:22,123 [INFO] ThirdParty:1030 - CMSIS Pack Vendor :Cesanta I-CUBE-Mongoose 7.21.7
2026-06-04 13:22:22,123 [INFO] ThirdParty:1030 - CMSIS Pack Vendor :STMicroelectronics X-CUBE-TOUCHGFX 4.26.1
2026-06-04 13:22:22,123 [INFO] ThirdParty:1030 - CMSIS Pack Vendor :STMicroelectronics X-CUBE-NFC6 3.2.0
2026-06-04 13:22:22,123 [INFO] ThirdParty:1030 - CMSIS Pack Vendor :STMicroelectronics FP-SNS-STBOX1 2.1.0
2026-06-04 13:22:22,123 [INFO] ThirdParty:1030 - CMSIS Pack Vendor :STMicroelectronics X-CUBE-AI 10.2.0
2026-06-04 13:22:22,123 [INFO] ThirdParty:1030 - CMSIS Pack Vendor :STMicroelectronics ThreadX 1.0.0
2026-06-04 13:22:22,123 [INFO] ThirdParty:1030 - CMSIS Pack Vendor :STMicroelectronics FP-SNS-SMARTAG2 1.2.0
2026-06-04 13:22:22,123 [INFO] ThirdParty:1030 - CMSIS Pack Vendor :STMicroelectronics X-CUBE-MEMS1 12.1.0
2026-06-04 13:22:22,123 [INFO] ThirdParty:1030 - CMSIS Pack Vendor :STMicroelectronics FP-SNS-FLIGHT1 5.1.0
2026-06-04 13:22:22,123 [INFO] ThirdParty:1030 - CMSIS Pack Vendor :STMicroelectronics X-CUBE-AZRTOS-WL 2.0.0
2026-06-04 13:22:22,123 [INFO] ThirdParty:1030 - CMSIS Pack Vendor :SEGGER I-CUBE-embOS 1.3.1
2026-06-04 13:22:22,123 [INFO] ThirdParty:1030 - CMSIS Pack Vendor :STMicroelectronics X-CUBE-DPower 1.3.0
2026-06-04 13:22:22,123 [INFO] ThirdParty:1030 - CMSIS Pack Vendor :STMicroelectronics USB_DEVICE 1.0.0
2026-06-04 13:22:22,123 [INFO] ThirdParty:1030 - CMSIS Pack Vendor :STMicroelectronics X-CUBE-AZRTOS-H7RS 1.2.0
2026-06-04 13:22:22,123 [INFO] ThirdParty:1030 - CMSIS Pack Vendor :STMicroelectronics X-CUBE-AZRTOS-L4 2.0.0
2026-06-04 13:22:22,123 [INFO] ThirdParty:1030 - CMSIS Pack Vendor :STMicroelectronics ThreadX 0.0.2
2026-06-04 13:22:22,123 [INFO] ThirdParty:1030 - CMSIS Pack Vendor :STMicroelectronics lwIP 2.1.2
2026-06-04 13:22:22,123 [INFO] ThirdParty:1030 - CMSIS Pack Vendor :STMicroelectronics X-CUBE-SFXS2LP1 4.0.0
2026-06-04 13:22:22,123 [INFO] ThirdParty:1030 - CMSIS Pack Vendor :STMicroelectronics X-CUBE-BLE2 3.3.0
2026-06-04 13:22:22,123 [INFO] ThirdParty:1030 - CMSIS Pack Vendor :Avnet-IOTCONNECT X-CUBE-iotc-st67-sdk 1.0.0
2026-06-04 13:22:22,123 [INFO] ThirdParty:1030 - CMSIS Pack Vendor :STMicroelectronics X-CUBE-TOF1 3.4.3
2026-06-04 13:22:22,123 [INFO] ThirdParty:1030 - CMSIS Pack Vendor :Infineon AIROC-Wi-Fi-Bluetooth-STM32 1.8.0
2026-06-04 13:22:22,123 [INFO] ThirdParty:1030 - CMSIS Pack Vendor :STMicroelectronics PDM2PCM 3.2.0
2026-06-04 13:22:22,123 [INFO] ThirdParty:1030 - CMSIS Pack Vendor :STMicroelectronics X-CUBE-WB05N 2.1.0
2026-06-04 13:22:22,123 [INFO] ThirdParty:841 - exiting critical section [change project]
2026-06-04 13:22:22,487 [INFO] PinOutPanel:1589 - setPackage(No Configuration,No Configuration)
2026-06-04 13:22:22,491 [INFO] PinOutPanel:1589 - setPackage(STM32G031K8Tx,LQFP32)
2026-06-04 13:22:22,889 [INFO] UtilMem:75 - Before build in PCC Used Memory: 631320224 Bytes (1073741824)
2026-06-04 13:22:24,085 [INFO] UtilMem:75 - After build in PCC Used Memory: 726285280 Bytes (1073741824)
2026-06-04 13:22:24,121 [INFO] IPUIPlugin:80 - create IPUIPlugin
2026-06-04 13:22:24,121 [INFO] IPUIPlugin:80 - create IPUIPlugin
2026-06-04 13:22:24,121 [INFO] IPUIPlugin:80 - create IPUIPlugin
2026-06-04 13:22:24,122 [INFO] IPUIPlugin:80 - create IPUIPlugin
2026-06-04 13:22:24,122 [INFO] IPUIPlugin:80 - create IPUIPlugin
2026-06-04 13:22:24,122 [INFO] IPUIPlugin:80 - create IPUIPlugin
2026-06-04 13:22:24,122 [INFO] IPUIPlugin:80 - create IPUIPlugin
2026-06-04 13:22:24,122 [INFO] IPUIPlugin:80 - create IPUIPlugin
2026-06-04 13:22:24,122 [INFO] IPUIPlugin:80 - create IPUIPlugin
2026-06-04 13:22:24,122 [INFO] IPUIPlugin:80 - create IPUIPlugin
2026-06-04 13:22:24,122 [INFO] IPUIPlugin:80 - create IPUIPlugin
2026-06-04 13:22:24,123 [INFO] IPUIPlugin:80 - create IPUIPlugin
2026-06-04 13:22:24,123 [INFO] IPUIPlugin:80 - create IPUIPlugin
2026-06-04 13:22:24,123 [INFO] IPUIPlugin:80 - create IPUIPlugin
2026-06-04 13:22:24,123 [INFO] IPUIPlugin:80 - create IPUIPlugin
2026-06-04 13:22:24,123 [INFO] IPUIPlugin:80 - create IPUIPlugin
2026-06-04 13:22:24,123 [INFO] IPUIPlugin:80 - create IPUIPlugin
2026-06-04 13:22:24,124 [INFO] IPUIPlugin:80 - create IPUIPlugin
2026-06-04 13:22:24,124 [INFO] IPUIPlugin:80 - create IPUIPlugin
2026-06-04 13:22:24,124 [INFO] IPUIPlugin:80 - create IPUIPlugin
2026-06-04 13:22:24,124 [INFO] IPUIPlugin:80 - create IPUIPlugin
2026-06-04 13:22:24,124 [INFO] IPUIPlugin:80 - create IPUIPlugin
2026-06-04 13:22:24,125 [INFO] IPUIPlugin:80 - create IPUIPlugin
2026-06-04 13:22:24,125 [INFO] IPUIPlugin:80 - create IPUIPlugin
2026-06-04 13:22:24,125 [INFO] IPUIPlugin:80 - create IPUIPlugin
2026-06-04 13:22:24,125 [INFO] IPUIPlugin:80 - create IPUIPlugin
2026-06-04 13:22:24,126 [INFO] IPUIPlugin:80 - create IPUIPlugin
2026-06-04 13:22:24,126 [INFO] IPUIPlugin:80 - create IPUIPlugin
2026-06-04 13:22:24,126 [INFO] IPUIPlugin:80 - create IPUIPlugin
2026-06-04 13:22:24,357 [INFO] CADModel:165 - CPN selected for project levelSTM32G031K8T6TR
2026-06-04 13:22:24,357 [INFO] CADModel:114 - Register for checkConnection events
2026-06-04 13:22:24,396 [INFO] OpenFileManager:386 - Restore cursor
2026-06-04 13:31:29,090 [INFO] UtilMem:75 - End SaveConfig() Used Memory: 570163992 Bytes (1073741824)
2026-06-04 13:36:12,475 [INFO] UtilMem:75 - End SaveConfig() Used Memory: 573714112 Bytes (1073741824)
2026-06-04 13:36:35,188 [INFO] UtilMem:75 - End SaveConfig() Used Memory: 580221568 Bytes (1073741824)
2026-06-04 13:37:46,470 [INFO] UtilMem:75 - End SaveConfig() Used Memory: 818276856 Bytes (1073741824)
2026-06-04 13:39:28,762 [INFO] UtilMem:75 - End SaveConfig() Used Memory: 571088136 Bytes (1073741824)
2026-06-04 13:40:03,910 [INFO] ADCParametersView:116 -                Rank 1 : false
2026-06-04 13:40:04,035 [INFO] ADCParametersView:116 -                Rank 1 : false
2026-06-04 13:40:04,035 [INFO] ADCParametersView:116 -                Rank 1 : false
2026-06-04 13:40:04,035 [INFO] ADCParametersView:116 -                Rank 1 : false
2026-06-04 13:40:04,036 [INFO] ADCParametersView:116 -                Rank 1 : false
2026-06-04 13:40:04,036 [INFO] ADCParametersView:116 -                Rank 1 : false
2026-06-04 13:40:04,036 [INFO] ADCParametersView:116 -                Rank 1 : false
2026-06-04 13:40:04,036 [INFO] ADCParametersView:116 -                Rank 1 : false
2026-06-04 13:40:04,036 [INFO] ADCParametersView:116 -                Rank 1 : false
2026-06-04 13:40:04,036 [INFO] ADCParametersView:116 -                Rank 1 : false
2026-06-04 13:40:04,036 [INFO] ADCParametersView:116 -                Rank 1 : false
2026-06-04 13:40:04,036 [INFO] ADCParametersView:116 -                Rank 1 : false
2026-06-04 13:40:04,036 [INFO] ADCParametersView:116 -                Rank 1 : false
2026-06-04 13:40:04,036 [INFO] ADCParametersView:116 -                Rank 1 : false
2026-06-04 13:40:04,036 [INFO] ADCParametersView:116 -                Rank 1 : false
2026-06-04 13:40:04,036 [INFO] ADCParametersView:116 -                Rank 1 : false
2026-06-04 13:40:04,036 [INFO] ADCParametersView:116 -                Rank 1 : false
2026-06-04 13:40:04,037 [INFO] ADCParametersView:116 -                Rank 1 : false
2026-06-04 13:40:04,037 [INFO] ADCParametersView:116 -                Rank 1 : false
2026-06-04 13:40:04,037 [INFO] ADCParametersView:116 -                Rank 1 : false
2026-06-04 13:40:04,037 [INFO] ADCParametersView:116 -                Rank 1 : false
2026-06-04 13:40:04,037 [INFO] ADCParametersView:116 -                Rank 1 : false
2026-06-04 13:40:04,037 [INFO] ADCParametersView:116 -                Rank 1 : false
2026-06-04 13:40:04,044 [INFO] ADCParametersView:116 -                Rank 1 : false
2026-06-04 13:40:04,068 [INFO] ADCParametersView:116 -                Rank 1 : false
2026-06-04 13:40:04,069 [INFO] ADCParametersView:116 -                Rank 1 : false
2026-06-04 13:40:04,069 [INFO] ADCParametersView:116 -                Rank 1 : false
2026-06-04 13:40:04,069 [INFO] ADCParametersView:116 -                Rank 1 : false
2026-06-04 13:40:04,069 [INFO] ADCParametersView:116 -                Rank 1 : false
2026-06-04 13:40:04,069 [INFO] ADCParametersView:116 -                Rank 1 : false
2026-06-04 13:40:04,070 [INFO] ADCParametersView:116 -                Rank 1 : false
2026-06-04 13:40:04,070 [INFO] ADCParametersView:116 -                Rank 1 : false
2026-06-04 13:40:04,070 [INFO] ADCParametersView:116 -                Rank 1 : false
2026-06-04 13:40:04,070 [INFO] ADCParametersView:116 -                Rank 1 : false
2026-06-04 13:40:04,070 [INFO] ADCParametersView:116 -                Rank 1 : false
2026-06-04 13:40:04,070 [INFO] ADCParametersView:116 -                Rank 1 : false
2026-06-04 13:40:04,070 [INFO] ADCParametersView:116 -                Rank 1 : false
2026-06-04 13:40:04,070 [INFO] ADCParametersView:116 -                Rank 1 : false
2026-06-04 13:40:04,070 [INFO] ADCParametersView:116 -                Rank 1 : false
2026-06-04 13:40:04,070 [INFO] ADCParametersView:116 -                Rank 1 : false
2026-06-04 13:40:04,070 [INFO] ADCParametersView:116 -                Rank 1 : false
2026-06-04 13:40:04,072 [INFO] ADCParametersView:116 -                Rank 1 : false
2026-06-04 13:40:04,072 [INFO] ADCParametersView:116 -                Rank 1 : false
2026-06-04 13:40:04,072 [INFO] ADCParametersView:116 -                Rank 1 : false
2026-06-04 13:40:04,072 [INFO] ADCParametersView:116 -                Rank 1 : false
2026-06-04 13:40:04,072 [INFO] ADCParametersView:116 -                Rank 1 : false
2026-06-04 13:40:04,079 [INFO] ADCParametersView:116 -                Rank 1 : false
2026-06-04 13:40:04,102 [INFO] ADCParametersView:116 -                Rank 1 : false
2026-06-04 13:40:04,102 [INFO] ADCParametersView:116 -                Rank 1 : false
2026-06-04 13:40:04,102 [INFO] ADCParametersView:116 -                Rank 1 : false
2026-06-04 13:40:04,102 [INFO] ADCParametersView:116 -                Rank 1 : false
2026-06-04 13:40:04,102 [INFO] ADCParametersView:116 -                Rank 1 : false
2026-06-04 13:40:04,104 [INFO] ADCParametersView:116 -                Rank 1 : false
2026-06-04 13:40:04,104 [INFO] ADCParametersView:116 -                Rank 1 : false
2026-06-04 13:40:04,104 [INFO] ADCParametersView:116 -                Rank 1 : false
2026-06-04 13:40:04,104 [INFO] ADCParametersView:116 -                Rank 1 : false
2026-06-04 13:40:04,104 [INFO] ADCParametersView:116 -                Rank 1 : false
2026-06-04 13:40:04,104 [INFO] ADCParametersView:116 -                Rank 1 : false
2026-06-04 13:40:04,104 [INFO] ADCParametersView:116 -                Rank 1 : false
2026-06-04 13:40:04,105 [INFO] ADCParametersView:116 -                Rank 1 : false
2026-06-04 13:40:04,105 [INFO] ADCParametersView:116 -                Rank 1 : false
2026-06-04 13:40:04,105 [INFO] ADCParametersView:116 -                Rank 1 : false
2026-06-04 13:40:04,105 [INFO] ADCParametersView:116 -                Rank 1 : false
2026-06-04 13:40:04,105 [INFO] ADCParametersView:116 -                Rank 1 : false
2026-06-04 13:40:04,105 [INFO] ADCParametersView:116 -                Rank 1 : false
2026-06-04 13:40:04,105 [INFO] ADCParametersView:116 -                Rank 1 : false
2026-06-04 13:40:04,105 [INFO] ADCParametersView:116 -                Rank 1 : false
2026-06-04 13:40:04,105 [INFO] ADCParametersView:116 -                Rank 1 : false
2026-06-04 13:40:04,105 [INFO] ADCParametersView:116 -                Rank 1 : false
2026-06-04 13:40:04,153 [INFO] NvicIntPanel:101 - NVIC parent = com.st.microxplorer.plugins.ip.nvic.MultiNvicIntPanel[,0,0,0x0,invalid,layout=javax.swing.BoxLayout,alignmentX=0.0,alignmentY=0.0,border=,flags=9,maximumSize=,minimumSize=,preferredSize=]
2026-06-04 13:40:04,182 [INFO] ADCParametersView:116 -                Rank 1 : false
2026-06-04 13:41:09,520 [INFO] NvicIntPanel:101 - NVIC parent = com.st.microxplorer.plugins.ip.nvic.MultiNvicIntPanel[,0,0,0x0,invalid,layout=javax.swing.BoxLayout,alignmentX=0.0,alignmentY=0.0,border=,flags=9,maximumSize=,minimumSize=,preferredSize=]
2026-06-04 13:41:09,541 [INFO] ADCParametersView:116 -                Rank 1 : false
2026-06-04 13:41:09,542 [INFO] ADCParametersView:116 -                Rank 1 : false
2026-06-04 13:41:09,542 [INFO] ADCParametersView:116 -                Rank 1 : false
2026-06-04 13:41:09,542 [INFO] ADCParametersView:116 -                Rank 1 : false
2026-06-04 13:41:09,543 [INFO] ADCParametersView:116 -                Rank 1 : false
2026-06-04 13:41:09,543 [INFO] ADCParametersView:116 -                Rank 1 : false
2026-06-04 13:41:09,543 [INFO] ADCParametersView:116 -                Rank 1 : false
2026-06-04 13:41:09,543 [INFO] ADCParametersView:116 -                Rank 1 : false
2026-06-04 13:41:09,543 [INFO] ADCParametersView:116 -                Rank 1 : false
2026-06-04 13:41:09,543 [INFO] ADCParametersView:116 -                Rank 1 : false
2026-06-04 13:41:09,543 [INFO] ADCParametersView:116 -                Rank 1 : false
2026-06-04 13:41:09,543 [INFO] ADCParametersView:116 -                Rank 1 : false
2026-06-04 13:41:09,543 [INFO] ADCParametersView:116 -                Rank 1 : false
2026-06-04 13:41:09,543 [INFO] ADCParametersView:116 -                Rank 1 : false
2026-06-04 13:41:09,543 [INFO] ADCParametersView:116 -                Rank 1 : false
2026-06-04 13:41:09,543 [INFO] ADCParametersView:116 -                Rank 1 : false
2026-06-04 13:41:09,543 [INFO] ADCParametersView:116 -                Rank 1 : false
2026-06-04 13:41:09,543 [INFO] ADCParametersView:116 -                Rank 1 : false
2026-06-04 13:41:09,543 [INFO] ADCParametersView:116 -                Rank 1 : false
2026-06-04 13:41:09,543 [INFO] ADCParametersView:116 -                Rank 1 : false
2026-06-04 13:41:09,543 [INFO] ADCParametersView:116 -                Rank 1 : false
2026-06-04 13:41:09,543 [INFO] ADCParametersView:116 -                Rank 1 : false
2026-06-04 13:41:09,596 [INFO] NvicIntPanel:101 - NVIC parent = com.st.microxplorer.plugins.ip.nvic.MultiNvicIntPanel[,0,0,0x0,invalid,layout=javax.swing.BoxLayout,alignmentX=0.0,alignmentY=0.0,border=,flags=9,maximumSize=,minimumSize=,preferredSize=]
2026-06-04 13:41:09,619 [INFO] ADCParametersView:116 -                Rank 1 : false
2026-06-04 13:41:11,025 [INFO] NvicIntPanel:101 - NVIC parent = com.st.microxplorer.plugins.ip.nvic.MultiNvicIntPanel[,0,0,0x0,invalid,layout=javax.swing.BoxLayout,alignmentX=0.0,alignmentY=0.0,border=,flags=9,maximumSize=,minimumSize=,preferredSize=]
2026-06-04 13:41:11,049 [INFO] ADCParametersView:116 -                Rank 1 : false
2026-06-04 13:41:11,051 [INFO] ADCParametersView:116 -                Rank 1 : false
2026-06-04 13:41:11,051 [INFO] ADCParametersView:116 -                Rank 1 : false
2026-06-04 13:41:11,051 [INFO] ADCParametersView:116 -                Rank 1 : false
2026-06-04 13:41:11,051 [INFO] ADCParametersView:116 -                Rank 1 : false
2026-06-04 13:41:11,051 [INFO] ADCParametersView:116 -                Rank 1 : false
2026-06-04 13:41:11,051 [INFO] ADCParametersView:116 -                Rank 1 : false
2026-06-04 13:41:11,051 [INFO] ADCParametersView:116 -                Rank 1 : false
2026-06-04 13:41:11,051 [INFO] ADCParametersView:116 -                Rank 1 : false
2026-06-04 13:41:11,051 [INFO] ADCParametersView:116 -                Rank 1 : false
2026-06-04 13:41:11,051 [INFO] ADCParametersView:116 -                Rank 1 : false
2026-06-04 13:41:11,051 [INFO] ADCParametersView:116 -                Rank 1 : false
2026-06-04 13:41:11,051 [INFO] ADCParametersView:116 -                Rank 1 : false
2026-06-04 13:41:11,051 [INFO] ADCParametersView:116 -                Rank 1 : false
2026-06-04 13:41:11,051 [INFO] ADCParametersView:116 -                Rank 1 : false
2026-06-04 13:41:11,051 [INFO] ADCParametersView:116 -                Rank 1 : false
2026-06-04 13:41:11,051 [INFO] ADCParametersView:116 -                Rank 1 : false
2026-06-04 13:41:11,051 [INFO] ADCParametersView:116 -                Rank 1 : false
2026-06-04 13:41:11,051 [INFO] ADCParametersView:116 -                Rank 1 : false
2026-06-04 13:41:11,051 [INFO] ADCParametersView:116 -                Rank 1 : false
2026-06-04 13:41:11,051 [INFO] ADCParametersView:116 -                Rank 1 : false
2026-06-04 13:41:11,051 [INFO] ADCParametersView:116 -                Rank 1 : false
2026-06-04 13:41:11,089 [INFO] NvicIntPanel:101 - NVIC parent = com.st.microxplorer.plugins.ip.nvic.MultiNvicIntPanel[,0,0,0x0,invalid,layout=javax.swing.BoxLayout,alignmentX=0.0,alignmentY=0.0,border=,flags=9,maximumSize=,minimumSize=,preferredSize=]
2026-06-04 13:41:11,110 [INFO] ADCParametersView:116 -                Rank 1 : false
2026-06-04 13:42:43,385 [INFO] SpinnerEditorADC:65 - is string kkkk
2026-06-04 13:42:45,684 [INFO] NvicIntPanel:101 - NVIC parent = com.st.microxplorer.plugins.ip.nvic.MultiNvicIntPanel[,0,0,0x0,invalid,layout=javax.swing.BoxLayout,alignmentX=0.0,alignmentY=0.0,border=,flags=9,maximumSize=,minimumSize=,preferredSize=]
2026-06-04 13:42:45,740 [INFO] NvicIntPanel:101 - NVIC parent = com.st.microxplorer.plugins.ip.nvic.MultiNvicIntPanel[,0,0,0x0,invalid,layout=javax.swing.BoxLayout,alignmentX=0.0,alignmentY=0.0,border=,flags=9,maximumSize=,minimumSize=,preferredSize=]
2026-06-04 13:42:45,807 [INFO] NvicIntPanel:101 - NVIC parent = com.st.microxplorer.plugins.ip.nvic.MultiNvicIntPanel[,0,0,0x0,invalid,layout=javax.swing.BoxLayout,alignmentX=0.0,alignmentY=0.0,border=,flags=9,maximumSize=,minimumSize=,preferredSize=]
2026-06-04 13:42:45,874 [INFO] NvicIntPanel:101 - NVIC parent = com.st.microxplorer.plugins.ip.nvic.MultiNvicIntPanel[,0,0,0x0,invalid,layout=javax.swing.BoxLayout,alignmentX=0.0,alignmentY=0.0,border=,flags=9,maximumSize=,minimumSize=,preferredSize=]
2026-06-04 13:42:45,933 [INFO] NvicIntPanel:101 - NVIC parent = com.st.microxplorer.plugins.ip.nvic.MultiNvicIntPanel[,0,0,0x0,invalid,layout=javax.swing.BoxLayout,alignmentX=0.0,alignmentY=0.0,border=,flags=9,maximumSize=,minimumSize=,preferredSize=]
2026-06-04 13:42:45,993 [INFO] NvicIntPanel:101 - NVIC parent = com.st.microxplorer.plugins.ip.nvic.MultiNvicIntPanel[,0,0,0x0,invalid,layout=javax.swing.BoxLayout,alignmentX=0.0,alignmentY=0.0,border=,flags=9,maximumSize=,minimumSize=,preferredSize=]
2026-06-04 13:42:46,052 [INFO] NvicIntPanel:101 - NVIC parent = com.st.microxplorer.plugins.ip.nvic.MultiNvicIntPanel[,0,0,0x0,invalid,layout=javax.swing.BoxLayout,alignmentX=0.0,alignmentY=0.0,border=,flags=9,maximumSize=,minimumSize=,preferredSize=]
2026-06-04 13:42:46,108 [INFO] NvicIntPanel:101 - NVIC parent = com.st.microxplorer.plugins.ip.nvic.MultiNvicIntPanel[,0,0,0x0,invalid,layout=javax.swing.BoxLayout,alignmentX=0.0,alignmentY=0.0,border=,flags=9,maximumSize=,minimumSize=,preferredSize=]
2026-06-04 13:42:46,178 [INFO] NvicIntPanel:101 - NVIC parent = com.st.microxplorer.plugins.ip.nvic.MultiNvicIntPanel[,0,0,0x0,invalid,layout=javax.swing.BoxLayout,alignmentX=0.0,alignmentY=0.0,border=,flags=9,maximumSize=,minimumSize=,preferredSize=]
2026-06-04 13:42:46,260 [INFO] NvicIntPanel:101 - NVIC parent = com.st.microxplorer.plugins.ip.nvic.MultiNvicIntPanel[,0,0,0x0,invalid,layout=javax.swing.BoxLayout,alignmentX=0.0,alignmentY=0.0,border=,flags=9,maximumSize=,minimumSize=,preferredSize=]
2026-06-04 13:42:46,285 [INFO] ADCParametersView:116 -                Rank 1 : false
2026-06-04 13:42:46,288 [INFO] ADCParametersView:116 -                Rank 1 : false
2026-06-04 13:42:46,289 [INFO] ADCParametersView:116 -                Rank 1 : false
2026-06-04 13:42:46,289 [INFO] ADCParametersView:116 -                Rank 1 : false
2026-06-04 13:42:46,289 [INFO] ADCParametersView:116 -                Rank 1 : false
2026-06-04 13:42:46,289 [INFO] ADCParametersView:116 -                Rank 1 : false
2026-06-04 13:42:46,290 [INFO] ADCParametersView:116 -                Rank 1 : false
2026-06-04 13:42:46,290 [INFO] ADCParametersView:116 -                Rank 1 : false
2026-06-04 13:42:46,290 [INFO] ADCParametersView:116 -                Rank 1 : false
2026-06-04 13:42:46,290 [INFO] ADCParametersView:116 -                Rank 1 : false
2026-06-04 13:42:46,290 [INFO] ADCParametersView:116 -                Rank 1 : false
2026-06-04 13:42:46,290 [INFO] ADCParametersView:116 -                Rank 1 : false
2026-06-04 13:42:46,290 [INFO] ADCParametersView:116 -                Rank 1 : false
2026-06-04 13:42:46,290 [INFO] ADCParametersView:116 -                Rank 1 : false
2026-06-04 13:42:46,290 [INFO] ADCParametersView:116 -                Rank 1 : false
2026-06-04 13:42:46,290 [INFO] ADCParametersView:116 -                Rank 1 : false
2026-06-04 13:42:46,290 [INFO] ADCParametersView:116 -                Rank 1 : false
2026-06-04 13:42:46,290 [INFO] ADCParametersView:116 -                Rank 1 : false
2026-06-04 13:42:46,290 [INFO] ADCParametersView:116 -                Rank 1 : false
2026-06-04 13:42:46,290 [INFO] ADCParametersView:116 -                Rank 1 : false
2026-06-04 13:42:46,290 [INFO] ADCParametersView:116 -                Rank 1 : false
2026-06-04 13:42:46,290 [INFO] ADCParametersView:116 -                Rank 1 : false
2026-06-04 13:42:46,365 [INFO] NvicIntPanel:101 - NVIC parent = com.st.microxplorer.plugins.ip.nvic.MultiNvicIntPanel[,0,0,0x0,invalid,layout=javax.swing.BoxLayout,alignmentX=0.0,alignmentY=0.0,border=,flags=9,maximumSize=,minimumSize=,preferredSize=]
2026-06-04 13:42:46,425 [INFO] NvicIntPanel:101 - NVIC parent = com.st.microxplorer.plugins.ip.nvic.MultiNvicIntPanel[,0,0,0x0,invalid,layout=javax.swing.BoxLayout,alignmentX=0.0,alignmentY=0.0,border=,flags=9,maximumSize=,minimumSize=,preferredSize=]
2026-06-04 13:42:46,481 [INFO] NvicIntPanel:101 - NVIC parent = com.st.microxplorer.plugins.ip.nvic.MultiNvicIntPanel[,0,0,0x0,invalid,layout=javax.swing.BoxLayout,alignmentX=0.0,alignmentY=0.0,border=,flags=9,maximumSize=,minimumSize=,preferredSize=]
2026-06-04 13:42:46,540 [INFO] NvicIntPanel:101 - NVIC parent = com.st.microxplorer.plugins.ip.nvic.MultiNvicIntPanel[,0,0,0x0,invalid,layout=javax.swing.BoxLayout,alignmentX=0.0,alignmentY=0.0,border=,flags=9,maximumSize=,minimumSize=,preferredSize=]
2026-06-04 13:42:46,560 [INFO] ADCParametersView:116 -                Rank 1 : false
2026-06-04 13:42:46,560 [INFO] ADCParametersView:116 -                Rank 1 : false
2026-06-04 13:42:46,560 [INFO] ADCParametersView:116 -        *      Rank 2 : false
2026-06-04 13:42:46,561 [INFO] ADCParametersView:116 -                Rank 1 : false
2026-06-04 13:42:46,561 [INFO] ADCParametersView:116 -        *      Rank 2 : false
2026-06-04 13:42:46,561 [INFO] ADCParametersView:116 -        *      Rank 3 : false
2026-06-04 13:42:46,561 [INFO] ADCParametersView:116 -                Rank 1 : false
2026-06-04 13:42:46,561 [INFO] ADCParametersView:116 -        *      Rank 2 : false
2026-06-04 13:42:46,561 [INFO] ADCParametersView:116 -        *      Rank 3 : false
2026-06-04 13:42:46,561 [INFO] ADCParametersView:116 -        *      Rank 4 : false
2026-06-04 13:42:46,564 [INFO] SpinnerEditorADC:65 - is string kkkk
2026-06-04 13:42:46,653 [INFO] ADCParametersView:116 -                Rank 1 : false
2026-06-04 13:42:46,653 [INFO] ADCParametersView:116 -        *      Rank 2 : false
2026-06-04 13:42:46,653 [INFO] ADCParametersView:116 -        *      Rank 3 : false
2026-06-04 13:42:46,653 [INFO] ADCParametersView:116 -        *      Rank 4 : false
2026-06-04 13:42:46,656 [INFO] ADCParametersView:116 -                Rank 1 : false
2026-06-04 13:42:46,656 [INFO] ADCParametersView:116 -        *      Rank 2 : false
2026-06-04 13:42:46,656 [INFO] ADCParametersView:116 -        *      Rank 3 : false
2026-06-04 13:42:46,656 [INFO] ADCParametersView:116 -        *      Rank 4 : false
2026-06-04 13:42:46,656 [INFO] ADCParametersView:116 -                Rank 1 : false
2026-06-04 13:42:46,656 [INFO] ADCParametersView:116 -        *      Rank 2 : false
2026-06-04 13:42:46,656 [INFO] ADCParametersView:116 -        *      Rank 3 : false
2026-06-04 13:42:46,656 [INFO] ADCParametersView:116 -        *      Rank 4 : false
2026-06-04 13:42:46,656 [INFO] ADCParametersView:116 -                Rank 1 : false
2026-06-04 13:42:46,656 [INFO] ADCParametersView:116 -        *      Rank 2 : false
2026-06-04 13:42:46,656 [INFO] ADCParametersView:116 -        *      Rank 3 : false
2026-06-04 13:42:46,656 [INFO] ADCParametersView:116 -        *      Rank 4 : false
2026-06-04 13:42:46,656 [INFO] ADCParametersView:116 -                Rank 1 : false
2026-06-04 13:42:46,656 [INFO] ADCParametersView:116 -        *      Rank 2 : false
2026-06-04 13:42:46,656 [INFO] ADCParametersView:116 -        *      Rank 3 : false
2026-06-04 13:42:46,656 [INFO] ADCParametersView:116 -        *      Rank 4 : false
2026-06-04 13:42:46,656 [INFO] ADCParametersView:116 -                Rank 1 : false
2026-06-04 13:42:46,656 [INFO] ADCParametersView:116 -        *      Rank 2 : false
2026-06-04 13:42:46,656 [INFO] ADCParametersView:116 -        *      Rank 3 : false
2026-06-04 13:42:46,656 [INFO] ADCParametersView:116 -        *      Rank 4 : false
2026-06-04 13:42:46,656 [INFO] ADCParametersView:116 -                Rank 1 : false
2026-06-04 13:42:46,656 [INFO] ADCParametersView:116 -        *      Rank 2 : false
2026-06-04 13:42:46,656 [INFO] ADCParametersView:116 -        *      Rank 3 : false
2026-06-04 13:42:46,656 [INFO] ADCParametersView:116 -        *      Rank 4 : false
2026-06-04 13:42:46,656 [INFO] ADCParametersView:116 -                Rank 1 : false
2026-06-04 13:42:46,656 [INFO] ADCParametersView:116 -        *      Rank 2 : false
2026-06-04 13:42:46,656 [INFO] ADCParametersView:116 -        *      Rank 3 : false
2026-06-04 13:42:46,656 [INFO] ADCParametersView:116 -        *      Rank 4 : false
2026-06-04 13:42:46,656 [INFO] ADCParametersView:116 -                Rank 1 : false
2026-06-04 13:42:46,656 [INFO] ADCParametersView:116 -        *      Rank 2 : false
2026-06-04 13:42:46,656 [INFO] ADCParametersView:116 -        *      Rank 3 : false
2026-06-04 13:42:46,656 [INFO] ADCParametersView:116 -        *      Rank 4 : false
2026-06-04 13:42:46,656 [INFO] ADCParametersView:116 -                Rank 1 : false
2026-06-04 13:42:46,656 [INFO] ADCParametersView:116 -        *      Rank 2 : false
2026-06-04 13:42:46,656 [INFO] ADCParametersView:116 -        *      Rank 3 : false
2026-06-04 13:42:46,657 [INFO] ADCParametersView:116 -        *      Rank 4 : false
2026-06-04 13:42:46,657 [INFO] ADCParametersView:116 -                Rank 1 : false
2026-06-04 13:42:46,657 [INFO] ADCParametersView:116 -        *      Rank 2 : false
2026-06-04 13:42:46,657 [INFO] ADCParametersView:116 -        *      Rank 3 : false
2026-06-04 13:42:46,657 [INFO] ADCParametersView:116 -        *      Rank 4 : false
2026-06-04 13:42:46,657 [INFO] ADCParametersView:116 -                Rank 1 : false
2026-06-04 13:42:46,657 [INFO] ADCParametersView:116 -        *      Rank 2 : false
2026-06-04 13:42:46,657 [INFO] ADCParametersView:116 -        *      Rank 3 : false
2026-06-04 13:42:46,657 [INFO] ADCParametersView:116 -        *      Rank 4 : false
2026-06-04 13:42:46,657 [INFO] ADCParametersView:116 -                Rank 1 : false
2026-06-04 13:42:46,657 [INFO] ADCParametersView:116 -        *      Rank 2 : false
2026-06-04 13:42:46,657 [INFO] ADCParametersView:116 -        *      Rank 3 : false
2026-06-04 13:42:46,657 [INFO] ADCParametersView:116 -        *      Rank 4 : false
2026-06-04 13:42:46,657 [INFO] ADCParametersView:116 -                Rank 1 : false
2026-06-04 13:42:46,657 [INFO] ADCParametersView:116 -        *      Rank 2 : false
2026-06-04 13:42:46,657 [INFO] ADCParametersView:116 -        *      Rank 3 : false
2026-06-04 13:42:46,657 [INFO] ADCParametersView:116 -        *      Rank 4 : false
2026-06-04 13:42:46,657 [INFO] ADCParametersView:116 -                Rank 1 : false
2026-06-04 13:42:46,657 [INFO] ADCParametersView:116 -        *      Rank 2 : false
2026-06-04 13:42:46,657 [INFO] ADCParametersView:116 -        *      Rank 3 : false
2026-06-04 13:42:46,657 [INFO] ADCParametersView:116 -        *      Rank 4 : false
2026-06-04 13:42:46,657 [INFO] ADCParametersView:116 -                Rank 1 : false
2026-06-04 13:42:46,657 [INFO] ADCParametersView:116 -        *      Rank 2 : false
2026-06-04 13:42:46,657 [INFO] ADCParametersView:116 -        *      Rank 3 : false
2026-06-04 13:42:46,657 [INFO] ADCParametersView:116 -        *      Rank 4 : false
2026-06-04 13:42:46,657 [INFO] ADCParametersView:116 -                Rank 1 : false
2026-06-04 13:42:46,657 [INFO] ADCParametersView:116 -        *      Rank 2 : false
2026-06-04 13:42:46,657 [INFO] ADCParametersView:116 -        *      Rank 3 : false
2026-06-04 13:42:46,657 [INFO] ADCParametersView:116 -        *      Rank 4 : false
2026-06-04 13:42:46,657 [INFO] ADCParametersView:116 -                Rank 1 : false
2026-06-04 13:42:46,657 [INFO] ADCParametersView:116 -        *      Rank 2 : false
2026-06-04 13:42:46,657 [INFO] ADCParametersView:116 -        *      Rank 3 : false
2026-06-04 13:42:46,657 [INFO] ADCParametersView:116 -        *      Rank 4 : false
2026-06-04 13:42:46,657 [INFO] ADCParametersView:116 -                Rank 1 : false
2026-06-04 13:42:46,657 [INFO] ADCParametersView:116 -        *      Rank 2 : false
2026-06-04 13:42:46,657 [INFO] ADCParametersView:116 -        *      Rank 3 : false
2026-06-04 13:42:46,657 [INFO] ADCParametersView:116 -        *      Rank 4 : false
2026-06-04 13:42:46,657 [INFO] ADCParametersView:116 -                Rank 1 : false
2026-06-04 13:42:46,657 [INFO] ADCParametersView:116 -        *      Rank 2 : false
2026-06-04 13:42:46,657 [INFO] ADCParametersView:116 -        *      Rank 3 : false
2026-06-04 13:42:46,657 [INFO] ADCParametersView:116 -        *      Rank 4 : false
2026-06-04 13:42:46,657 [INFO] ADCParametersView:116 -                Rank 1 : false
2026-06-04 13:42:46,657 [INFO] ADCParametersView:116 -        *      Rank 2 : false
2026-06-04 13:42:46,657 [INFO] ADCParametersView:116 -        *      Rank 3 : false
2026-06-04 13:42:46,657 [INFO] ADCParametersView:116 -        *      Rank 4 : false
2026-06-04 13:42:46,658 [INFO] ADCParametersView:116 -                Rank 1 : false
2026-06-04 13:42:46,658 [INFO] ADCParametersView:116 -        *      Rank 2 : false
2026-06-04 13:42:46,658 [INFO] ADCParametersView:116 -        *      Rank 3 : false
2026-06-04 13:42:46,658 [INFO] ADCParametersView:116 -        *      Rank 4 : false
2026-06-04 13:42:46,658 [INFO] ADCParametersView:116 -        *      Rank 2 : false
2026-06-04 13:42:46,658 [INFO] ADCParametersView:116 -        *      Rank 3 : false
2026-06-04 13:42:46,658 [INFO] ADCParametersView:116 -        *      Rank 4 : false
2026-06-04 13:42:46,658 [INFO] ADCParametersView:116 -        *      Rank 3 : false
2026-06-04 13:42:46,658 [INFO] ADCParametersView:116 -        *      Rank 4 : false
2026-06-04 13:42:46,658 [INFO] ADCParametersView:116 -        *      Rank 4 : false
2026-06-04 13:42:46,720 [INFO] NvicIntPanel:101 - NVIC parent = com.st.microxplorer.plugins.ip.nvic.MultiNvicIntPanel[,0,0,0x0,invalid,layout=javax.swing.BoxLayout,alignmentX=0.0,alignmentY=0.0,border=,flags=9,maximumSize=,minimumSize=,preferredSize=]
2026-06-04 13:42:46,806 [INFO] NvicIntPanel:101 - NVIC parent = com.st.microxplorer.plugins.ip.nvic.MultiNvicIntPanel[,0,0,0x0,invalid,layout=javax.swing.BoxLayout,alignmentX=0.0,alignmentY=0.0,border=,flags=9,maximumSize=,minimumSize=,preferredSize=]
2026-06-04 13:42:46,869 [INFO] NvicIntPanel:101 - NVIC parent = com.st.microxplorer.plugins.ip.nvic.MultiNvicIntPanel[,0,0,0x0,invalid,layout=javax.swing.BoxLayout,alignmentX=0.0,alignmentY=0.0,border=,flags=9,maximumSize=,minimumSize=,preferredSize=]
2026-06-04 13:42:46,927 [INFO] NvicIntPanel:101 - NVIC parent = com.st.microxplorer.plugins.ip.nvic.MultiNvicIntPanel[,0,0,0x0,invalid,layout=javax.swing.BoxLayout,alignmentX=0.0,alignmentY=0.0,border=,flags=9,maximumSize=,minimumSize=,preferredSize=]
2026-06-04 13:42:46,947 [INFO] ADCParametersView:116 -                Rank 1 : false
2026-06-04 13:42:46,947 [INFO] ADCParametersView:116 -                Rank 1 : false
2026-06-04 13:42:46,948 [INFO] ADCParametersView:116 -                Rank 2 : false
2026-06-04 13:42:46,948 [INFO] ADCParametersView:116 -                Rank 1 : false
2026-06-04 13:42:46,948 [INFO] ADCParametersView:116 -                Rank 2 : false
2026-06-04 13:42:46,948 [INFO] ADCParametersView:116 -                Rank 3 : false
2026-06-04 13:42:46,948 [INFO] ADCParametersView:116 -                Rank 1 : false
2026-06-04 13:42:46,948 [INFO] ADCParametersView:116 -                Rank 2 : false
2026-06-04 13:42:46,948 [INFO] ADCParametersView:116 -                Rank 3 : false
2026-06-04 13:42:46,948 [INFO] ADCParametersView:116 -                Rank 4 : false
2026-06-04 13:42:48,626 [INFO] ADCParametersView:116 -                Rank 1 : true
2026-06-04 13:42:48,626 [INFO] ADCParametersView:116 -                Rank 2 : false
2026-06-04 13:42:48,626 [INFO] ADCParametersView:116 -                Rank 3 : false
2026-06-04 13:42:48,626 [INFO] ADCParametersView:116 -                Rank 4 : false
2026-06-04 13:42:50,614 [INFO] ADCParametersView:116 -                Rank 1 : false
2026-06-04 13:42:50,614 [INFO] ADCParametersView:116 -                Rank 2 : false
2026-06-04 13:42:50,615 [INFO] ADCParametersView:116 -                Rank 3 : false
2026-06-04 13:42:50,615 [INFO] ADCParametersView:116 -                Rank 4 : false
2026-06-04 13:44:20,845 [INFO] NvicIntPanel:101 - NVIC parent = com.st.microxplorer.plugins.ip.nvic.MultiNvicIntPanel[,0,0,0x0,invalid,layout=javax.swing.BoxLayout,alignmentX=0.0,alignmentY=0.0,border=,flags=9,maximumSize=,minimumSize=,preferredSize=]
2026-06-04 13:44:20,905 [INFO] NvicIntPanel:101 - NVIC parent = com.st.microxplorer.plugins.ip.nvic.MultiNvicIntPanel[,0,0,0x0,invalid,layout=javax.swing.BoxLayout,alignmentX=0.0,alignmentY=0.0,border=,flags=9,maximumSize=,minimumSize=,preferredSize=]
2026-06-04 13:44:20,966 [INFO] NvicIntPanel:101 - NVIC parent = com.st.microxplorer.plugins.ip.nvic.MultiNvicIntPanel[,0,0,0x0,invalid,layout=javax.swing.BoxLayout,alignmentX=0.0,alignmentY=0.0,border=,flags=9,maximumSize=,minimumSize=,preferredSize=]
2026-06-04 13:44:21,023 [INFO] NvicIntPanel:101 - NVIC parent = com.st.microxplorer.plugins.ip.nvic.MultiNvicIntPanel[,0,0,0x0,invalid,layout=javax.swing.BoxLayout,alignmentX=0.0,alignmentY=0.0,border=,flags=9,maximumSize=,minimumSize=,preferredSize=]
2026-06-04 13:44:21,170 [INFO] NvicIntPanel:101 - NVIC parent = com.st.microxplorer.plugins.ip.nvic.MultiNvicIntPanel[,0,0,0x0,invalid,layout=javax.swing.BoxLayout,alignmentX=0.0,alignmentY=0.0,border=,flags=9,maximumSize=,minimumSize=,preferredSize=]
2026-06-04 13:44:21,305 [INFO] NvicIntPanel:101 - NVIC parent = com.st.microxplorer.plugins.ip.nvic.MultiNvicIntPanel[,0,0,0x0,invalid,layout=javax.swing.BoxLayout,alignmentX=0.0,alignmentY=0.0,border=,flags=9,maximumSize=,minimumSize=,preferredSize=]
2026-06-04 13:44:21,391 [INFO] NvicIntPanel:101 - NVIC parent = com.st.microxplorer.plugins.ip.nvic.MultiNvicIntPanel[,0,0,0x0,invalid,layout=javax.swing.BoxLayout,alignmentX=0.0,alignmentY=0.0,border=,flags=9,maximumSize=,minimumSize=,preferredSize=]
2026-06-04 13:44:21,451 [INFO] NvicIntPanel:101 - NVIC parent = com.st.microxplorer.plugins.ip.nvic.MultiNvicIntPanel[,0,0,0x0,invalid,layout=javax.swing.BoxLayout,alignmentX=0.0,alignmentY=0.0,border=,flags=9,maximumSize=,minimumSize=,preferredSize=]
2026-06-04 13:44:21,527 [INFO] NvicIntPanel:101 - NVIC parent = com.st.microxplorer.plugins.ip.nvic.MultiNvicIntPanel[,0,0,0x0,invalid,layout=javax.swing.BoxLayout,alignmentX=0.0,alignmentY=0.0,border=,flags=9,maximumSize=,minimumSize=,preferredSize=]
2026-06-04 13:44:21,582 [INFO] NvicIntPanel:101 - NVIC parent = com.st.microxplorer.plugins.ip.nvic.MultiNvicIntPanel[,0,0,0x0,invalid,layout=javax.swing.BoxLayout,alignmentX=0.0,alignmentY=0.0,border=,flags=9,maximumSize=,minimumSize=,preferredSize=]
2026-06-04 13:44:21,641 [INFO] NvicIntPanel:101 - NVIC parent = com.st.microxplorer.plugins.ip.nvic.MultiNvicIntPanel[,0,0,0x0,invalid,layout=javax.swing.BoxLayout,alignmentX=0.0,alignmentY=0.0,border=,flags=9,maximumSize=,minimumSize=,preferredSize=]
2026-06-04 13:44:21,695 [INFO] NvicIntPanel:101 - NVIC parent = com.st.microxplorer.plugins.ip.nvic.MultiNvicIntPanel[,0,0,0x0,invalid,layout=javax.swing.BoxLayout,alignmentX=0.0,alignmentY=0.0,border=,flags=9,maximumSize=,minimumSize=,preferredSize=]
2026-06-04 13:44:21,725 [INFO] ADCParametersView:116 -                Rank 1 : false
2026-06-04 13:44:21,725 [INFO] ADCParametersView:116 -                Rank 2 : false
2026-06-04 13:44:21,725 [INFO] ADCParametersView:116 -                Rank 3 : false
2026-06-04 13:44:21,725 [INFO] ADCParametersView:116 -                Rank 4 : false
2026-06-04 13:44:21,727 [INFO] ADCParametersView:116 -                Rank 1 : false
2026-06-04 13:44:21,727 [INFO] ADCParametersView:116 -                Rank 2 : false
2026-06-04 13:44:21,727 [INFO] ADCParametersView:116 -                Rank 3 : false
2026-06-04 13:44:21,727 [INFO] ADCParametersView:116 -                Rank 4 : false
2026-06-04 13:44:21,727 [INFO] ADCParametersView:116 -                Rank 1 : false
2026-06-04 13:44:21,727 [INFO] ADCParametersView:116 -                Rank 2 : false
2026-06-04 13:44:21,727 [INFO] ADCParametersView:116 -                Rank 3 : false
2026-06-04 13:44:21,727 [INFO] ADCParametersView:116 -                Rank 4 : false
2026-06-04 13:44:21,727 [INFO] ADCParametersView:116 -                Rank 1 : false
2026-06-04 13:44:21,728 [INFO] ADCParametersView:116 -                Rank 2 : false
2026-06-04 13:44:21,728 [INFO] ADCParametersView:116 -                Rank 3 : false
2026-06-04 13:44:21,728 [INFO] ADCParametersView:116 -                Rank 4 : false
2026-06-04 13:44:21,728 [INFO] ADCParametersView:116 -                Rank 1 : false
2026-06-04 13:44:21,728 [INFO] ADCParametersView:116 -                Rank 2 : false
2026-06-04 13:44:21,728 [INFO] ADCParametersView:116 -                Rank 3 : false
2026-06-04 13:44:21,728 [INFO] ADCParametersView:116 -                Rank 4 : false
2026-06-04 13:44:21,728 [INFO] ADCParametersView:116 -                Rank 1 : false
2026-06-04 13:44:21,728 [INFO] ADCParametersView:116 -                Rank 2 : false
2026-06-04 13:44:21,728 [INFO] ADCParametersView:116 -                Rank 3 : false
2026-06-04 13:44:21,728 [INFO] ADCParametersView:116 -                Rank 4 : false
2026-06-04 13:44:21,728 [INFO] ADCParametersView:116 -                Rank 1 : false
2026-06-04 13:44:21,728 [INFO] ADCParametersView:116 -                Rank 2 : false
2026-06-04 13:44:21,728 [INFO] ADCParametersView:116 -                Rank 3 : false
2026-06-04 13:44:21,728 [INFO] ADCParametersView:116 -                Rank 4 : false
2026-06-04 13:44:21,728 [INFO] ADCParametersView:116 -                Rank 1 : false
2026-06-04 13:44:21,728 [INFO] ADCParametersView:116 -                Rank 2 : false
2026-06-04 13:44:21,728 [INFO] ADCParametersView:116 -                Rank 3 : false
2026-06-04 13:44:21,728 [INFO] ADCParametersView:116 -                Rank 4 : false
2026-06-04 13:44:21,728 [INFO] ADCParametersView:116 -                Rank 1 : false
2026-06-04 13:44:21,728 [INFO] ADCParametersView:116 -                Rank 2 : false
2026-06-04 13:44:21,728 [INFO] ADCParametersView:116 -                Rank 3 : false
2026-06-04 13:44:21,728 [INFO] ADCParametersView:116 -                Rank 4 : false
2026-06-04 13:44:21,728 [INFO] ADCParametersView:116 -                Rank 1 : false
2026-06-04 13:44:21,728 [INFO] ADCParametersView:116 -                Rank 2 : false
2026-06-04 13:44:21,728 [INFO] ADCParametersView:116 -                Rank 3 : false
2026-06-04 13:44:21,728 [INFO] ADCParametersView:116 -                Rank 4 : false
2026-06-04 13:44:21,728 [INFO] ADCParametersView:116 -                Rank 1 : false
2026-06-04 13:44:21,728 [INFO] ADCParametersView:116 -                Rank 2 : false
2026-06-04 13:44:21,728 [INFO] ADCParametersView:116 -                Rank 3 : false
2026-06-04 13:44:21,728 [INFO] ADCParametersView:116 -                Rank 4 : false
2026-06-04 13:44:21,728 [INFO] ADCParametersView:116 -                Rank 1 : false
2026-06-04 13:44:21,728 [INFO] ADCParametersView:116 -                Rank 2 : false
2026-06-04 13:44:21,728 [INFO] ADCParametersView:116 -                Rank 3 : false
2026-06-04 13:44:21,728 [INFO] ADCParametersView:116 -                Rank 4 : false
2026-06-04 13:44:21,728 [INFO] ADCParametersView:116 -                Rank 1 : false
2026-06-04 13:44:21,728 [INFO] ADCParametersView:116 -                Rank 2 : false
2026-06-04 13:44:21,728 [INFO] ADCParametersView:116 -                Rank 3 : false
2026-06-04 13:44:21,728 [INFO] ADCParametersView:116 -                Rank 4 : false
2026-06-04 13:44:21,728 [INFO] ADCParametersView:116 -                Rank 1 : false
2026-06-04 13:44:21,728 [INFO] ADCParametersView:116 -                Rank 2 : false
2026-06-04 13:44:21,728 [INFO] ADCParametersView:116 -                Rank 3 : false
2026-06-04 13:44:21,728 [INFO] ADCParametersView:116 -                Rank 4 : false
2026-06-04 13:44:21,728 [INFO] ADCParametersView:116 -                Rank 1 : false
2026-06-04 13:44:21,728 [INFO] ADCParametersView:116 -                Rank 2 : false
2026-06-04 13:44:21,728 [INFO] ADCParametersView:116 -                Rank 3 : false
2026-06-04 13:44:21,728 [INFO] ADCParametersView:116 -                Rank 4 : false
2026-06-04 13:44:21,728 [INFO] ADCParametersView:116 -                Rank 1 : false
2026-06-04 13:44:21,728 [INFO] ADCParametersView:116 -                Rank 2 : false
2026-06-04 13:44:21,728 [INFO] ADCParametersView:116 -                Rank 3 : false
2026-06-04 13:44:21,728 [INFO] ADCParametersView:116 -                Rank 4 : false
2026-06-04 13:44:21,728 [INFO] ADCParametersView:116 -                Rank 1 : false
2026-06-04 13:44:21,729 [INFO] ADCParametersView:116 -                Rank 2 : false
2026-06-04 13:44:21,729 [INFO] ADCParametersView:116 -                Rank 3 : false
2026-06-04 13:44:21,729 [INFO] ADCParametersView:116 -                Rank 4 : false
2026-06-04 13:44:21,729 [INFO] ADCParametersView:116 -                Rank 1 : false
2026-06-04 13:44:21,729 [INFO] ADCParametersView:116 -                Rank 2 : false
2026-06-04 13:44:21,729 [INFO] ADCParametersView:116 -                Rank 3 : false
2026-06-04 13:44:21,729 [INFO] ADCParametersView:116 -                Rank 4 : false
2026-06-04 13:44:21,729 [INFO] ADCParametersView:116 -                Rank 1 : false
2026-06-04 13:44:21,729 [INFO] ADCParametersView:116 -                Rank 2 : false
2026-06-04 13:44:21,729 [INFO] ADCParametersView:116 -                Rank 3 : false
2026-06-04 13:44:21,729 [INFO] ADCParametersView:116 -                Rank 4 : false
2026-06-04 13:44:21,729 [INFO] ADCParametersView:116 -                Rank 1 : false
2026-06-04 13:44:21,729 [INFO] ADCParametersView:116 -                Rank 2 : false
2026-06-04 13:44:21,729 [INFO] ADCParametersView:116 -                Rank 3 : false
2026-06-04 13:44:21,729 [INFO] ADCParametersView:116 -                Rank 4 : false
2026-06-04 13:44:21,729 [INFO] ADCParametersView:116 -                Rank 1 : false
2026-06-04 13:44:21,729 [INFO] ADCParametersView:116 -                Rank 2 : false
2026-06-04 13:44:21,729 [INFO] ADCParametersView:116 -                Rank 3 : false
2026-06-04 13:44:21,729 [INFO] ADCParametersView:116 -                Rank 4 : false
2026-06-04 13:44:21,729 [INFO] ADCParametersView:116 -                Rank 1 : false
2026-06-04 13:44:21,729 [INFO] ADCParametersView:116 -                Rank 2 : false
2026-06-04 13:44:21,729 [INFO] ADCParametersView:116 -                Rank 3 : false
2026-06-04 13:44:21,729 [INFO] ADCParametersView:116 -                Rank 4 : false
2026-06-04 13:44:21,729 [INFO] ADCParametersView:116 -                Rank 2 : false
2026-06-04 13:44:21,729 [INFO] ADCParametersView:116 -                Rank 3 : false
2026-06-04 13:44:21,729 [INFO] ADCParametersView:116 -                Rank 4 : false
2026-06-04 13:44:21,729 [INFO] ADCParametersView:116 -                Rank 3 : false
2026-06-04 13:44:21,729 [INFO] ADCParametersView:116 -                Rank 4 : false
2026-06-04 13:44:21,729 [INFO] ADCParametersView:116 -                Rank 4 : false
2026-06-04 13:44:21,746 [INFO] ADCParametersView:116 -                Rank 1 : false
2026-06-04 13:44:21,746 [INFO] ADCParametersView:116 -                Rank 1 : false
2026-06-04 13:44:21,746 [INFO] ADCParametersView:116 -                Rank 2 : false
2026-06-04 13:44:21,746 [INFO] ADCParametersView:116 -                Rank 1 : false
2026-06-04 13:44:21,748 [INFO] ADCParametersView:116 -                Rank 2 : false
2026-06-04 13:44:21,748 [INFO] ADCParametersView:116 -                Rank 3 : false
2026-06-04 13:44:21,748 [INFO] ADCParametersView:116 -                Rank 1 : false
2026-06-04 13:44:21,748 [INFO] ADCParametersView:116 -                Rank 2 : false
2026-06-04 13:44:21,748 [INFO] ADCParametersView:116 -                Rank 3 : false
2026-06-04 13:44:21,748 [INFO] ADCParametersView:116 -                Rank 4 : false
2026-06-04 13:44:21,792 [INFO] ADCParametersView:116 -                Rank 1 : false
2026-06-04 13:44:21,792 [INFO] ADCParametersView:116 -                Rank 2 : false
2026-06-04 13:44:21,792 [INFO] ADCParametersView:116 -                Rank 3 : false
2026-06-04 13:44:21,792 [INFO] ADCParametersView:116 -                Rank 4 : false
2026-06-04 13:44:21,792 [INFO] ADCParametersView:116 -                Rank 1 : false
2026-06-04 13:44:21,792 [INFO] ADCParametersView:116 -                Rank 2 : false
2026-06-04 13:44:21,792 [INFO] ADCParametersView:116 -                Rank 3 : false
2026-06-04 13:44:21,793 [INFO] ADCParametersView:116 -                Rank 4 : false
2026-06-04 13:44:21,793 [INFO] ADCParametersView:116 -                Rank 1 : false
2026-06-04 13:44:21,793 [INFO] ADCParametersView:116 -                Rank 2 : false
2026-06-04 13:44:21,793 [INFO] ADCParametersView:116 -                Rank 3 : false
2026-06-04 13:44:21,793 [INFO] ADCParametersView:116 -                Rank 4 : false
2026-06-04 13:44:21,793 [INFO] ADCParametersView:116 -                Rank 1 : false
2026-06-04 13:44:21,793 [INFO] ADCParametersView:116 -                Rank 2 : false
2026-06-04 13:44:21,793 [INFO] ADCParametersView:116 -                Rank 3 : false
2026-06-04 13:44:21,793 [INFO] ADCParametersView:116 -                Rank 4 : false
2026-06-04 13:44:21,793 [INFO] ADCParametersView:116 -                Rank 1 : false
2026-06-04 13:44:21,793 [INFO] ADCParametersView:116 -                Rank 2 : false
2026-06-04 13:44:21,793 [INFO] ADCParametersView:116 -                Rank 3 : false
2026-06-04 13:44:21,793 [INFO] ADCParametersView:116 -                Rank 4 : false
2026-06-04 13:44:21,793 [INFO] ADCParametersView:116 -                Rank 1 : false
2026-06-04 13:44:21,793 [INFO] ADCParametersView:116 -                Rank 2 : false
2026-06-04 13:44:21,793 [INFO] ADCParametersView:116 -                Rank 3 : false
2026-06-04 13:44:21,793 [INFO] ADCParametersView:116 -                Rank 4 : false
2026-06-04 13:44:21,793 [INFO] ADCParametersView:116 -                Rank 1 : false
2026-06-04 13:44:21,793 [INFO] ADCParametersView:116 -                Rank 2 : false
2026-06-04 13:44:21,793 [INFO] ADCParametersView:116 -                Rank 3 : false
2026-06-04 13:44:21,793 [INFO] ADCParametersView:116 -                Rank 4 : false
2026-06-04 13:44:21,793 [INFO] ADCParametersView:116 -                Rank 1 : false
2026-06-04 13:44:21,793 [INFO] ADCParametersView:116 -                Rank 2 : false
2026-06-04 13:44:21,793 [INFO] ADCParametersView:116 -                Rank 3 : false
2026-06-04 13:44:21,793 [INFO] ADCParametersView:116 -                Rank 4 : false
2026-06-04 13:44:21,793 [INFO] ADCParametersView:116 -                Rank 1 : false
2026-06-04 13:44:21,793 [INFO] ADCParametersView:116 -                Rank 2 : false
2026-06-04 13:44:21,793 [INFO] ADCParametersView:116 -                Rank 3 : false
2026-06-04 13:44:21,793 [INFO] ADCParametersView:116 -                Rank 4 : false
2026-06-04 13:44:21,793 [INFO] ADCParametersView:116 -                Rank 1 : false
2026-06-04 13:44:21,793 [INFO] ADCParametersView:116 -                Rank 2 : false
2026-06-04 13:44:21,793 [INFO] ADCParametersView:116 -                Rank 3 : false
2026-06-04 13:44:21,793 [INFO] ADCParametersView:116 -                Rank 4 : false
2026-06-04 13:44:21,793 [INFO] ADCParametersView:116 -                Rank 1 : false
2026-06-04 13:44:21,793 [INFO] ADCParametersView:116 -                Rank 2 : false
2026-06-04 13:44:21,793 [INFO] ADCParametersView:116 -                Rank 3 : false
2026-06-04 13:44:21,793 [INFO] ADCParametersView:116 -                Rank 4 : false
2026-06-04 13:44:21,793 [INFO] ADCParametersView:116 -                Rank 1 : false
2026-06-04 13:44:21,793 [INFO] ADCParametersView:116 -                Rank 2 : false
2026-06-04 13:44:21,793 [INFO] ADCParametersView:116 -                Rank 3 : false
2026-06-04 13:44:21,793 [INFO] ADCParametersView:116 -                Rank 4 : false
2026-06-04 13:44:21,793 [INFO] ADCParametersView:116 -                Rank 1 : false
2026-06-04 13:44:21,793 [INFO] ADCParametersView:116 -                Rank 2 : false
2026-06-04 13:44:21,793 [INFO] ADCParametersView:116 -                Rank 3 : false
2026-06-04 13:44:21,793 [INFO] ADCParametersView:116 -                Rank 4 : false
2026-06-04 13:44:21,793 [INFO] ADCParametersView:116 -                Rank 1 : false
2026-06-04 13:44:21,793 [INFO] ADCParametersView:116 -                Rank 2 : false
2026-06-04 13:44:21,793 [INFO] ADCParametersView:116 -                Rank 3 : false
2026-06-04 13:44:21,793 [INFO] ADCParametersView:116 -                Rank 4 : false
2026-06-04 13:44:21,793 [INFO] ADCParametersView:116 -                Rank 1 : false
2026-06-04 13:44:21,793 [INFO] ADCParametersView:116 -                Rank 2 : false
2026-06-04 13:44:21,793 [INFO] ADCParametersView:116 -                Rank 3 : false
2026-06-04 13:44:21,793 [INFO] ADCParametersView:116 -                Rank 4 : false
2026-06-04 13:44:21,793 [INFO] ADCParametersView:116 -                Rank 1 : false
2026-06-04 13:44:21,793 [INFO] ADCParametersView:116 -                Rank 2 : false
2026-06-04 13:44:21,793 [INFO] ADCParametersView:116 -                Rank 3 : false
2026-06-04 13:44:21,793 [INFO] ADCParametersView:116 -                Rank 4 : false
2026-06-04 13:44:21,793 [INFO] ADCParametersView:116 -                Rank 1 : false
2026-06-04 13:44:21,793 [INFO] ADCParametersView:116 -                Rank 2 : false
2026-06-04 13:44:21,793 [INFO] ADCParametersView:116 -                Rank 3 : false
2026-06-04 13:44:21,793 [INFO] ADCParametersView:116 -                Rank 4 : false
2026-06-04 13:44:21,793 [INFO] ADCParametersView:116 -                Rank 1 : false
2026-06-04 13:44:21,793 [INFO] ADCParametersView:116 -                Rank 2 : false
2026-06-04 13:44:21,793 [INFO] ADCParametersView:116 -                Rank 3 : false
2026-06-04 13:44:21,793 [INFO] ADCParametersView:116 -                Rank 4 : false
2026-06-04 13:44:21,793 [INFO] ADCParametersView:116 -                Rank 1 : false
2026-06-04 13:44:21,793 [INFO] ADCParametersView:116 -                Rank 2 : false
2026-06-04 13:44:21,793 [INFO] ADCParametersView:116 -                Rank 3 : false
2026-06-04 13:44:21,794 [INFO] ADCParametersView:116 -                Rank 4 : false
2026-06-04 13:44:21,794 [INFO] ADCParametersView:116 -                Rank 1 : false
2026-06-04 13:44:21,794 [INFO] ADCParametersView:116 -                Rank 2 : false
2026-06-04 13:44:21,794 [INFO] ADCParametersView:116 -                Rank 3 : false
2026-06-04 13:44:21,794 [INFO] ADCParametersView:116 -                Rank 4 : false
2026-06-04 13:44:21,794 [INFO] ADCParametersView:116 -                Rank 1 : false
2026-06-04 13:44:21,794 [INFO] ADCParametersView:116 -                Rank 2 : false
2026-06-04 13:44:21,794 [INFO] ADCParametersView:116 -                Rank 3 : false
2026-06-04 13:44:21,794 [INFO] ADCParametersView:116 -                Rank 4 : false
2026-06-04 13:44:21,794 [INFO] ADCParametersView:116 -                Rank 1 : false
2026-06-04 13:44:21,794 [INFO] ADCParametersView:116 -                Rank 2 : false
2026-06-04 13:44:21,794 [INFO] ADCParametersView:116 -                Rank 3 : false
2026-06-04 13:44:21,794 [INFO] ADCParametersView:116 -                Rank 4 : false
2026-06-04 13:44:21,794 [INFO] ADCParametersView:116 -                Rank 2 : false
2026-06-04 13:44:21,794 [INFO] ADCParametersView:116 -                Rank 3 : false
2026-06-04 13:44:21,794 [INFO] ADCParametersView:116 -                Rank 4 : false
2026-06-04 13:44:21,794 [INFO] ADCParametersView:116 -                Rank 3 : false
2026-06-04 13:44:21,794 [INFO] ADCParametersView:116 -                Rank 4 : false
2026-06-04 13:44:21,794 [INFO] ADCParametersView:116 -                Rank 4 : false
2026-06-04 13:44:21,808 [INFO] ADCParametersView:116 -                Rank 1 : false
2026-06-04 13:44:21,808 [INFO] ADCParametersView:116 -                Rank 1 : false
2026-06-04 13:44:21,808 [INFO] ADCParametersView:116 -                Rank 2 : false
2026-06-04 13:44:21,808 [INFO] ADCParametersView:116 -                Rank 1 : false
2026-06-04 13:44:21,808 [INFO] ADCParametersView:116 -                Rank 2 : false
2026-06-04 13:44:21,808 [INFO] ADCParametersView:116 -                Rank 3 : false
2026-06-04 13:44:21,808 [INFO] ADCParametersView:116 -                Rank 1 : false
2026-06-04 13:44:21,808 [INFO] ADCParametersView:116 -                Rank 2 : false
2026-06-04 13:44:21,808 [INFO] ADCParametersView:116 -                Rank 3 : false
2026-06-04 13:44:21,808 [INFO] ADCParametersView:116 -                Rank 4 : false
2026-06-04 13:44:21,829 [INFO] ADCParametersView:116 -                Rank 1 : false
2026-06-04 13:44:21,829 [INFO] ADCParametersView:116 -                Rank 2 : false
2026-06-04 13:44:21,829 [INFO] ADCParametersView:116 -                Rank 3 : false
2026-06-04 13:44:21,829 [INFO] ADCParametersView:116 -                Rank 4 : false
2026-06-04 13:44:21,830 [INFO] ADCParametersView:116 -                Rank 1 : false
2026-06-04 13:44:21,830 [INFO] ADCParametersView:116 -                Rank 2 : false
2026-06-04 13:44:21,830 [INFO] ADCParametersView:116 -                Rank 3 : false
2026-06-04 13:44:21,830 [INFO] ADCParametersView:116 -                Rank 4 : false
2026-06-04 13:44:21,830 [INFO] ADCParametersView:116 -                Rank 1 : false
2026-06-04 13:44:21,830 [INFO] ADCParametersView:116 -                Rank 2 : false
2026-06-04 13:44:21,830 [INFO] ADCParametersView:116 -                Rank 3 : false
2026-06-04 13:44:21,830 [INFO] ADCParametersView:116 -                Rank 4 : false
2026-06-04 13:44:21,830 [INFO] ADCParametersView:116 -                Rank 1 : false
2026-06-04 13:44:21,830 [INFO] ADCParametersView:116 -                Rank 2 : false
2026-06-04 13:44:21,830 [INFO] ADCParametersView:116 -                Rank 3 : false
2026-06-04 13:44:21,830 [INFO] ADCParametersView:116 -                Rank 4 : false
2026-06-04 13:44:21,830 [INFO] ADCParametersView:116 -                Rank 1 : false
2026-06-04 13:44:21,830 [INFO] ADCParametersView:116 -                Rank 2 : false
2026-06-04 13:44:21,830 [INFO] ADCParametersView:116 -                Rank 3 : false
2026-06-04 13:44:21,830 [INFO] ADCParametersView:116 -                Rank 4 : false
2026-06-04 13:44:21,830 [INFO] ADCParametersView:116 -                Rank 1 : false
2026-06-04 13:44:21,830 [INFO] ADCParametersView:116 -                Rank 2 : false
2026-06-04 13:44:21,830 [INFO] ADCParametersView:116 -                Rank 3 : false
2026-06-04 13:44:21,830 [INFO] ADCParametersView:116 -                Rank 4 : false
2026-06-04 13:44:21,830 [INFO] ADCParametersView:116 -                Rank 1 : false
2026-06-04 13:44:21,830 [INFO] ADCParametersView:116 -                Rank 2 : false
2026-06-04 13:44:21,830 [INFO] ADCParametersView:116 -                Rank 3 : false
2026-06-04 13:44:21,830 [INFO] ADCParametersView:116 -                Rank 4 : false
2026-06-04 13:44:21,830 [INFO] ADCParametersView:116 -                Rank 1 : false
2026-06-04 13:44:21,830 [INFO] ADCParametersView:116 -                Rank 2 : false
2026-06-04 13:44:21,830 [INFO] ADCParametersView:116 -                Rank 3 : false
2026-06-04 13:44:21,830 [INFO] ADCParametersView:116 -                Rank 4 : false
2026-06-04 13:44:21,830 [INFO] ADCParametersView:116 -                Rank 1 : false
2026-06-04 13:44:21,830 [INFO] ADCParametersView:116 -                Rank 2 : false
2026-06-04 13:44:21,830 [INFO] ADCParametersView:116 -                Rank 3 : false
2026-06-04 13:44:21,830 [INFO] ADCParametersView:116 -                Rank 4 : false
2026-06-04 13:44:21,830 [INFO] ADCParametersView:116 -                Rank 1 : false
2026-06-04 13:44:21,830 [INFO] ADCParametersView:116 -                Rank 2 : false
2026-06-04 13:44:21,830 [INFO] ADCParametersView:116 -                Rank 3 : false
2026-06-04 13:44:21,830 [INFO] ADCParametersView:116 -                Rank 4 : false
2026-06-04 13:44:21,830 [INFO] ADCParametersView:116 -                Rank 1 : false
2026-06-04 13:44:21,830 [INFO] ADCParametersView:116 -                Rank 2 : false
2026-06-04 13:44:21,830 [INFO] ADCParametersView:116 -                Rank 3 : false
2026-06-04 13:44:21,830 [INFO] ADCParametersView:116 -                Rank 4 : false
2026-06-04 13:44:21,830 [INFO] ADCParametersView:116 -                Rank 1 : false
2026-06-04 13:44:21,830 [INFO] ADCParametersView:116 -                Rank 2 : false
2026-06-04 13:44:21,830 [INFO] ADCParametersView:116 -                Rank 3 : false
2026-06-04 13:44:21,830 [INFO] ADCParametersView:116 -                Rank 4 : false
2026-06-04 13:44:21,830 [INFO] ADCParametersView:116 -                Rank 1 : false
2026-06-04 13:44:21,830 [INFO] ADCParametersView:116 -                Rank 2 : false
2026-06-04 13:44:21,830 [INFO] ADCParametersView:116 -                Rank 3 : false
2026-06-04 13:44:21,830 [INFO] ADCParametersView:116 -                Rank 4 : false
2026-06-04 13:44:21,830 [INFO] ADCParametersView:116 -                Rank 1 : false
2026-06-04 13:44:21,830 [INFO] ADCParametersView:116 -                Rank 2 : false
2026-06-04 13:44:21,830 [INFO] ADCParametersView:116 -                Rank 3 : false
2026-06-04 13:44:21,830 [INFO] ADCParametersView:116 -                Rank 4 : false
2026-06-04 13:44:21,830 [INFO] ADCParametersView:116 -                Rank 1 : false
2026-06-04 13:44:21,832 [INFO] ADCParametersView:116 -                Rank 2 : false
2026-06-04 13:44:21,832 [INFO] ADCParametersView:116 -                Rank 3 : false
2026-06-04 13:44:21,832 [INFO] ADCParametersView:116 -                Rank 4 : false
2026-06-04 13:44:21,832 [INFO] ADCParametersView:116 -                Rank 1 : false
2026-06-04 13:44:21,832 [INFO] ADCParametersView:116 -                Rank 2 : false
2026-06-04 13:44:21,832 [INFO] ADCParametersView:116 -                Rank 3 : false
2026-06-04 13:44:21,832 [INFO] ADCParametersView:116 -                Rank 4 : false
2026-06-04 13:44:21,832 [INFO] ADCParametersView:116 -                Rank 1 : false
2026-06-04 13:44:21,832 [INFO] ADCParametersView:116 -                Rank 2 : false
2026-06-04 13:44:21,832 [INFO] ADCParametersView:116 -                Rank 3 : false
2026-06-04 13:44:21,832 [INFO] ADCParametersView:116 -                Rank 4 : false
2026-06-04 13:44:21,832 [INFO] ADCParametersView:116 -                Rank 1 : false
2026-06-04 13:44:21,832 [INFO] ADCParametersView:116 -                Rank 2 : false
2026-06-04 13:44:21,832 [INFO] ADCParametersView:116 -                Rank 3 : false
2026-06-04 13:44:21,832 [INFO] ADCParametersView:116 -                Rank 4 : false
2026-06-04 13:44:21,832 [INFO] ADCParametersView:116 -                Rank 1 : false
2026-06-04 13:44:21,832 [INFO] ADCParametersView:116 -                Rank 2 : false
2026-06-04 13:44:21,832 [INFO] ADCParametersView:116 -                Rank 3 : false
2026-06-04 13:44:21,832 [INFO] ADCParametersView:116 -                Rank 4 : false
2026-06-04 13:44:21,832 [INFO] ADCParametersView:116 -                Rank 1 : false
2026-06-04 13:44:21,832 [INFO] ADCParametersView:116 -                Rank 2 : false
2026-06-04 13:44:21,832 [INFO] ADCParametersView:116 -                Rank 3 : false
2026-06-04 13:44:21,832 [INFO] ADCParametersView:116 -                Rank 4 : false
2026-06-04 13:44:21,832 [INFO] ADCParametersView:116 -                Rank 1 : false
2026-06-04 13:44:21,832 [INFO] ADCParametersView:116 -                Rank 2 : false
2026-06-04 13:44:21,832 [INFO] ADCParametersView:116 -                Rank 3 : false
2026-06-04 13:44:21,832 [INFO] ADCParametersView:116 -                Rank 4 : false
2026-06-04 13:44:21,832 [INFO] ADCParametersView:116 -                Rank 1 : false
2026-06-04 13:44:21,832 [INFO] ADCParametersView:116 -                Rank 2 : false
2026-06-04 13:44:21,832 [INFO] ADCParametersView:116 -                Rank 3 : false
2026-06-04 13:44:21,832 [INFO] ADCParametersView:116 -                Rank 4 : false
2026-06-04 13:44:21,832 [INFO] ADCParametersView:116 -                Rank 2 : false
2026-06-04 13:44:21,832 [INFO] ADCParametersView:116 -                Rank 3 : false
2026-06-04 13:44:21,832 [INFO] ADCParametersView:116 -                Rank 4 : false
2026-06-04 13:44:21,832 [INFO] ADCParametersView:116 -                Rank 3 : false
2026-06-04 13:44:21,832 [INFO] ADCParametersView:116 -                Rank 4 : false
2026-06-04 13:44:21,832 [INFO] ADCParametersView:116 -                Rank 4 : false
2026-06-04 13:44:21,847 [INFO] ADCParametersView:116 -                Rank 1 : false
2026-06-04 13:44:21,847 [INFO] ADCParametersView:116 -                Rank 1 : false
2026-06-04 13:44:21,847 [INFO] ADCParametersView:116 -                Rank 2 : false
2026-06-04 13:44:21,847 [INFO] ADCParametersView:116 -                Rank 1 : false
2026-06-04 13:44:21,847 [INFO] ADCParametersView:116 -                Rank 2 : false
2026-06-04 13:44:21,847 [INFO] ADCParametersView:116 -                Rank 3 : false
2026-06-04 13:44:21,847 [INFO] ADCParametersView:116 -                Rank 1 : false
2026-06-04 13:44:21,847 [INFO] ADCParametersView:116 -                Rank 2 : false
2026-06-04 13:44:21,847 [INFO] ADCParametersView:116 -                Rank 3 : false
2026-06-04 13:44:21,847 [INFO] ADCParametersView:116 -                Rank 4 : false
2026-06-04 13:44:21,902 [INFO] NvicIntPanel:101 - NVIC parent = com.st.microxplorer.plugins.ip.nvic.MultiNvicIntPanel[,0,0,0x0,invalid,layout=javax.swing.BoxLayout,alignmentX=0.0,alignmentY=0.0,border=,flags=9,maximumSize=,minimumSize=,preferredSize=]
2026-06-04 13:44:21,957 [INFO] NvicIntPanel:101 - NVIC parent = com.st.microxplorer.plugins.ip.nvic.MultiNvicIntPanel[,0,0,0x0,invalid,layout=javax.swing.BoxLayout,alignmentX=0.0,alignmentY=0.0,border=,flags=9,maximumSize=,minimumSize=,preferredSize=]
2026-06-04 13:44:22,011 [INFO] NvicIntPanel:101 - NVIC parent = com.st.microxplorer.plugins.ip.nvic.MultiNvicIntPanel[,0,0,0x0,invalid,layout=javax.swing.BoxLayout,alignmentX=0.0,alignmentY=0.0,border=,flags=9,maximumSize=,minimumSize=,preferredSize=]
2026-06-04 13:44:22,035 [INFO] ADCParametersView:116 -                Rank 1 : false
2026-06-04 13:44:22,035 [INFO] ADCParametersView:116 -                Rank 2 : false
2026-06-04 13:44:22,035 [INFO] ADCParametersView:116 -                Rank 3 : false
2026-06-04 13:44:22,035 [INFO] ADCParametersView:116 -                Rank 4 : false
2026-06-04 13:44:22,036 [INFO] ADCParametersView:116 -                Rank 1 : false
2026-06-04 13:44:22,036 [INFO] ADCParametersView:116 -                Rank 2 : false
2026-06-04 13:44:22,036 [INFO] ADCParametersView:116 -                Rank 3 : false
2026-06-04 13:44:22,036 [INFO] ADCParametersView:116 -                Rank 4 : false
2026-06-04 13:44:22,036 [INFO] ADCParametersView:116 -                Rank 1 : false
2026-06-04 13:44:22,036 [INFO] ADCParametersView:116 -                Rank 2 : false
2026-06-04 13:44:22,036 [INFO] ADCParametersView:116 -                Rank 3 : false
2026-06-04 13:44:22,036 [INFO] ADCParametersView:116 -                Rank 4 : false
2026-06-04 13:44:22,036 [INFO] ADCParametersView:116 -                Rank 1 : false
2026-06-04 13:44:22,036 [INFO] ADCParametersView:116 -                Rank 2 : false
2026-06-04 13:44:22,036 [INFO] ADCParametersView:116 -                Rank 3 : false
2026-06-04 13:44:22,036 [INFO] ADCParametersView:116 -                Rank 4 : false
2026-06-04 13:44:22,036 [INFO] ADCParametersView:116 -                Rank 1 : false
2026-06-04 13:44:22,036 [INFO] ADCParametersView:116 -                Rank 2 : false
2026-06-04 13:44:22,036 [INFO] ADCParametersView:116 -                Rank 3 : false
2026-06-04 13:44:22,036 [INFO] ADCParametersView:116 -                Rank 4 : false
2026-06-04 13:44:22,036 [INFO] ADCParametersView:116 -                Rank 1 : false
2026-06-04 13:44:22,036 [INFO] ADCParametersView:116 -                Rank 2 : false
2026-06-04 13:44:22,036 [INFO] ADCParametersView:116 -                Rank 3 : false
2026-06-04 13:44:22,036 [INFO] ADCParametersView:116 -                Rank 4 : false
2026-06-04 13:44:22,036 [INFO] ADCParametersView:116 -                Rank 1 : false
2026-06-04 13:44:22,036 [INFO] ADCParametersView:116 -                Rank 2 : false
2026-06-04 13:44:22,036 [INFO] ADCParametersView:116 -                Rank 3 : false
2026-06-04 13:44:22,036 [INFO] ADCParametersView:116 -                Rank 4 : false
2026-06-04 13:44:22,036 [INFO] ADCParametersView:116 -                Rank 1 : false
2026-06-04 13:44:22,036 [INFO] ADCParametersView:116 -                Rank 2 : false
2026-06-04 13:44:22,036 [INFO] ADCParametersView:116 -                Rank 3 : false
2026-06-04 13:44:22,036 [INFO] ADCParametersView:116 -                Rank 4 : false
2026-06-04 13:44:22,036 [INFO] ADCParametersView:116 -                Rank 1 : false
2026-06-04 13:44:22,036 [INFO] ADCParametersView:116 -                Rank 2 : false
2026-06-04 13:44:22,036 [INFO] ADCParametersView:116 -                Rank 3 : false
2026-06-04 13:44:22,036 [INFO] ADCParametersView:116 -                Rank 4 : false
2026-06-04 13:44:22,036 [INFO] ADCParametersView:116 -                Rank 1 : false
2026-06-04 13:44:22,036 [INFO] ADCParametersView:116 -                Rank 2 : false
2026-06-04 13:44:22,036 [INFO] ADCParametersView:116 -                Rank 3 : false
2026-06-04 13:44:22,036 [INFO] ADCParametersView:116 -                Rank 4 : false
2026-06-04 13:44:22,036 [INFO] ADCParametersView:116 -                Rank 1 : false
2026-06-04 13:44:22,036 [INFO] ADCParametersView:116 -                Rank 2 : false
2026-06-04 13:44:22,036 [INFO] ADCParametersView:116 -                Rank 3 : false
2026-06-04 13:44:22,036 [INFO] ADCParametersView:116 -                Rank 4 : false
2026-06-04 13:44:22,036 [INFO] ADCParametersView:116 -                Rank 1 : false
2026-06-04 13:44:22,036 [INFO] ADCParametersView:116 -                Rank 2 : false
2026-06-04 13:44:22,036 [INFO] ADCParametersView:116 -                Rank 3 : false
2026-06-04 13:44:22,036 [INFO] ADCParametersView:116 -                Rank 4 : false
2026-06-04 13:44:22,036 [INFO] ADCParametersView:116 -                Rank 1 : false
2026-06-04 13:44:22,036 [INFO] ADCParametersView:116 -                Rank 2 : false
2026-06-04 13:44:22,036 [INFO] ADCParametersView:116 -                Rank 3 : false
2026-06-04 13:44:22,036 [INFO] ADCParametersView:116 -                Rank 4 : false
2026-06-04 13:44:22,036 [INFO] ADCParametersView:116 -                Rank 1 : false
2026-06-04 13:44:22,036 [INFO] ADCParametersView:116 -                Rank 2 : false
2026-06-04 13:44:22,036 [INFO] ADCParametersView:116 -                Rank 3 : false
2026-06-04 13:44:22,036 [INFO] ADCParametersView:116 -                Rank 4 : false
2026-06-04 13:44:22,036 [INFO] ADCParametersView:116 -                Rank 1 : false
2026-06-04 13:44:22,037 [INFO] ADCParametersView:116 -                Rank 2 : false
2026-06-04 13:44:22,037 [INFO] ADCParametersView:116 -                Rank 3 : false
2026-06-04 13:44:22,037 [INFO] ADCParametersView:116 -                Rank 4 : false
2026-06-04 13:44:22,037 [INFO] ADCParametersView:116 -                Rank 1 : false
2026-06-04 13:44:22,037 [INFO] ADCParametersView:116 -                Rank 2 : false
2026-06-04 13:44:22,037 [INFO] ADCParametersView:116 -                Rank 3 : false
2026-06-04 13:44:22,037 [INFO] ADCParametersView:116 -                Rank 4 : false
2026-06-04 13:44:22,037 [INFO] ADCParametersView:116 -                Rank 1 : false
2026-06-04 13:44:22,037 [INFO] ADCParametersView:116 -                Rank 2 : false
2026-06-04 13:44:22,037 [INFO] ADCParametersView:116 -                Rank 3 : false
2026-06-04 13:44:22,037 [INFO] ADCParametersView:116 -                Rank 4 : false
2026-06-04 13:44:22,037 [INFO] ADCParametersView:116 -                Rank 1 : false
2026-06-04 13:44:22,037 [INFO] ADCParametersView:116 -                Rank 2 : false
2026-06-04 13:44:22,037 [INFO] ADCParametersView:116 -                Rank 3 : false
2026-06-04 13:44:22,037 [INFO] ADCParametersView:116 -                Rank 4 : false
2026-06-04 13:44:22,037 [INFO] ADCParametersView:116 -                Rank 1 : false
2026-06-04 13:44:22,037 [INFO] ADCParametersView:116 -                Rank 2 : false
2026-06-04 13:44:22,037 [INFO] ADCParametersView:116 -                Rank 3 : false
2026-06-04 13:44:22,037 [INFO] ADCParametersView:116 -                Rank 4 : false
2026-06-04 13:44:22,037 [INFO] ADCParametersView:116 -                Rank 1 : false
2026-06-04 13:44:22,037 [INFO] ADCParametersView:116 -                Rank 2 : false
2026-06-04 13:44:22,037 [INFO] ADCParametersView:116 -                Rank 3 : false
2026-06-04 13:44:22,037 [INFO] ADCParametersView:116 -                Rank 4 : false
2026-06-04 13:44:22,037 [INFO] ADCParametersView:116 -                Rank 1 : false
2026-06-04 13:44:22,037 [INFO] ADCParametersView:116 -                Rank 2 : false
2026-06-04 13:44:22,037 [INFO] ADCParametersView:116 -                Rank 3 : false
2026-06-04 13:44:22,037 [INFO] ADCParametersView:116 -                Rank 4 : false
2026-06-04 13:44:22,037 [INFO] ADCParametersView:116 -                Rank 1 : false
2026-06-04 13:44:22,037 [INFO] ADCParametersView:116 -                Rank 2 : false
2026-06-04 13:44:22,037 [INFO] ADCParametersView:116 -                Rank 3 : false
2026-06-04 13:44:22,037 [INFO] ADCParametersView:116 -                Rank 4 : false
2026-06-04 13:44:22,037 [INFO] ADCParametersView:116 -                Rank 2 : false
2026-06-04 13:44:22,037 [INFO] ADCParametersView:116 -                Rank 3 : false
2026-06-04 13:44:22,037 [INFO] ADCParametersView:116 -                Rank 4 : false
2026-06-04 13:44:22,037 [INFO] ADCParametersView:116 -                Rank 3 : false
2026-06-04 13:44:22,037 [INFO] ADCParametersView:116 -                Rank 4 : false
2026-06-04 13:44:22,037 [INFO] ADCParametersView:116 -                Rank 4 : false
2026-06-04 13:44:22,079 [INFO] NvicIntPanel:101 - NVIC parent = com.st.microxplorer.plugins.ip.nvic.MultiNvicIntPanel[,0,0,0x0,invalid,layout=javax.swing.BoxLayout,alignmentX=0.0,alignmentY=0.0,border=,flags=9,maximumSize=,minimumSize=,preferredSize=]
2026-06-04 13:44:22,134 [INFO] NvicIntPanel:101 - NVIC parent = com.st.microxplorer.plugins.ip.nvic.MultiNvicIntPanel[,0,0,0x0,invalid,layout=javax.swing.BoxLayout,alignmentX=0.0,alignmentY=0.0,border=,flags=9,maximumSize=,minimumSize=,preferredSize=]
2026-06-04 13:44:22,189 [INFO] NvicIntPanel:101 - NVIC parent = com.st.microxplorer.plugins.ip.nvic.MultiNvicIntPanel[,0,0,0x0,invalid,layout=javax.swing.BoxLayout,alignmentX=0.0,alignmentY=0.0,border=,flags=9,maximumSize=,minimumSize=,preferredSize=]
2026-06-04 13:44:22,243 [INFO] NvicIntPanel:101 - NVIC parent = com.st.microxplorer.plugins.ip.nvic.MultiNvicIntPanel[,0,0,0x0,invalid,layout=javax.swing.BoxLayout,alignmentX=0.0,alignmentY=0.0,border=,flags=9,maximumSize=,minimumSize=,preferredSize=]
2026-06-04 13:44:22,261 [INFO] ADCParametersView:116 -                Rank 1 : false
2026-06-04 13:44:22,261 [INFO] ADCParametersView:116 -                Rank 1 : false
2026-06-04 13:44:22,261 [INFO] ADCParametersView:116 -                Rank 2 : false
2026-06-04 13:44:22,261 [INFO] ADCParametersView:116 -                Rank 1 : false
2026-06-04 13:44:22,261 [INFO] ADCParametersView:116 -                Rank 2 : false
2026-06-04 13:44:22,261 [INFO] ADCParametersView:116 -                Rank 3 : false
2026-06-04 13:44:22,261 [INFO] ADCParametersView:116 -                Rank 1 : false
2026-06-04 13:44:22,261 [INFO] ADCParametersView:116 -                Rank 2 : false
2026-06-04 13:44:22,261 [INFO] ADCParametersView:116 -                Rank 3 : false
2026-06-04 13:44:22,261 [INFO] ADCParametersView:116 -                Rank 4 : false
2026-06-04 13:44:24,315 [INFO] NvicIntPanel:101 - NVIC parent = com.st.microxplorer.plugins.ip.nvic.MultiNvicIntPanel[,0,0,0x0,invalid,layout=javax.swing.BoxLayout,alignmentX=0.0,alignmentY=0.0,border=,flags=9,maximumSize=,minimumSize=,preferredSize=]
2026-06-04 13:44:24,374 [INFO] NvicIntPanel:101 - NVIC parent = com.st.microxplorer.plugins.ip.nvic.MultiNvicIntPanel[,0,0,0x0,invalid,layout=javax.swing.BoxLayout,alignmentX=0.0,alignmentY=0.0,border=,flags=9,maximumSize=,minimumSize=,preferredSize=]
2026-06-04 13:44:24,425 [INFO] NvicIntPanel:101 - NVIC parent = com.st.microxplorer.plugins.ip.nvic.MultiNvicIntPanel[,0,0,0x0,invalid,layout=javax.swing.BoxLayout,alignmentX=0.0,alignmentY=0.0,border=,flags=9,maximumSize=,minimumSize=,preferredSize=]
2026-06-04 13:44:24,481 [INFO] NvicIntPanel:101 - NVIC parent = com.st.microxplorer.plugins.ip.nvic.MultiNvicIntPanel[,0,0,0x0,invalid,layout=javax.swing.BoxLayout,alignmentX=0.0,alignmentY=0.0,border=,flags=9,maximumSize=,minimumSize=,preferredSize=]
2026-06-04 13:44:24,559 [INFO] NvicIntPanel:101 - NVIC parent = com.st.microxplorer.plugins.ip.nvic.MultiNvicIntPanel[,0,0,0x0,invalid,layout=javax.swing.BoxLayout,alignmentX=0.0,alignmentY=0.0,border=,flags=9,maximumSize=,minimumSize=,preferredSize=]
2026-06-04 13:44:24,620 [INFO] NvicIntPanel:101 - NVIC parent = com.st.microxplorer.plugins.ip.nvic.MultiNvicIntPanel[,0,0,0x0,invalid,layout=javax.swing.BoxLayout,alignmentX=0.0,alignmentY=0.0,border=,flags=9,maximumSize=,minimumSize=,preferredSize=]
2026-06-04 13:44:24,676 [INFO] NvicIntPanel:101 - NVIC parent = com.st.microxplorer.plugins.ip.nvic.MultiNvicIntPanel[,0,0,0x0,invalid,layout=javax.swing.BoxLayout,alignmentX=0.0,alignmentY=0.0,border=,flags=9,maximumSize=,minimumSize=,preferredSize=]
2026-06-04 13:44:24,731 [INFO] NvicIntPanel:101 - NVIC parent = com.st.microxplorer.plugins.ip.nvic.MultiNvicIntPanel[,0,0,0x0,invalid,layout=javax.swing.BoxLayout,alignmentX=0.0,alignmentY=0.0,border=,flags=9,maximumSize=,minimumSize=,preferredSize=]
2026-06-04 13:44:24,803 [INFO] NvicIntPanel:101 - NVIC parent = com.st.microxplorer.plugins.ip.nvic.MultiNvicIntPanel[,0,0,0x0,invalid,layout=javax.swing.BoxLayout,alignmentX=0.0,alignmentY=0.0,border=,flags=9,maximumSize=,minimumSize=,preferredSize=]
2026-06-04 13:44:24,860 [INFO] NvicIntPanel:101 - NVIC parent = com.st.microxplorer.plugins.ip.nvic.MultiNvicIntPanel[,0,0,0x0,invalid,layout=javax.swing.BoxLayout,alignmentX=0.0,alignmentY=0.0,border=,flags=9,maximumSize=,minimumSize=,preferredSize=]
2026-06-04 13:44:24,915 [INFO] NvicIntPanel:101 - NVIC parent = com.st.microxplorer.plugins.ip.nvic.MultiNvicIntPanel[,0,0,0x0,invalid,layout=javax.swing.BoxLayout,alignmentX=0.0,alignmentY=0.0,border=,flags=9,maximumSize=,minimumSize=,preferredSize=]
2026-06-04 13:44:24,972 [INFO] NvicIntPanel:101 - NVIC parent = com.st.microxplorer.plugins.ip.nvic.MultiNvicIntPanel[,0,0,0x0,invalid,layout=javax.swing.BoxLayout,alignmentX=0.0,alignmentY=0.0,border=,flags=9,maximumSize=,minimumSize=,preferredSize=]
2026-06-04 13:44:25,001 [INFO] ADCParametersView:116 -                Rank 1 : false
2026-06-04 13:44:25,001 [INFO] ADCParametersView:116 -                Rank 2 : false
2026-06-04 13:44:25,001 [INFO] ADCParametersView:116 -                Rank 3 : false
2026-06-04 13:44:25,001 [INFO] ADCParametersView:116 -                Rank 4 : false
2026-06-04 13:44:25,002 [INFO] ADCParametersView:116 -                Rank 1 : false
2026-06-04 13:44:25,002 [INFO] ADCParametersView:116 -                Rank 2 : false
2026-06-04 13:44:25,002 [INFO] ADCParametersView:116 -                Rank 3 : false
2026-06-04 13:44:25,002 [INFO] ADCParametersView:116 -                Rank 4 : false
2026-06-04 13:44:25,002 [INFO] ADCParametersView:116 -                Rank 1 : false
2026-06-04 13:44:25,002 [INFO] ADCParametersView:116 -                Rank 2 : false
2026-06-04 13:44:25,002 [INFO] ADCParametersView:116 -                Rank 3 : false
2026-06-04 13:44:25,002 [INFO] ADCParametersView:116 -                Rank 4 : false
2026-06-04 13:44:25,002 [INFO] ADCParametersView:116 -                Rank 1 : false
2026-06-04 13:44:25,002 [INFO] ADCParametersView:116 -                Rank 2 : false
2026-06-04 13:44:25,002 [INFO] ADCParametersView:116 -                Rank 3 : false
2026-06-04 13:44:25,002 [INFO] ADCParametersView:116 -                Rank 4 : false
2026-06-04 13:44:25,002 [INFO] ADCParametersView:116 -                Rank 1 : false
2026-06-04 13:44:25,003 [INFO] ADCParametersView:116 -                Rank 2 : false
2026-06-04 13:44:25,003 [INFO] ADCParametersView:116 -                Rank 3 : false
2026-06-04 13:44:25,003 [INFO] ADCParametersView:116 -                Rank 4 : false
2026-06-04 13:44:25,003 [INFO] ADCParametersView:116 -                Rank 1 : false
2026-06-04 13:44:25,003 [INFO] ADCParametersView:116 -                Rank 2 : false
2026-06-04 13:44:25,003 [INFO] ADCParametersView:116 -                Rank 3 : false
2026-06-04 13:44:25,003 [INFO] ADCParametersView:116 -                Rank 4 : false
2026-06-04 13:44:25,003 [INFO] ADCParametersView:116 -                Rank 1 : false
2026-06-04 13:44:25,003 [INFO] ADCParametersView:116 -                Rank 2 : false
2026-06-04 13:44:25,003 [INFO] ADCParametersView:116 -                Rank 3 : false
2026-06-04 13:44:25,003 [INFO] ADCParametersView:116 -                Rank 4 : false
2026-06-04 13:44:25,003 [INFO] ADCParametersView:116 -                Rank 1 : false
2026-06-04 13:44:25,003 [INFO] ADCParametersView:116 -                Rank 2 : false
2026-06-04 13:44:25,003 [INFO] ADCParametersView:116 -                Rank 3 : false
2026-06-04 13:44:25,003 [INFO] ADCParametersView:116 -                Rank 4 : false
2026-06-04 13:44:25,003 [INFO] ADCParametersView:116 -                Rank 1 : false
2026-06-04 13:44:25,003 [INFO] ADCParametersView:116 -                Rank 2 : false
2026-06-04 13:44:25,003 [INFO] ADCParametersView:116 -                Rank 3 : false
2026-06-04 13:44:25,003 [INFO] ADCParametersView:116 -                Rank 4 : false
2026-06-04 13:44:25,003 [INFO] ADCParametersView:116 -                Rank 1 : false
2026-06-04 13:44:25,003 [INFO] ADCParametersView:116 -                Rank 2 : false
2026-06-04 13:44:25,003 [INFO] ADCParametersView:116 -                Rank 3 : false
2026-06-04 13:44:25,003 [INFO] ADCParametersView:116 -                Rank 4 : false
2026-06-04 13:44:25,003 [INFO] ADCParametersView:116 -                Rank 1 : false
2026-06-04 13:44:25,003 [INFO] ADCParametersView:116 -                Rank 2 : false
2026-06-04 13:44:25,003 [INFO] ADCParametersView:116 -                Rank 3 : false
2026-06-04 13:44:25,003 [INFO] ADCParametersView:116 -                Rank 4 : false
2026-06-04 13:44:25,003 [INFO] ADCParametersView:116 -                Rank 1 : false
2026-06-04 13:44:25,003 [INFO] ADCParametersView:116 -                Rank 2 : false
2026-06-04 13:44:25,003 [INFO] ADCParametersView:116 -                Rank 3 : false
2026-06-04 13:44:25,003 [INFO] ADCParametersView:116 -                Rank 4 : false
2026-06-04 13:44:25,003 [INFO] ADCParametersView:116 -                Rank 1 : false
2026-06-04 13:44:25,003 [INFO] ADCParametersView:116 -                Rank 2 : false
2026-06-04 13:44:25,003 [INFO] ADCParametersView:116 -                Rank 3 : false
2026-06-04 13:44:25,003 [INFO] ADCParametersView:116 -                Rank 4 : false
2026-06-04 13:44:25,003 [INFO] ADCParametersView:116 -                Rank 1 : false
2026-06-04 13:44:25,003 [INFO] ADCParametersView:116 -                Rank 2 : false
2026-06-04 13:44:25,003 [INFO] ADCParametersView:116 -                Rank 3 : false
2026-06-04 13:44:25,003 [INFO] ADCParametersView:116 -                Rank 4 : false
2026-06-04 13:44:25,003 [INFO] ADCParametersView:116 -                Rank 1 : false
2026-06-04 13:44:25,003 [INFO] ADCParametersView:116 -                Rank 2 : false
2026-06-04 13:44:25,003 [INFO] ADCParametersView:116 -                Rank 3 : false
2026-06-04 13:44:25,003 [INFO] ADCParametersView:116 -                Rank 4 : false
2026-06-04 13:44:25,003 [INFO] ADCParametersView:116 -                Rank 1 : false
2026-06-04 13:44:25,003 [INFO] ADCParametersView:116 -                Rank 2 : false
2026-06-04 13:44:25,003 [INFO] ADCParametersView:116 -                Rank 3 : false
2026-06-04 13:44:25,003 [INFO] ADCParametersView:116 -                Rank 4 : false
2026-06-04 13:44:25,003 [INFO] ADCParametersView:116 -                Rank 1 : false
2026-06-04 13:44:25,003 [INFO] ADCParametersView:116 -                Rank 2 : false
2026-06-04 13:44:25,003 [INFO] ADCParametersView:116 -                Rank 3 : false
2026-06-04 13:44:25,003 [INFO] ADCParametersView:116 -                Rank 4 : false
2026-06-04 13:44:25,003 [INFO] ADCParametersView:116 -                Rank 1 : false
2026-06-04 13:44:25,003 [INFO] ADCParametersView:116 -                Rank 2 : false
2026-06-04 13:44:25,003 [INFO] ADCParametersView:116 -                Rank 3 : false
2026-06-04 13:44:25,003 [INFO] ADCParametersView:116 -                Rank 4 : false
2026-06-04 13:44:25,003 [INFO] ADCParametersView:116 -                Rank 1 : false
2026-06-04 13:44:25,003 [INFO] ADCParametersView:116 -                Rank 2 : false
2026-06-04 13:44:25,003 [INFO] ADCParametersView:116 -                Rank 3 : false
2026-06-04 13:44:25,003 [INFO] ADCParametersView:116 -                Rank 4 : false
2026-06-04 13:44:25,003 [INFO] ADCParametersView:116 -                Rank 1 : false
2026-06-04 13:44:25,003 [INFO] ADCParametersView:116 -                Rank 2 : false
2026-06-04 13:44:25,003 [INFO] ADCParametersView:116 -                Rank 3 : false
2026-06-04 13:44:25,003 [INFO] ADCParametersView:116 -                Rank 4 : false
2026-06-04 13:44:25,003 [INFO] ADCParametersView:116 -                Rank 1 : false
2026-06-04 13:44:25,003 [INFO] ADCParametersView:116 -                Rank 2 : false
2026-06-04 13:44:25,003 [INFO] ADCParametersView:116 -                Rank 3 : false
2026-06-04 13:44:25,003 [INFO] ADCParametersView:116 -                Rank 4 : false
2026-06-04 13:44:25,003 [INFO] ADCParametersView:116 -                Rank 1 : false
2026-06-04 13:44:25,003 [INFO] ADCParametersView:116 -                Rank 2 : false
2026-06-04 13:44:25,003 [INFO] ADCParametersView:116 -                Rank 3 : false
2026-06-04 13:44:25,004 [INFO] ADCParametersView:116 -                Rank 4 : false
2026-06-04 13:44:25,004 [INFO] ADCParametersView:116 -                Rank 2 : false
2026-06-04 13:44:25,004 [INFO] ADCParametersView:116 -                Rank 3 : false
2026-06-04 13:44:25,004 [INFO] ADCParametersView:116 -                Rank 4 : false
2026-06-04 13:44:25,004 [INFO] ADCParametersView:116 -                Rank 3 : false
2026-06-04 13:44:25,004 [INFO] ADCParametersView:116 -                Rank 4 : false
2026-06-04 13:44:25,004 [INFO] ADCParametersView:116 -                Rank 4 : false
2026-06-04 13:44:25,019 [INFO] ADCParametersView:116 -                Rank 1 : false
2026-06-04 13:44:25,019 [INFO] ADCParametersView:116 -                Rank 1 : false
2026-06-04 13:44:25,019 [INFO] ADCParametersView:116 -                Rank 2 : false
2026-06-04 13:44:25,019 [INFO] ADCParametersView:116 -                Rank 1 : false
2026-06-04 13:44:25,019 [INFO] ADCParametersView:116 -                Rank 2 : false
2026-06-04 13:44:25,019 [INFO] ADCParametersView:116 -                Rank 3 : false
2026-06-04 13:44:25,019 [INFO] ADCParametersView:116 -                Rank 1 : false
2026-06-04 13:44:25,019 [INFO] ADCParametersView:116 -                Rank 2 : false
2026-06-04 13:44:25,019 [INFO] ADCParametersView:116 -                Rank 3 : false
2026-06-04 13:44:25,019 [INFO] ADCParametersView:116 -                Rank 4 : false
2026-06-04 13:44:25,063 [INFO] ADCParametersView:116 -                Rank 1 : false
2026-06-04 13:44:25,063 [INFO] ADCParametersView:116 -                Rank 2 : false
2026-06-04 13:44:25,063 [INFO] ADCParametersView:116 -                Rank 3 : false
2026-06-04 13:44:25,063 [INFO] ADCParametersView:116 -                Rank 4 : false
2026-06-04 13:44:25,063 [INFO] ADCParametersView:116 -                Rank 1 : false
2026-06-04 13:44:25,063 [INFO] ADCParametersView:116 -                Rank 2 : false
2026-06-04 13:44:25,063 [INFO] ADCParametersView:116 -                Rank 3 : false
2026-06-04 13:44:25,063 [INFO] ADCParametersView:116 -                Rank 4 : false
2026-06-04 13:44:25,063 [INFO] ADCParametersView:116 -                Rank 1 : false
2026-06-04 13:44:25,063 [INFO] ADCParametersView:116 -                Rank 2 : false
2026-06-04 13:44:25,063 [INFO] ADCParametersView:116 -                Rank 3 : false
2026-06-04 13:44:25,063 [INFO] ADCParametersView:116 -                Rank 4 : false
2026-06-04 13:44:25,063 [INFO] ADCParametersView:116 -                Rank 1 : false
2026-06-04 13:44:25,063 [INFO] ADCParametersView:116 -                Rank 2 : false
2026-06-04 13:44:25,063 [INFO] ADCParametersView:116 -                Rank 3 : false
2026-06-04 13:44:25,063 [INFO] ADCParametersView:116 -                Rank 4 : false
2026-06-04 13:44:25,063 [INFO] ADCParametersView:116 -                Rank 1 : false
2026-06-04 13:44:25,064 [INFO] ADCParametersView:116 -                Rank 2 : false
2026-06-04 13:44:25,064 [INFO] ADCParametersView:116 -                Rank 3 : false
2026-06-04 13:44:25,064 [INFO] ADCParametersView:116 -                Rank 4 : false
2026-06-04 13:44:25,064 [INFO] ADCParametersView:116 -                Rank 1 : false
2026-06-04 13:44:25,064 [INFO] ADCParametersView:116 -                Rank 2 : false
2026-06-04 13:44:25,064 [INFO] ADCParametersView:116 -                Rank 3 : false
2026-06-04 13:44:25,064 [INFO] ADCParametersView:116 -                Rank 4 : false
2026-06-04 13:44:25,064 [INFO] ADCParametersView:116 -                Rank 1 : false
2026-06-04 13:44:25,064 [INFO] ADCParametersView:116 -                Rank 2 : false
2026-06-04 13:44:25,064 [INFO] ADCParametersView:116 -                Rank 3 : false
2026-06-04 13:44:25,064 [INFO] ADCParametersView:116 -                Rank 4 : false
2026-06-04 13:44:25,064 [INFO] ADCParametersView:116 -                Rank 1 : false
2026-06-04 13:44:25,064 [INFO] ADCParametersView:116 -                Rank 2 : false
2026-06-04 13:44:25,064 [INFO] ADCParametersView:116 -                Rank 3 : false
2026-06-04 13:44:25,064 [INFO] ADCParametersView:116 -                Rank 4 : false
2026-06-04 13:44:25,064 [INFO] ADCParametersView:116 -                Rank 1 : false
2026-06-04 13:44:25,064 [INFO] ADCParametersView:116 -                Rank 2 : false
2026-06-04 13:44:25,064 [INFO] ADCParametersView:116 -                Rank 3 : false
2026-06-04 13:44:25,064 [INFO] ADCParametersView:116 -                Rank 4 : false
2026-06-04 13:44:25,064 [INFO] ADCParametersView:116 -                Rank 1 : false
2026-06-04 13:44:25,064 [INFO] ADCParametersView:116 -                Rank 2 : false
2026-06-04 13:44:25,064 [INFO] ADCParametersView:116 -                Rank 3 : false
2026-06-04 13:44:25,064 [INFO] ADCParametersView:116 -                Rank 4 : false
2026-06-04 13:44:25,064 [INFO] ADCParametersView:116 -                Rank 1 : false
2026-06-04 13:44:25,064 [INFO] ADCParametersView:116 -                Rank 2 : false
2026-06-04 13:44:25,064 [INFO] ADCParametersView:116 -                Rank 3 : false
2026-06-04 13:44:25,064 [INFO] ADCParametersView:116 -                Rank 4 : false
2026-06-04 13:44:25,064 [INFO] ADCParametersView:116 -                Rank 1 : false
2026-06-04 13:44:25,064 [INFO] ADCParametersView:116 -                Rank 2 : false
2026-06-04 13:44:25,064 [INFO] ADCParametersView:116 -                Rank 3 : false
2026-06-04 13:44:25,064 [INFO] ADCParametersView:116 -                Rank 4 : false
2026-06-04 13:44:25,064 [INFO] ADCParametersView:116 -                Rank 1 : false
2026-06-04 13:44:25,064 [INFO] ADCParametersView:116 -                Rank 2 : false
2026-06-04 13:44:25,064 [INFO] ADCParametersView:116 -                Rank 3 : false
2026-06-04 13:44:25,064 [INFO] ADCParametersView:116 -                Rank 4 : false
2026-06-04 13:44:25,064 [INFO] ADCParametersView:116 -                Rank 1 : false
2026-06-04 13:44:25,064 [INFO] ADCParametersView:116 -                Rank 2 : false
2026-06-04 13:44:25,064 [INFO] ADCParametersView:116 -                Rank 3 : false
2026-06-04 13:44:25,064 [INFO] ADCParametersView:116 -                Rank 4 : false
2026-06-04 13:44:25,064 [INFO] ADCParametersView:116 -                Rank 1 : false
2026-06-04 13:44:25,064 [INFO] ADCParametersView:116 -                Rank 2 : false
2026-06-04 13:44:25,064 [INFO] ADCParametersView:116 -                Rank 3 : false
2026-06-04 13:44:25,064 [INFO] ADCParametersView:116 -                Rank 4 : false
2026-06-04 13:44:25,064 [INFO] ADCParametersView:116 -                Rank 1 : false
2026-06-04 13:44:25,064 [INFO] ADCParametersView:116 -                Rank 2 : false
2026-06-04 13:44:25,064 [INFO] ADCParametersView:116 -                Rank 3 : false
2026-06-04 13:44:25,064 [INFO] ADCParametersView:116 -                Rank 4 : false
2026-06-04 13:44:25,064 [INFO] ADCParametersView:116 -                Rank 1 : false
2026-06-04 13:44:25,064 [INFO] ADCParametersView:116 -                Rank 2 : false
2026-06-04 13:44:25,064 [INFO] ADCParametersView:116 -                Rank 3 : false
2026-06-04 13:44:25,064 [INFO] ADCParametersView:116 -                Rank 4 : false
2026-06-04 13:44:25,064 [INFO] ADCParametersView:116 -                Rank 1 : false
2026-06-04 13:44:25,064 [INFO] ADCParametersView:116 -                Rank 2 : false
2026-06-04 13:44:25,064 [INFO] ADCParametersView:116 -                Rank 3 : false
2026-06-04 13:44:25,064 [INFO] ADCParametersView:116 -                Rank 4 : false
2026-06-04 13:44:25,064 [INFO] ADCParametersView:116 -                Rank 1 : false
2026-06-04 13:44:25,064 [INFO] ADCParametersView:116 -                Rank 2 : false
2026-06-04 13:44:25,064 [INFO] ADCParametersView:116 -                Rank 3 : false
2026-06-04 13:44:25,064 [INFO] ADCParametersView:116 -                Rank 4 : false
2026-06-04 13:44:25,064 [INFO] ADCParametersView:116 -                Rank 1 : false
2026-06-04 13:44:25,064 [INFO] ADCParametersView:116 -                Rank 2 : false
2026-06-04 13:44:25,064 [INFO] ADCParametersView:116 -                Rank 3 : false
2026-06-04 13:44:25,064 [INFO] ADCParametersView:116 -                Rank 4 : false
2026-06-04 13:44:25,064 [INFO] ADCParametersView:116 -                Rank 1 : false
2026-06-04 13:44:25,065 [INFO] ADCParametersView:116 -                Rank 2 : false
2026-06-04 13:44:25,065 [INFO] ADCParametersView:116 -                Rank 3 : false
2026-06-04 13:44:25,065 [INFO] ADCParametersView:116 -                Rank 4 : false
2026-06-04 13:44:25,065 [INFO] ADCParametersView:116 -                Rank 1 : false
2026-06-04 13:44:25,065 [INFO] ADCParametersView:116 -                Rank 2 : false
2026-06-04 13:44:25,065 [INFO] ADCParametersView:116 -                Rank 3 : false
2026-06-04 13:44:25,065 [INFO] ADCParametersView:116 -                Rank 4 : false
2026-06-04 13:44:25,065 [INFO] ADCParametersView:116 -                Rank 2 : false
2026-06-04 13:44:25,065 [INFO] ADCParametersView:116 -                Rank 3 : false
2026-06-04 13:44:25,065 [INFO] ADCParametersView:116 -                Rank 4 : false
2026-06-04 13:44:25,065 [INFO] ADCParametersView:116 -                Rank 3 : false
2026-06-04 13:44:25,065 [INFO] ADCParametersView:116 -                Rank 4 : false
2026-06-04 13:44:25,065 [INFO] ADCParametersView:116 -                Rank 4 : false
2026-06-04 13:44:25,077 [INFO] ADCParametersView:116 -                Rank 1 : false
2026-06-04 13:44:25,077 [INFO] ADCParametersView:116 -                Rank 1 : false
2026-06-04 13:44:25,077 [INFO] ADCParametersView:116 -                Rank 2 : false
2026-06-04 13:44:25,077 [INFO] ADCParametersView:116 -                Rank 1 : false
2026-06-04 13:44:25,077 [INFO] ADCParametersView:116 -                Rank 2 : false
2026-06-04 13:44:25,077 [INFO] ADCParametersView:116 -                Rank 3 : false
2026-06-04 13:44:25,077 [INFO] ADCParametersView:116 -                Rank 1 : false
2026-06-04 13:44:25,077 [INFO] ADCParametersView:116 -                Rank 2 : false
2026-06-04 13:44:25,077 [INFO] ADCParametersView:116 -                Rank 3 : false
2026-06-04 13:44:25,077 [INFO] ADCParametersView:116 -                Rank 4 : false
2026-06-04 13:44:25,110 [INFO] ADCParametersView:116 -                Rank 1 : false
2026-06-04 13:44:25,110 [INFO] ADCParametersView:116 -                Rank 2 : false
2026-06-04 13:44:25,111 [INFO] ADCParametersView:116 -                Rank 3 : false
2026-06-04 13:44:25,111 [INFO] ADCParametersView:116 -                Rank 4 : false
2026-06-04 13:44:25,112 [INFO] ADCParametersView:116 -                Rank 1 : false
2026-06-04 13:44:25,112 [INFO] ADCParametersView:116 -                Rank 2 : false
2026-06-04 13:44:25,112 [INFO] ADCParametersView:116 -                Rank 3 : false
2026-06-04 13:44:25,112 [INFO] ADCParametersView:116 -                Rank 4 : false
2026-06-04 13:44:25,112 [INFO] ADCParametersView:116 -                Rank 1 : false
2026-06-04 13:44:25,112 [INFO] ADCParametersView:116 -                Rank 2 : false
2026-06-04 13:44:25,114 [INFO] ADCParametersView:116 -                Rank 3 : false
2026-06-04 13:44:25,114 [INFO] ADCParametersView:116 -                Rank 4 : false
2026-06-04 13:44:25,114 [INFO] ADCParametersView:116 -                Rank 1 : false
2026-06-04 13:44:25,114 [INFO] ADCParametersView:116 -                Rank 2 : false
2026-06-04 13:44:25,114 [INFO] ADCParametersView:116 -                Rank 3 : false
2026-06-04 13:44:25,114 [INFO] ADCParametersView:116 -                Rank 4 : false
2026-06-04 13:44:25,114 [INFO] ADCParametersView:116 -                Rank 1 : false
2026-06-04 13:44:25,114 [INFO] ADCParametersView:116 -                Rank 2 : false
2026-06-04 13:44:25,114 [INFO] ADCParametersView:116 -                Rank 3 : false
2026-06-04 13:44:25,114 [INFO] ADCParametersView:116 -                Rank 4 : false
2026-06-04 13:44:25,114 [INFO] ADCParametersView:116 -                Rank 1 : false
2026-06-04 13:44:25,114 [INFO] ADCParametersView:116 -                Rank 2 : false
2026-06-04 13:44:25,114 [INFO] ADCParametersView:116 -                Rank 3 : false
2026-06-04 13:44:25,114 [INFO] ADCParametersView:116 -                Rank 4 : false
2026-06-04 13:44:25,114 [INFO] ADCParametersView:116 -                Rank 1 : false
2026-06-04 13:44:25,114 [INFO] ADCParametersView:116 -                Rank 2 : false
2026-06-04 13:44:25,114 [INFO] ADCParametersView:116 -                Rank 3 : false
2026-06-04 13:44:25,114 [INFO] ADCParametersView:116 -                Rank 4 : false
2026-06-04 13:44:25,114 [INFO] ADCParametersView:116 -                Rank 1 : false
2026-06-04 13:44:25,114 [INFO] ADCParametersView:116 -                Rank 2 : false
2026-06-04 13:44:25,114 [INFO] ADCParametersView:116 -                Rank 3 : false
2026-06-04 13:44:25,114 [INFO] ADCParametersView:116 -                Rank 4 : false
2026-06-04 13:44:25,115 [INFO] ADCParametersView:116 -                Rank 1 : false
2026-06-04 13:44:25,115 [INFO] ADCParametersView:116 -                Rank 2 : false
2026-06-04 13:44:25,115 [INFO] ADCParametersView:116 -                Rank 3 : false
2026-06-04 13:44:25,115 [INFO] ADCParametersView:116 -                Rank 4 : false
2026-06-04 13:44:25,115 [INFO] ADCParametersView:116 -                Rank 1 : false
2026-06-04 13:44:25,115 [INFO] ADCParametersView:116 -                Rank 2 : false
2026-06-04 13:44:25,115 [INFO] ADCParametersView:116 -                Rank 3 : false
2026-06-04 13:44:25,115 [INFO] ADCParametersView:116 -                Rank 4 : false
2026-06-04 13:44:25,115 [INFO] ADCParametersView:116 -                Rank 1 : false
2026-06-04 13:44:25,115 [INFO] ADCParametersView:116 -                Rank 2 : false
2026-06-04 13:44:25,115 [INFO] ADCParametersView:116 -                Rank 3 : false
2026-06-04 13:44:25,115 [INFO] ADCParametersView:116 -                Rank 4 : false
2026-06-04 13:44:25,115 [INFO] ADCParametersView:116 -                Rank 1 : false
2026-06-04 13:44:25,115 [INFO] ADCParametersView:116 -                Rank 2 : false
2026-06-04 13:44:25,115 [INFO] ADCParametersView:116 -                Rank 3 : false
2026-06-04 13:44:25,115 [INFO] ADCParametersView:116 -                Rank 4 : false
2026-06-04 13:44:25,115 [INFO] ADCParametersView:116 -                Rank 1 : false
2026-06-04 13:44:25,115 [INFO] ADCParametersView:116 -                Rank 2 : false
2026-06-04 13:44:25,115 [INFO] ADCParametersView:116 -                Rank 3 : false
2026-06-04 13:44:25,115 [INFO] ADCParametersView:116 -                Rank 4 : false
2026-06-04 13:44:25,115 [INFO] ADCParametersView:116 -                Rank 1 : false
2026-06-04 13:44:25,115 [INFO] ADCParametersView:116 -                Rank 2 : false
2026-06-04 13:44:25,116 [INFO] ADCParametersView:116 -                Rank 3 : false
2026-06-04 13:44:25,116 [INFO] ADCParametersView:116 -                Rank 4 : false
2026-06-04 13:44:25,116 [INFO] ADCParametersView:116 -                Rank 1 : false
2026-06-04 13:44:25,116 [INFO] ADCParametersView:116 -                Rank 2 : false
2026-06-04 13:44:25,116 [INFO] ADCParametersView:116 -                Rank 3 : false
2026-06-04 13:44:25,116 [INFO] ADCParametersView:116 -                Rank 4 : false
2026-06-04 13:44:25,116 [INFO] ADCParametersView:116 -                Rank 1 : false
2026-06-04 13:44:25,116 [INFO] ADCParametersView:116 -                Rank 2 : false
2026-06-04 13:44:25,116 [INFO] ADCParametersView:116 -                Rank 3 : false
2026-06-04 13:44:25,116 [INFO] ADCParametersView:116 -                Rank 4 : false
2026-06-04 13:44:25,116 [INFO] ADCParametersView:116 -                Rank 1 : false
2026-06-04 13:44:25,116 [INFO] ADCParametersView:116 -                Rank 2 : false
2026-06-04 13:44:25,116 [INFO] ADCParametersView:116 -                Rank 3 : false
2026-06-04 13:44:25,116 [INFO] ADCParametersView:116 -                Rank 4 : false
2026-06-04 13:44:25,116 [INFO] ADCParametersView:116 -                Rank 1 : false
2026-06-04 13:44:25,116 [INFO] ADCParametersView:116 -                Rank 2 : false
2026-06-04 13:44:25,116 [INFO] ADCParametersView:116 -                Rank 3 : false
2026-06-04 13:44:25,116 [INFO] ADCParametersView:116 -                Rank 4 : false
2026-06-04 13:44:25,116 [INFO] ADCParametersView:116 -                Rank 1 : false
2026-06-04 13:44:25,116 [INFO] ADCParametersView:116 -                Rank 2 : false
2026-06-04 13:44:25,116 [INFO] ADCParametersView:116 -                Rank 3 : false
2026-06-04 13:44:25,116 [INFO] ADCParametersView:116 -                Rank 4 : false
2026-06-04 13:44:25,116 [INFO] ADCParametersView:116 -                Rank 1 : false
2026-06-04 13:44:25,116 [INFO] ADCParametersView:116 -                Rank 2 : false
2026-06-04 13:44:25,116 [INFO] ADCParametersView:116 -                Rank 3 : false
2026-06-04 13:44:25,116 [INFO] ADCParametersView:116 -                Rank 4 : false
2026-06-04 13:44:25,117 [INFO] ADCParametersView:116 -                Rank 1 : false
2026-06-04 13:44:25,117 [INFO] ADCParametersView:116 -                Rank 2 : false
2026-06-04 13:44:25,117 [INFO] ADCParametersView:116 -                Rank 3 : false
2026-06-04 13:44:25,117 [INFO] ADCParametersView:116 -                Rank 4 : false
2026-06-04 13:44:25,117 [INFO] ADCParametersView:116 -                Rank 1 : false
2026-06-04 13:44:25,117 [INFO] ADCParametersView:116 -                Rank 2 : false
2026-06-04 13:44:25,117 [INFO] ADCParametersView:116 -                Rank 3 : false
2026-06-04 13:44:25,117 [INFO] ADCParametersView:116 -                Rank 4 : false
2026-06-04 13:44:25,117 [INFO] ADCParametersView:116 -                Rank 2 : false
2026-06-04 13:44:25,117 [INFO] ADCParametersView:116 -                Rank 3 : false
2026-06-04 13:44:25,117 [INFO] ADCParametersView:116 -                Rank 4 : false
2026-06-04 13:44:25,117 [INFO] ADCParametersView:116 -                Rank 3 : false
2026-06-04 13:44:25,117 [INFO] ADCParametersView:116 -                Rank 4 : false
2026-06-04 13:44:25,117 [INFO] ADCParametersView:116 -                Rank 4 : false
2026-06-04 13:44:25,143 [INFO] ADCParametersView:116 -                Rank 1 : false
2026-06-04 13:44:25,143 [INFO] ADCParametersView:116 -                Rank 1 : false
2026-06-04 13:44:25,143 [INFO] ADCParametersView:116 -                Rank 2 : false
2026-06-04 13:44:25,144 [INFO] ADCParametersView:116 -                Rank 1 : false
2026-06-04 13:44:25,144 [INFO] ADCParametersView:116 -                Rank 2 : false
2026-06-04 13:44:25,144 [INFO] ADCParametersView:116 -                Rank 3 : false
2026-06-04 13:44:25,144 [INFO] ADCParametersView:116 -                Rank 1 : false
2026-06-04 13:44:25,144 [INFO] ADCParametersView:116 -                Rank 2 : false
2026-06-04 13:44:25,144 [INFO] ADCParametersView:116 -                Rank 3 : false
2026-06-04 13:44:25,144 [INFO] ADCParametersView:116 -                Rank 4 : false
2026-06-04 13:44:25,220 [INFO] NvicIntPanel:101 - NVIC parent = com.st.microxplorer.plugins.ip.nvic.MultiNvicIntPanel[,0,0,0x0,invalid,layout=javax.swing.BoxLayout,alignmentX=0.0,alignmentY=0.0,border=,flags=9,maximumSize=,minimumSize=,preferredSize=]
2026-06-04 13:44:25,319 [INFO] NvicIntPanel:101 - NVIC parent = com.st.microxplorer.plugins.ip.nvic.MultiNvicIntPanel[,0,0,0x0,invalid,layout=javax.swing.BoxLayout,alignmentX=0.0,alignmentY=0.0,border=,flags=9,maximumSize=,minimumSize=,preferredSize=]
2026-06-04 13:44:25,380 [INFO] NvicIntPanel:101 - NVIC parent = com.st.microxplorer.plugins.ip.nvic.MultiNvicIntPanel[,0,0,0x0,invalid,layout=javax.swing.BoxLayout,alignmentX=0.0,alignmentY=0.0,border=,flags=9,maximumSize=,minimumSize=,preferredSize=]
2026-06-04 13:44:25,402 [INFO] ADCParametersView:116 -                Rank 1 : false
2026-06-04 13:44:25,402 [INFO] ADCParametersView:116 -                Rank 2 : false
2026-06-04 13:44:25,402 [INFO] ADCParametersView:116 -                Rank 3 : false
2026-06-04 13:44:25,402 [INFO] ADCParametersView:116 -                Rank 4 : false
2026-06-04 13:44:25,403 [INFO] ADCParametersView:116 -                Rank 1 : false
2026-06-04 13:44:25,403 [INFO] ADCParametersView:116 -                Rank 2 : false
2026-06-04 13:44:25,403 [INFO] ADCParametersView:116 -                Rank 3 : false
2026-06-04 13:44:25,403 [INFO] ADCParametersView:116 -                Rank 4 : false
2026-06-04 13:44:25,403 [INFO] ADCParametersView:116 -                Rank 1 : false
2026-06-04 13:44:25,403 [INFO] ADCParametersView:116 -                Rank 2 : false
2026-06-04 13:44:25,403 [INFO] ADCParametersView:116 -                Rank 3 : false
2026-06-04 13:44:25,403 [INFO] ADCParametersView:116 -                Rank 4 : false
2026-06-04 13:44:25,403 [INFO] ADCParametersView:116 -                Rank 1 : false
2026-06-04 13:44:25,403 [INFO] ADCParametersView:116 -                Rank 2 : false
2026-06-04 13:44:25,403 [INFO] ADCParametersView:116 -                Rank 3 : false
2026-06-04 13:44:25,403 [INFO] ADCParametersView:116 -                Rank 4 : false
2026-06-04 13:44:25,403 [INFO] ADCParametersView:116 -                Rank 1 : false
2026-06-04 13:44:25,403 [INFO] ADCParametersView:116 -                Rank 2 : false
2026-06-04 13:44:25,403 [INFO] ADCParametersView:116 -                Rank 3 : false
2026-06-04 13:44:25,403 [INFO] ADCParametersView:116 -                Rank 4 : false
2026-06-04 13:44:25,403 [INFO] ADCParametersView:116 -                Rank 1 : false
2026-06-04 13:44:25,403 [INFO] ADCParametersView:116 -                Rank 2 : false
2026-06-04 13:44:25,403 [INFO] ADCParametersView:116 -                Rank 3 : false
2026-06-04 13:44:25,403 [INFO] ADCParametersView:116 -                Rank 4 : false
2026-06-04 13:44:25,403 [INFO] ADCParametersView:116 -                Rank 1 : false
2026-06-04 13:44:25,403 [INFO] ADCParametersView:116 -                Rank 2 : false
2026-06-04 13:44:25,403 [INFO] ADCParametersView:116 -                Rank 3 : false
2026-06-04 13:44:25,403 [INFO] ADCParametersView:116 -                Rank 4 : false
2026-06-04 13:44:25,403 [INFO] ADCParametersView:116 -                Rank 1 : false
2026-06-04 13:44:25,403 [INFO] ADCParametersView:116 -                Rank 2 : false
2026-06-04 13:44:25,403 [INFO] ADCParametersView:116 -                Rank 3 : false
2026-06-04 13:44:25,403 [INFO] ADCParametersView:116 -                Rank 4 : false
2026-06-04 13:44:25,403 [INFO] ADCParametersView:116 -                Rank 1 : false
2026-06-04 13:44:25,403 [INFO] ADCParametersView:116 -                Rank 2 : false
2026-06-04 13:44:25,403 [INFO] ADCParametersView:116 -                Rank 3 : false
2026-06-04 13:44:25,403 [INFO] ADCParametersView:116 -                Rank 4 : false
2026-06-04 13:44:25,403 [INFO] ADCParametersView:116 -                Rank 1 : false
2026-06-04 13:44:25,403 [INFO] ADCParametersView:116 -                Rank 2 : false
2026-06-04 13:44:25,403 [INFO] ADCParametersView:116 -                Rank 3 : false
2026-06-04 13:44:25,403 [INFO] ADCParametersView:116 -                Rank 4 : false
2026-06-04 13:44:25,403 [INFO] ADCParametersView:116 -                Rank 1 : false
2026-06-04 13:44:25,403 [INFO] ADCParametersView:116 -                Rank 2 : false
2026-06-04 13:44:25,403 [INFO] ADCParametersView:116 -                Rank 3 : false
2026-06-04 13:44:25,403 [INFO] ADCParametersView:116 -                Rank 4 : false
2026-06-04 13:44:25,403 [INFO] ADCParametersView:116 -                Rank 1 : false
2026-06-04 13:44:25,403 [INFO] ADCParametersView:116 -                Rank 2 : false
2026-06-04 13:44:25,403 [INFO] ADCParametersView:116 -                Rank 3 : false
2026-06-04 13:44:25,403 [INFO] ADCParametersView:116 -                Rank 4 : false
2026-06-04 13:44:25,403 [INFO] ADCParametersView:116 -                Rank 1 : false
2026-06-04 13:44:25,403 [INFO] ADCParametersView:116 -                Rank 2 : false
2026-06-04 13:44:25,403 [INFO] ADCParametersView:116 -                Rank 3 : false
2026-06-04 13:44:25,403 [INFO] ADCParametersView:116 -                Rank 4 : false
2026-06-04 13:44:25,403 [INFO] ADCParametersView:116 -                Rank 1 : false
2026-06-04 13:44:25,403 [INFO] ADCParametersView:116 -                Rank 2 : false
2026-06-04 13:44:25,403 [INFO] ADCParametersView:116 -                Rank 3 : false
2026-06-04 13:44:25,403 [INFO] ADCParametersView:116 -                Rank 4 : false
2026-06-04 13:44:25,403 [INFO] ADCParametersView:116 -                Rank 1 : false
2026-06-04 13:44:25,403 [INFO] ADCParametersView:116 -                Rank 2 : false
2026-06-04 13:44:25,403 [INFO] ADCParametersView:116 -                Rank 3 : false
2026-06-04 13:44:25,403 [INFO] ADCParametersView:116 -                Rank 4 : false
2026-06-04 13:44:25,404 [INFO] ADCParametersView:116 -                Rank 1 : false
2026-06-04 13:44:25,404 [INFO] ADCParametersView:116 -                Rank 2 : false
2026-06-04 13:44:25,404 [INFO] ADCParametersView:116 -                Rank 3 : false
2026-06-04 13:44:25,404 [INFO] ADCParametersView:116 -                Rank 4 : false
2026-06-04 13:44:25,404 [INFO] ADCParametersView:116 -                Rank 1 : false
2026-06-04 13:44:25,404 [INFO] ADCParametersView:116 -                Rank 2 : false
2026-06-04 13:44:25,404 [INFO] ADCParametersView:116 -                Rank 3 : false
2026-06-04 13:44:25,404 [INFO] ADCParametersView:116 -                Rank 4 : false
2026-06-04 13:44:25,404 [INFO] ADCParametersView:116 -                Rank 1 : false
2026-06-04 13:44:25,404 [INFO] ADCParametersView:116 -                Rank 2 : false
2026-06-04 13:44:25,404 [INFO] ADCParametersView:116 -                Rank 3 : false
2026-06-04 13:44:25,404 [INFO] ADCParametersView:116 -                Rank 4 : false
2026-06-04 13:44:25,404 [INFO] ADCParametersView:116 -                Rank 1 : false
2026-06-04 13:44:25,404 [INFO] ADCParametersView:116 -                Rank 2 : false
2026-06-04 13:44:25,404 [INFO] ADCParametersView:116 -                Rank 3 : false
2026-06-04 13:44:25,404 [INFO] ADCParametersView:116 -                Rank 4 : false
2026-06-04 13:44:25,404 [INFO] ADCParametersView:116 -                Rank 1 : false
2026-06-04 13:44:25,404 [INFO] ADCParametersView:116 -                Rank 2 : false
2026-06-04 13:44:25,404 [INFO] ADCParametersView:116 -                Rank 3 : false
2026-06-04 13:44:25,404 [INFO] ADCParametersView:116 -                Rank 4 : false
2026-06-04 13:44:25,404 [INFO] ADCParametersView:116 -                Rank 1 : false
2026-06-04 13:44:25,404 [INFO] ADCParametersView:116 -                Rank 2 : false
2026-06-04 13:44:25,404 [INFO] ADCParametersView:116 -                Rank 3 : false
2026-06-04 13:44:25,404 [INFO] ADCParametersView:116 -                Rank 4 : false
2026-06-04 13:44:25,404 [INFO] ADCParametersView:116 -                Rank 1 : false
2026-06-04 13:44:25,404 [INFO] ADCParametersView:116 -                Rank 2 : false
2026-06-04 13:44:25,404 [INFO] ADCParametersView:116 -                Rank 3 : false
2026-06-04 13:44:25,404 [INFO] ADCParametersView:116 -                Rank 4 : false
2026-06-04 13:44:25,404 [INFO] ADCParametersView:116 -                Rank 2 : false
2026-06-04 13:44:25,404 [INFO] ADCParametersView:116 -                Rank 3 : false
2026-06-04 13:44:25,404 [INFO] ADCParametersView:116 -                Rank 4 : false
2026-06-04 13:44:25,404 [INFO] ADCParametersView:116 -                Rank 3 : false
2026-06-04 13:44:25,404 [INFO] ADCParametersView:116 -                Rank 4 : false
2026-06-04 13:44:25,404 [INFO] ADCParametersView:116 -                Rank 4 : false
2026-06-04 13:44:25,449 [INFO] NvicIntPanel:101 - NVIC parent = com.st.microxplorer.plugins.ip.nvic.MultiNvicIntPanel[,0,0,0x0,invalid,layout=javax.swing.BoxLayout,alignmentX=0.0,alignmentY=0.0,border=,flags=9,maximumSize=,minimumSize=,preferredSize=]
2026-06-04 13:44:25,502 [INFO] NvicIntPanel:101 - NVIC parent = com.st.microxplorer.plugins.ip.nvic.MultiNvicIntPanel[,0,0,0x0,invalid,layout=javax.swing.BoxLayout,alignmentX=0.0,alignmentY=0.0,border=,flags=9,maximumSize=,minimumSize=,preferredSize=]
2026-06-04 13:44:25,560 [INFO] NvicIntPanel:101 - NVIC parent = com.st.microxplorer.plugins.ip.nvic.MultiNvicIntPanel[,0,0,0x0,invalid,layout=javax.swing.BoxLayout,alignmentX=0.0,alignmentY=0.0,border=,flags=9,maximumSize=,minimumSize=,preferredSize=]
2026-06-04 13:44:25,617 [INFO] NvicIntPanel:101 - NVIC parent = com.st.microxplorer.plugins.ip.nvic.MultiNvicIntPanel[,0,0,0x0,invalid,layout=javax.swing.BoxLayout,alignmentX=0.0,alignmentY=0.0,border=,flags=9,maximumSize=,minimumSize=,preferredSize=]
2026-06-04 13:44:25,635 [INFO] ADCParametersView:116 -                Rank 1 : false
2026-06-04 13:44:25,635 [INFO] ADCParametersView:116 -                Rank 1 : false
2026-06-04 13:44:25,635 [INFO] ADCParametersView:116 -                Rank 2 : false
2026-06-04 13:44:25,635 [INFO] ADCParametersView:116 -                Rank 1 : false
2026-06-04 13:44:25,635 [INFO] ADCParametersView:116 -                Rank 2 : false
2026-06-04 13:44:25,635 [INFO] ADCParametersView:116 -                Rank 3 : false
2026-06-04 13:44:25,636 [INFO] ADCParametersView:116 -                Rank 1 : false
2026-06-04 13:44:25,636 [INFO] ADCParametersView:116 -                Rank 2 : false
2026-06-04 13:44:25,636 [INFO] ADCParametersView:116 -                Rank 3 : false
2026-06-04 13:44:25,636 [INFO] ADCParametersView:116 -                Rank 4 : false
2026-06-04 13:45:45,532 [INFO] NvicIntPanel:101 - NVIC parent = com.st.microxplorer.plugins.ip.nvic.MultiNvicIntPanel[,0,0,0x0,invalid,layout=javax.swing.BoxLayout,alignmentX=0.0,alignmentY=0.0,border=,flags=9,maximumSize=,minimumSize=,preferredSize=]
2026-06-04 13:46:55,753 [INFO] Gpio:278 - dependency for GPIO [ADC1, SYS, TIM1]
2026-06-04 13:47:45,035 [INFO] NvicIntPanel:101 - NVIC parent = com.st.microxplorer.plugins.ip.nvic.MultiNvicIntPanel[,2,27,469x408,layout=javax.swing.BoxLayout,alignmentX=0.0,alignmentY=0.0,border=,flags=9,maximumSize=,minimumSize=,preferredSize=]
2026-06-04 13:47:46,381 [INFO] Gpio:278 - dependency for GPIO [ADC1, SYS, TIM1]
2026-06-04 13:47:46,843 [INFO] Gpio:278 - dependency for GPIO [ADC1, SYS, TIM1]
2026-06-04 13:50:18,695 [INFO] Gpio:278 - dependency for GPIO [ADC1, SYS, TIM1]
2026-06-04 13:51:27,564 [INFO] NvicIntPanel:101 - NVIC parent = com.st.microxplorer.plugins.ip.nvic.MultiNvicIntPanel[,0,0,0x0,invalid,layout=javax.swing.BoxLayout,alignmentX=0.0,alignmentY=0.0,border=,flags=9,maximumSize=,minimumSize=,preferredSize=]
2026-06-04 13:51:27,649 [INFO] NvicIntPanel:101 - NVIC parent = com.st.microxplorer.plugins.ip.nvic.MultiNvicIntPanel[,0,0,0x0,invalid,layout=javax.swing.BoxLayout,alignmentX=0.0,alignmentY=0.0,border=,flags=9,maximumSize=,minimumSize=,preferredSize=]
2026-06-04 13:51:27,722 [INFO] NvicIntPanel:101 - NVIC parent = com.st.microxplorer.plugins.ip.nvic.MultiNvicIntPanel[,0,0,0x0,invalid,layout=javax.swing.BoxLayout,alignmentX=0.0,alignmentY=0.0,border=,flags=9,maximumSize=,minimumSize=,preferredSize=]
2026-06-04 13:51:27,808 [INFO] NvicIntPanel:101 - NVIC parent = com.st.microxplorer.plugins.ip.nvic.MultiNvicIntPanel[,0,0,0x0,invalid,layout=javax.swing.BoxLayout,alignmentX=0.0,alignmentY=0.0,border=,flags=9,maximumSize=,minimumSize=,preferredSize=]
2026-06-04 13:51:27,972 [INFO] NvicIntPanel:101 - NVIC parent = com.st.microxplorer.plugins.ip.nvic.MultiNvicIntPanel[,0,0,0x0,invalid,layout=javax.swing.BoxLayout,alignmentX=0.0,alignmentY=0.0,border=,flags=9,maximumSize=,minimumSize=,preferredSize=]
2026-06-04 13:51:28,056 [INFO] NvicIntPanel:101 - NVIC parent = com.st.microxplorer.plugins.ip.nvic.MultiNvicIntPanel[,0,0,0x0,invalid,layout=javax.swing.BoxLayout,alignmentX=0.0,alignmentY=0.0,border=,flags=9,maximumSize=,minimumSize=,preferredSize=]
2026-06-04 13:51:28,125 [INFO] NvicIntPanel:101 - NVIC parent = com.st.microxplorer.plugins.ip.nvic.MultiNvicIntPanel[,0,0,0x0,invalid,layout=javax.swing.BoxLayout,alignmentX=0.0,alignmentY=0.0,border=,flags=9,maximumSize=,minimumSize=,preferredSize=]
2026-06-04 13:51:28,183 [INFO] NvicIntPanel:101 - NVIC parent = com.st.microxplorer.plugins.ip.nvic.MultiNvicIntPanel[,0,0,0x0,invalid,layout=javax.swing.BoxLayout,alignmentX=0.0,alignmentY=0.0,border=,flags=9,maximumSize=,minimumSize=,preferredSize=]
2026-06-04 13:51:28,270 [INFO] NvicIntPanel:101 - NVIC parent = com.st.microxplorer.plugins.ip.nvic.MultiNvicIntPanel[,0,0,0x0,invalid,layout=javax.swing.BoxLayout,alignmentX=0.0,alignmentY=0.0,border=,flags=9,maximumSize=,minimumSize=,preferredSize=]
2026-06-04 13:51:28,331 [INFO] NvicIntPanel:101 - NVIC parent = com.st.microxplorer.plugins.ip.nvic.MultiNvicIntPanel[,0,0,0x0,invalid,layout=javax.swing.BoxLayout,alignmentX=0.0,alignmentY=0.0,border=,flags=9,maximumSize=,minimumSize=,preferredSize=]
2026-06-04 13:51:28,393 [INFO] NvicIntPanel:101 - NVIC parent = com.st.microxplorer.plugins.ip.nvic.MultiNvicIntPanel[,0,0,0x0,invalid,layout=javax.swing.BoxLayout,alignmentX=0.0,alignmentY=0.0,border=,flags=9,maximumSize=,minimumSize=,preferredSize=]
2026-06-04 13:51:28,463 [INFO] NvicIntPanel:101 - NVIC parent = com.st.microxplorer.plugins.ip.nvic.MultiNvicIntPanel[,0,0,0x0,invalid,layout=javax.swing.BoxLayout,alignmentX=0.0,alignmentY=0.0,border=,flags=9,maximumSize=,minimumSize=,preferredSize=]
2026-06-04 13:51:41,102 [INFO] UtilMem:75 - End SaveConfig() Used Memory: 731597888 Bytes (1073741824)
2026-06-04 13:53:33,985 [INFO] NvicIntPanel:101 - NVIC parent = com.st.microxplorer.plugins.ip.nvic.MultiNvicIntPanel[,0,0,0x0,invalid,layout=javax.swing.BoxLayout,alignmentX=0.0,alignmentY=0.0,border=,flags=9,maximumSize=,minimumSize=,preferredSize=]
2026-06-04 13:53:34,141 [INFO] NvicIntPanel:101 - NVIC parent = com.st.microxplorer.plugins.ip.nvic.MultiNvicIntPanel[,0,0,0x0,invalid,layout=javax.swing.BoxLayout,alignmentX=0.0,alignmentY=0.0,border=,flags=9,maximumSize=,minimumSize=,preferredSize=]
2026-06-04 13:53:34,280 [INFO] NvicIntPanel:101 - NVIC parent = com.st.microxplorer.plugins.ip.nvic.MultiNvicIntPanel[,0,0,0x0,invalid,layout=javax.swing.BoxLayout,alignmentX=0.0,alignmentY=0.0,border=,flags=9,maximumSize=,minimumSize=,preferredSize=]
2026-06-04 13:53:34,402 [INFO] NvicIntPanel:101 - NVIC parent = com.st.microxplorer.plugins.ip.nvic.MultiNvicIntPanel[,0,0,0x0,invalid,layout=javax.swing.BoxLayout,alignmentX=0.0,alignmentY=0.0,border=,flags=9,maximumSize=,minimumSize=,preferredSize=]
2026-06-04 13:53:34,577 [INFO] NvicIntPanel:101 - NVIC parent = com.st.microxplorer.plugins.ip.nvic.MultiNvicIntPanel[,0,0,0x0,invalid,layout=javax.swing.BoxLayout,alignmentX=0.0,alignmentY=0.0,border=,flags=9,maximumSize=,minimumSize=,preferredSize=]
2026-06-04 13:53:34,732 [INFO] NvicIntPanel:101 - NVIC parent = com.st.microxplorer.plugins.ip.nvic.MultiNvicIntPanel[,0,0,0x0,invalid,layout=javax.swing.BoxLayout,alignmentX=0.0,alignmentY=0.0,border=,flags=9,maximumSize=,minimumSize=,preferredSize=]
2026-06-04 13:53:34,871 [INFO] NvicIntPanel:101 - NVIC parent = com.st.microxplorer.plugins.ip.nvic.MultiNvicIntPanel[,0,0,0x0,invalid,layout=javax.swing.BoxLayout,alignmentX=0.0,alignmentY=0.0,border=,flags=9,maximumSize=,minimumSize=,preferredSize=]
2026-06-04 13:53:34,994 [INFO] NvicIntPanel:101 - NVIC parent = com.st.microxplorer.plugins.ip.nvic.MultiNvicIntPanel[,0,0,0x0,invalid,layout=javax.swing.BoxLayout,alignmentX=0.0,alignmentY=0.0,border=,flags=9,maximumSize=,minimumSize=,preferredSize=]
2026-06-04 13:53:35,131 [INFO] NvicIntPanel:101 - NVIC parent = com.st.microxplorer.plugins.ip.nvic.MultiNvicIntPanel[,0,0,0x0,invalid,layout=javax.swing.BoxLayout,alignmentX=0.0,alignmentY=0.0,border=,flags=9,maximumSize=,minimumSize=,preferredSize=]
2026-06-04 13:53:35,227 [INFO] NvicIntPanel:101 - NVIC parent = com.st.microxplorer.plugins.ip.nvic.MultiNvicIntPanel[,0,0,0x0,invalid,layout=javax.swing.BoxLayout,alignmentX=0.0,alignmentY=0.0,border=,flags=9,maximumSize=,minimumSize=,preferredSize=]
2026-06-04 13:53:35,331 [INFO] NvicIntPanel:101 - NVIC parent = com.st.microxplorer.plugins.ip.nvic.MultiNvicIntPanel[,0,0,0x0,invalid,layout=javax.swing.BoxLayout,alignmentX=0.0,alignmentY=0.0,border=,flags=9,maximumSize=,minimumSize=,preferredSize=]
2026-06-04 13:53:35,407 [INFO] NvicIntPanel:101 - NVIC parent = com.st.microxplorer.plugins.ip.nvic.MultiNvicIntPanel[,0,0,0x0,invalid,layout=javax.swing.BoxLayout,alignmentX=0.0,alignmentY=0.0,border=,flags=9,maximumSize=,minimumSize=,preferredSize=]
2026-06-04 13:53:46,480 [INFO] NvicIntPanel:101 - NVIC parent = com.st.microxplorer.plugins.ip.nvic.MultiNvicIntPanel[,0,0,0x0,invalid,layout=javax.swing.BoxLayout,alignmentX=0.0,alignmentY=0.0,border=,flags=9,maximumSize=,minimumSize=,preferredSize=]
2026-06-04 13:53:46,551 [INFO] NvicIntPanel:101 - NVIC parent = com.st.microxplorer.plugins.ip.nvic.MultiNvicIntPanel[,0,0,0x0,invalid,layout=javax.swing.BoxLayout,alignmentX=0.0,alignmentY=0.0,border=,flags=9,maximumSize=,minimumSize=,preferredSize=]
2026-06-04 13:53:46,625 [INFO] NvicIntPanel:101 - NVIC parent = com.st.microxplorer.plugins.ip.nvic.MultiNvicIntPanel[,0,0,0x0,invalid,layout=javax.swing.BoxLayout,alignmentX=0.0,alignmentY=0.0,border=,flags=9,maximumSize=,minimumSize=,preferredSize=]
2026-06-04 13:53:46,701 [INFO] NvicIntPanel:101 - NVIC parent = com.st.microxplorer.plugins.ip.nvic.MultiNvicIntPanel[,0,0,0x0,invalid,layout=javax.swing.BoxLayout,alignmentX=0.0,alignmentY=0.0,border=,flags=9,maximumSize=,minimumSize=,preferredSize=]
2026-06-04 13:53:46,796 [INFO] NvicIntPanel:101 - NVIC parent = com.st.microxplorer.plugins.ip.nvic.MultiNvicIntPanel[,0,0,0x0,invalid,layout=javax.swing.BoxLayout,alignmentX=0.0,alignmentY=0.0,border=,flags=9,maximumSize=,minimumSize=,preferredSize=]
2026-06-04 13:53:46,864 [INFO] NvicIntPanel:101 - NVIC parent = com.st.microxplorer.plugins.ip.nvic.MultiNvicIntPanel[,0,0,0x0,invalid,layout=javax.swing.BoxLayout,alignmentX=0.0,alignmentY=0.0,border=,flags=9,maximumSize=,minimumSize=,preferredSize=]
2026-06-04 13:53:46,933 [INFO] NvicIntPanel:101 - NVIC parent = com.st.microxplorer.plugins.ip.nvic.MultiNvicIntPanel[,0,0,0x0,invalid,layout=javax.swing.BoxLayout,alignmentX=0.0,alignmentY=0.0,border=,flags=9,maximumSize=,minimumSize=,preferredSize=]
2026-06-04 13:53:47,031 [INFO] NvicIntPanel:101 - NVIC parent = com.st.microxplorer.plugins.ip.nvic.MultiNvicIntPanel[,0,0,0x0,invalid,layout=javax.swing.BoxLayout,alignmentX=0.0,alignmentY=0.0,border=,flags=9,maximumSize=,minimumSize=,preferredSize=]
2026-06-04 13:53:47,172 [INFO] NvicIntPanel:101 - NVIC parent = com.st.microxplorer.plugins.ip.nvic.MultiNvicIntPanel[,0,0,0x0,invalid,layout=javax.swing.BoxLayout,alignmentX=0.0,alignmentY=0.0,border=,flags=9,maximumSize=,minimumSize=,preferredSize=]
2026-06-04 13:53:47,248 [INFO] NvicIntPanel:101 - NVIC parent = com.st.microxplorer.plugins.ip.nvic.MultiNvicIntPanel[,0,0,0x0,invalid,layout=javax.swing.BoxLayout,alignmentX=0.0,alignmentY=0.0,border=,flags=9,maximumSize=,minimumSize=,preferredSize=]
2026-06-04 13:53:47,301 [INFO] NvicIntPanel:101 - NVIC parent = com.st.microxplorer.plugins.ip.nvic.MultiNvicIntPanel[,0,0,0x0,invalid,layout=javax.swing.BoxLayout,alignmentX=0.0,alignmentY=0.0,border=,flags=9,maximumSize=,minimumSize=,preferredSize=]
2026-06-04 13:53:47,357 [INFO] NvicIntPanel:101 - NVIC parent = com.st.microxplorer.plugins.ip.nvic.MultiNvicIntPanel[,0,0,0x0,invalid,layout=javax.swing.BoxLayout,alignmentX=0.0,alignmentY=0.0,border=,flags=9,maximumSize=,minimumSize=,preferredSize=]
2026-06-04 13:54:05,928 [INFO] NvicIntPanel:101 - NVIC parent = com.st.microxplorer.plugins.ip.nvic.MultiNvicIntPanel[,0,0,0x0,invalid,layout=javax.swing.BoxLayout,alignmentX=0.0,alignmentY=0.0,border=,flags=9,maximumSize=,minimumSize=,preferredSize=]
2026-06-04 13:54:06,101 [INFO] NvicIntPanel:101 - NVIC parent = com.st.microxplorer.plugins.ip.nvic.MultiNvicIntPanel[,0,0,0x0,invalid,layout=javax.swing.BoxLayout,alignmentX=0.0,alignmentY=0.0,border=,flags=9,maximumSize=,minimumSize=,preferredSize=]
2026-06-04 13:54:06,245 [INFO] NvicIntPanel:101 - NVIC parent = com.st.microxplorer.plugins.ip.nvic.MultiNvicIntPanel[,0,0,0x0,invalid,layout=javax.swing.BoxLayout,alignmentX=0.0,alignmentY=0.0,border=,flags=9,maximumSize=,minimumSize=,preferredSize=]
2026-06-04 13:54:06,351 [INFO] NvicIntPanel:101 - NVIC parent = com.st.microxplorer.plugins.ip.nvic.MultiNvicIntPanel[,0,0,0x0,invalid,layout=javax.swing.BoxLayout,alignmentX=0.0,alignmentY=0.0,border=,flags=9,maximumSize=,minimumSize=,preferredSize=]
2026-06-04 13:54:06,480 [INFO] NvicIntPanel:101 - NVIC parent = com.st.microxplorer.plugins.ip.nvic.MultiNvicIntPanel[,0,0,0x0,invalid,layout=javax.swing.BoxLayout,alignmentX=0.0,alignmentY=0.0,border=,flags=9,maximumSize=,minimumSize=,preferredSize=]
2026-06-04 13:54:06,586 [INFO] NvicIntPanel:101 - NVIC parent = com.st.microxplorer.plugins.ip.nvic.MultiNvicIntPanel[,0,0,0x0,invalid,layout=javax.swing.BoxLayout,alignmentX=0.0,alignmentY=0.0,border=,flags=9,maximumSize=,minimumSize=,preferredSize=]
2026-06-04 13:54:06,664 [INFO] NvicIntPanel:101 - NVIC parent = com.st.microxplorer.plugins.ip.nvic.MultiNvicIntPanel[,0,0,0x0,invalid,layout=javax.swing.BoxLayout,alignmentX=0.0,alignmentY=0.0,border=,flags=9,maximumSize=,minimumSize=,preferredSize=]
2026-06-04 13:54:06,751 [INFO] NvicIntPanel:101 - NVIC parent = com.st.microxplorer.plugins.ip.nvic.MultiNvicIntPanel[,0,0,0x0,invalid,layout=javax.swing.BoxLayout,alignmentX=0.0,alignmentY=0.0,border=,flags=9,maximumSize=,minimumSize=,preferredSize=]
2026-06-04 13:54:06,861 [INFO] NvicIntPanel:101 - NVIC parent = com.st.microxplorer.plugins.ip.nvic.MultiNvicIntPanel[,0,0,0x0,invalid,layout=javax.swing.BoxLayout,alignmentX=0.0,alignmentY=0.0,border=,flags=9,maximumSize=,minimumSize=,preferredSize=]
2026-06-04 13:54:06,969 [INFO] NvicIntPanel:101 - NVIC parent = com.st.microxplorer.plugins.ip.nvic.MultiNvicIntPanel[,0,0,0x0,invalid,layout=javax.swing.BoxLayout,alignmentX=0.0,alignmentY=0.0,border=,flags=9,maximumSize=,minimumSize=,preferredSize=]
2026-06-04 13:54:07,080 [INFO] NvicIntPanel:101 - NVIC parent = com.st.microxplorer.plugins.ip.nvic.MultiNvicIntPanel[,0,0,0x0,invalid,layout=javax.swing.BoxLayout,alignmentX=0.0,alignmentY=0.0,border=,flags=9,maximumSize=,minimumSize=,preferredSize=]
2026-06-04 13:54:07,160 [INFO] NvicIntPanel:101 - NVIC parent = com.st.microxplorer.plugins.ip.nvic.MultiNvicIntPanel[,0,0,0x0,invalid,layout=javax.swing.BoxLayout,alignmentX=0.0,alignmentY=0.0,border=,flags=9,maximumSize=,minimumSize=,preferredSize=]
2026-06-04 13:54:15,835 [INFO] UtilMem:75 - End SaveConfig() Used Memory: 825815736 Bytes (1073741824)
2026-06-04 13:54:16,544 [INFO] UtilMem:75 - End SaveConfig() Used Memory: 847891944 Bytes (1073741824)
2026-06-04 13:54:19,987 [INFO] UtilMem:75 - End SaveConfig() Used Memory: 944767888 Bytes (1073741824)
2026-06-04 13:54:20,534 [INFO] ProjectBuilder:2380 - IP not ready for code generation: Clock
2026-06-04 13:54:29,120 [INFO] BlockDiagram:2775 - set Specific Code input for plugin: SPI
2026-06-04 13:54:29,120 [INFO] BlockDiagram:2775 - set Specific Code input for plugin: NVIC
2026-06-04 13:54:29,120 [INFO] BlockDiagram:2775 - set Specific Code input for plugin: TIM1_8G0
2026-06-04 13:54:29,120 [INFO] BlockDiagram:2775 - set Specific Code input for plugin: SYS
2026-06-04 13:54:29,120 [INFO] BlockDiagram:2775 - set Specific Code input for plugin: GPIO
2026-06-04 13:54:29,120 [INFO] BlockDiagram:2775 - set Specific Code input for plugin: ADC
2026-06-04 13:54:29,120 [INFO] BlockDiagram:2775 - set Specific Code input for plugin: RCC
2026-06-04 13:54:29,121 [INFO] CodeGenerator:892 - code generatio: config db path: C:\ST\STM32CubeIDE_1.19.0\STM32CubeIDE\plugins\com.st.stm32cube.common.mx_6.15.0.202507011659\\db\
2026-06-04 13:54:29,199 [INFO] CodeEngine:265 - oldGeneratedFile, C:\Users\karlh\SkripsieProject\STM32Workspace\SkripsieProject\MXTmpFiles\license.tmp_save
2026-06-04 13:54:29,456 [INFO] CodeEngine:289 - Generated code: C:\Users\karlh\SkripsieProject\STM32Workspace\SkripsieProject\MXTmpFiles\license.tmp
2026-06-04 13:54:29,605 [INFO] CodeEngine:265 - oldGeneratedFile, C:\Users\karlh\SkripsieProject\STM32Workspace\SkripsieProject\Core\Src\gpio.c_save
2026-06-04 13:54:29,762 [INFO] CodeEngine:289 - Generated code: C:\Users\karlh\SkripsieProject\STM32Workspace\SkripsieProject\Core\Src\gpio.c
2026-06-04 13:54:29,769 [INFO] CodeEngine:265 - oldGeneratedFile, C:\Users\karlh\SkripsieProject\STM32Workspace\SkripsieProject\Core\Inc\gpio.h_save
2026-06-04 13:54:29,835 [INFO] CodeEngine:289 - Generated code: C:\Users\karlh\SkripsieProject\STM32Workspace\SkripsieProject\Core\Inc\gpio.h
2026-06-04 13:54:30,080 [INFO] CodeEngine:265 - oldGeneratedFile, C:\Users\karlh\SkripsieProject\STM32Workspace\SkripsieProject\Core\Src\adc.c_save
2026-06-04 13:54:30,204 [INFO] CodeEngine:289 - Generated code: C:\Users\karlh\SkripsieProject\STM32Workspace\SkripsieProject\Core\Src\adc.c
2026-06-04 13:54:30,210 [INFO] CodeEngine:265 - oldGeneratedFile, C:\Users\karlh\SkripsieProject\STM32Workspace\SkripsieProject\Core\Inc\adc.h_save
2026-06-04 13:54:30,275 [INFO] CodeEngine:289 - Generated code: C:\Users\karlh\SkripsieProject\STM32Workspace\SkripsieProject\Core\Inc\adc.h
2026-06-04 13:54:30,285 [INFO] CodeEngine:265 - oldGeneratedFile, C:\Users\karlh\SkripsieProject\STM32Workspace\SkripsieProject\Core\Src\spi.c_save
2026-06-04 13:54:30,348 [INFO] CodeEngine:289 - Generated code: C:\Users\karlh\SkripsieProject\STM32Workspace\SkripsieProject\Core\Src\spi.c
2026-06-04 13:54:30,355 [INFO] CodeEngine:265 - oldGeneratedFile, C:\Users\karlh\SkripsieProject\STM32Workspace\SkripsieProject\Core\Inc\spi.h_save
2026-06-04 13:54:30,413 [INFO] CodeEngine:289 - Generated code: C:\Users\karlh\SkripsieProject\STM32Workspace\SkripsieProject\Core\Inc\spi.h
2026-06-04 13:54:30,431 [INFO] CodeEngine:265 - oldGeneratedFile, C:\Users\karlh\SkripsieProject\STM32Workspace\SkripsieProject\Core\Src\tim.c_save
2026-06-04 13:54:30,591 [INFO] CodeEngine:289 - Generated code: C:\Users\karlh\SkripsieProject\STM32Workspace\SkripsieProject\Core\Src\tim.c
2026-06-04 13:54:30,602 [INFO] CodeEngine:265 - oldGeneratedFile, C:\Users\karlh\SkripsieProject\STM32Workspace\SkripsieProject\Core\Inc\tim.h_save
2026-06-04 13:54:30,678 [INFO] CodeEngine:289 - Generated code: C:\Users\karlh\SkripsieProject\STM32Workspace\SkripsieProject\Core\Inc\tim.h
2026-06-04 13:54:30,704 [INFO] CodeEngine:265 - oldGeneratedFile, C:\Users\karlh\SkripsieProject\STM32Workspace\SkripsieProject\Core\Src\stm32g0xx_it.c_save
2026-06-04 13:54:30,846 [INFO] CodeEngine:289 - Generated code: C:\Users\karlh\SkripsieProject\STM32Workspace\SkripsieProject\Core\Src\stm32g0xx_it.c
2026-06-04 13:54:30,859 [INFO] CodeEngine:265 - oldGeneratedFile, C:\Users\karlh\SkripsieProject\STM32Workspace\SkripsieProject\Core\Inc\stm32g0xx_it.h_save
2026-06-04 13:54:30,939 [INFO] CodeEngine:289 - Generated code: C:\Users\karlh\SkripsieProject\STM32Workspace\SkripsieProject\Core\Inc\stm32g0xx_it.h
2026-06-04 13:54:30,966 [INFO] CodeEngine:265 - oldGeneratedFile, C:\Users\karlh\SkripsieProject\STM32Workspace\SkripsieProject\Core\Src\stm32g0xx_hal_msp.c_save
2026-06-04 13:54:31,060 [INFO] CodeEngine:289 - Generated code: C:\Users\karlh\SkripsieProject\STM32Workspace\SkripsieProject\Core\Src\stm32g0xx_hal_msp.c
2026-06-04 13:54:31,071 [INFO] CodeEngine:265 - oldGeneratedFile, C:\Users\karlh\SkripsieProject\STM32Workspace\SkripsieProject\MXTmpFiles\system.tmp_save
2026-06-04 13:54:31,133 [INFO] CodeEngine:289 - Generated code: C:\Users\karlh\SkripsieProject\STM32Workspace\SkripsieProject\MXTmpFiles\system.tmp
2026-06-04 13:54:31,152 [INFO] CodeEngine:321 - oldGeneratedFile, C:\Users\karlh\SkripsieProject\STM32Workspace\SkripsieProject\Core\Inc\stm32g0xx_hal_conf.h_save
2026-06-04 13:54:31,222 [INFO] CodeEngine:345 - Generated code: C:\Users\karlh\SkripsieProject\STM32Workspace\SkripsieProject\Core\Inc\stm32g0xx_hal_conf.h
2026-06-04 13:54:31,256 [INFO] ApiDbMcu:532 - Load IP Config File for ADC1
2026-06-04 13:54:31,259 [INFO] ApiDbMcu:532 - Load IP Config File for SPI1
2026-06-04 13:54:31,274 [INFO] ApiDbMcu:532 - Load IP Config File for TIM1
2026-06-04 13:54:31,277 [INFO] ApiDbMcu:532 - Load IP Config File for RCC
2026-06-04 13:54:31,296 [INFO] CodeEngine:265 - oldGeneratedFile, C:\Users\karlh\SkripsieProject\STM32Workspace\SkripsieProject\Core\Inc\main.h_save
2026-06-04 13:54:31,398 [INFO] CodeEngine:289 - Generated code: C:\Users\karlh\SkripsieProject\STM32Workspace\SkripsieProject\Core\Inc\main.h
2026-06-04 13:54:31,413 [INFO] CodeEngine:265 - oldGeneratedFile, C:\Users\karlh\SkripsieProject\STM32Workspace\SkripsieProject\Core\Src\main.c_save
2026-06-04 13:54:31,542 [INFO] CodeEngine:289 - Generated code: C:\Users\karlh\SkripsieProject\STM32Workspace\SkripsieProject\Core\Src\main.c
2026-06-04 13:54:32,078 [INFO] ProjectBuilder:3606 - Time for Copy HAL[1] : 332mS.
2026-06-04 13:54:32,091 [INFO] ProjectBuilder:5216 - Project Generator version: 4.7.0-B52
2026-06-04 13:54:32,179 [INFO] ConfigFileManager:1595 - The Die is : DIE466
2026-06-04 13:54:32,190 [INFO] ApiDbMcu:532 - Load IP Config File for FATFS
2026-06-04 13:54:32,199 [INFO] ApiDbMcu:532 - Load IP Config File for FREERTOS
2026-06-04 13:54:32,657 [INFO] LogOutputStream:77 - [STDOUT_REDIRECT] 
2026-06-04 13:54:33,836 [INFO] ProjectBuilder:5496 - Time for Generating toolchain IDE Files: 1743mS.
2026-06-04 13:54:33,838 [INFO] ProjectBuilder:3463 - Time for Copy CMSIS : 1mS.
2026-06-04 13:54:33,843 [INFO] ProjectBuilder:3463 - Time for Copy CMSIS : 1mS.
2026-06-04 13:54:57,182 [ERROR] LogOutputStream:75 - [STDERR_REDIRECT] Exception in thread "AWT-EventQueue-0" java.lang.ClassCastException: class sun.awt.windows.WEmbeddedFrame cannot be cast to class javax.swing.JFrame (sun.awt.windows.WEmbeddedFrame and javax.swing.JFrame are in module java.desktop of loader 'bootstrap')
2026-06-04 13:54:57,183 [ERROR] LogOutputStream:75 - [STDERR_REDIRECT] 	at com.st.microxplorer.plugins.clock.ClockConfigurationView.activatePlugin(ClockConfigurationView.java:424)
2026-06-04 13:54:57,184 [ERROR] LogOutputStream:75 - [STDERR_REDIRECT] 	at com.st.microxplorer.maingui.MainPanel$1.stateChanged(MainPanel.java:385)
2026-06-04 13:54:57,185 [ERROR] LogOutputStream:75 - [STDERR_REDIRECT] 	at java.desktop/javax.swing.JTabbedPane.fireStateChanged(JTabbedPane.java:446)
2026-06-04 13:54:57,185 [ERROR] LogOutputStream:75 - [STDERR_REDIRECT] 	at java.desktop/javax.swing.JTabbedPane$ModelListener.stateChanged(JTabbedPane.java:297)
2026-06-04 13:54:57,187 [ERROR] LogOutputStream:75 - [STDERR_REDIRECT] 	at java.desktop/javax.swing.DefaultSingleSelectionModel.fireStateChanged(DefaultSingleSelectionModel.java:148)
2026-06-04 13:54:57,188 [ERROR] LogOutputStream:75 - [STDERR_REDIRECT] 	at java.desktop/javax.swing.DefaultSingleSelectionModel.setSelectedIndex(DefaultSingleSelectionModel.java:79)
2026-06-04 13:54:57,188 [ERROR] LogOutputStream:75 - [STDERR_REDIRECT] 	at java.desktop/javax.swing.JTabbedPane.setSelectedIndexImpl(JTabbedPane.java:650)
2026-06-04 13:54:57,189 [ERROR] LogOutputStream:75 - [STDERR_REDIRECT] 	at java.desktop/javax.swing.JTabbedPane.setSelectedIndex(JTabbedPane.java:625)
2026-06-04 13:54:57,190 [ERROR] LogOutputStream:75 - [STDERR_REDIRECT] 	at java.desktop/javax.swing.plaf.basic.BasicTabbedPaneUI$Handler.mousePressed(BasicTabbedPaneUI.java:4140)
2026-06-04 13:54:57,190 [ERROR] LogOutputStream:75 - [STDERR_REDIRECT] 	at java.desktop/java.awt.Component.processMouseEvent(Component.java:6618)
2026-06-04 13:54:57,192 [ERROR] LogOutputStream:75 - [STDERR_REDIRECT] 	at java.desktop/javax.swing.JComponent.processMouseEvent(JComponent.java:3398)
2026-06-04 13:54:57,192 [ERROR] LogOutputStream:75 - [STDERR_REDIRECT] 	at java.desktop/java.awt.Component.processEvent(Component.java:6386)
2026-06-04 13:54:57,193 [ERROR] LogOutputStream:75 - [STDERR_REDIRECT] 	at java.desktop/java.awt.Container.processEvent(Container.java:2266)
2026-06-04 13:54:57,193 [ERROR] LogOutputStream:75 - [STDERR_REDIRECT] 	at java.desktop/java.awt.Component.dispatchEventImpl(Component.java:4996)
2026-06-04 13:54:57,194 [ERROR] LogOutputStream:75 - [STDERR_REDIRECT] 	at java.desktop/java.awt.Container.dispatchEventImpl(Container.java:2324)
2026-06-04 13:54:57,194 [ERROR] LogOutputStream:75 - [STDERR_REDIRECT] 	at java.desktop/java.awt.Component.dispatchEvent(Component.java:4828)
2026-06-04 13:54:57,195 [ERROR] LogOutputStream:75 - [STDERR_REDIRECT] 	at java.desktop/java.awt.LightweightDispatcher.retargetMouseEvent(Container.java:4948)
2026-06-04 13:54:57,196 [ERROR] LogOutputStream:75 - [STDERR_REDIRECT] 	at java.desktop/java.awt.LightweightDispatcher.processMouseEvent(Container.java:4572)
2026-06-04 13:54:57,196 [ERROR] LogOutputStream:75 - [STDERR_REDIRECT] 	at java.desktop/java.awt.LightweightDispatcher.dispatchEvent(Container.java:4516)
2026-06-04 13:54:57,197 [ERROR] LogOutputStream:75 - [STDERR_REDIRECT] 	at java.desktop/java.awt.Container.dispatchEventImpl(Container.java:2310)
2026-06-04 13:54:57,197 [ERROR] LogOutputStream:75 - [STDERR_REDIRECT] 	at java.desktop/java.awt.Component.dispatchEvent(Component.java:4828)
2026-06-04 13:54:57,197 [ERROR] LogOutputStream:75 - [STDERR_REDIRECT] 	at java.desktop/java.awt.EventQueue.dispatchEventImpl(EventQueue.java:775)
2026-06-04 13:54:57,198 [ERROR] LogOutputStream:75 - [STDERR_REDIRECT] 	at java.desktop/java.awt.EventQueue$4.run(EventQueue.java:720)
2026-06-04 13:54:57,198 [ERROR] LogOutputStream:75 - [STDERR_REDIRECT] 	at java.desktop/java.awt.EventQueue$4.run(EventQueue.java:714)
2026-06-04 13:54:57,199 [ERROR] LogOutputStream:75 - [STDERR_REDIRECT] 	at java.base/java.security.AccessController.doPrivileged(AccessController.java:400)
2026-06-04 13:54:57,200 [ERROR] LogOutputStream:75 - [STDERR_REDIRECT] 	at java.base/java.security.ProtectionDomain$JavaSecurityAccessImpl.doIntersectionPrivilege(ProtectionDomain.java:87)
2026-06-04 13:54:57,201 [ERROR] LogOutputStream:75 - [STDERR_REDIRECT] 	at java.base/java.security.ProtectionDomain$JavaSecurityAccessImpl.doIntersectionPrivilege(ProtectionDomain.java:98)
2026-06-04 13:54:57,201 [ERROR] LogOutputStream:75 - [STDERR_REDIRECT] 	at java.desktop/java.awt.EventQueue$5.run(EventQueue.java:747)
2026-06-04 13:54:57,201 [ERROR] LogOutputStream:75 - [STDERR_REDIRECT] 	at java.desktop/java.awt.EventQueue$5.run(EventQueue.java:745)
2026-06-04 13:54:57,203 [ERROR] LogOutputStream:75 - [STDERR_REDIRECT] 	at java.base/java.security.AccessController.doPrivileged(AccessController.java:400)
2026-06-04 13:54:57,204 [ERROR] LogOutputStream:75 - [STDERR_REDIRECT] 	at java.base/java.security.ProtectionDomain$JavaSecurityAccessImpl.doIntersectionPrivilege(ProtectionDomain.java:87)
2026-06-04 13:54:57,204 [ERROR] LogOutputStream:75 - [STDERR_REDIRECT] 	at java.desktop/java.awt.EventQueue.dispatchEvent(EventQueue.java:744)
2026-06-04 13:54:57,205 [ERROR] LogOutputStream:75 - [STDERR_REDIRECT] 	at java.desktop/java.awt.EventDispatchThread.pumpOneEventForFilters(EventDispatchThread.java:203)
2026-06-04 13:54:57,206 [ERROR] LogOutputStream:75 - [STDERR_REDIRECT] 	at java.desktop/java.awt.EventDispatchThread.pumpEventsForFilter(EventDispatchThread.java:124)
2026-06-04 13:54:57,207 [ERROR] LogOutputStream:75 - [STDERR_REDIRECT] 	at java.desktop/java.awt.EventDispatchThread.pumpEventsForHierarchy(EventDispatchThread.java:113)
2026-06-04 13:54:57,207 [ERROR] LogOutputStream:75 - [STDERR_REDIRECT] 	at java.desktop/java.awt.EventDispatchThread.pumpEvents(EventDispatchThread.java:109)
2026-06-04 13:54:57,208 [ERROR] LogOutputStream:75 - [STDERR_REDIRECT] 	at java.desktop/java.awt.EventDispatchThread.pumpEvents(EventDispatchThread.java:101)
2026-06-04 13:54:57,208 [ERROR] LogOutputStream:75 - [STDERR_REDIRECT] 	at java.desktop/java.awt.EventDispatchThread.run(EventDispatchThread.java:90)
2026-06-04 13:55:02,789 [INFO] UtilMem:75 - End SaveConfig() Used Memory: 736578424 Bytes (1073741824)
2026-06-04 13:55:04,917 [INFO] UtilMem:75 - End SaveConfig() Used Memory: 779985352 Bytes (1073741824)
2026-06-04 13:55:06,154 [INFO] UtilMem:75 - End SaveConfig() Used Memory: 709883624 Bytes (1073741824)
2026-06-04 13:55:06,393 [INFO] BlockDiagram:2775 - set Specific Code input for plugin: SPI
2026-06-04 13:55:06,393 [INFO] BlockDiagram:2775 - set Specific Code input for plugin: NVIC
2026-06-04 13:55:06,393 [INFO] BlockDiagram:2775 - set Specific Code input for plugin: TIM1_8G0
2026-06-04 13:55:06,393 [INFO] BlockDiagram:2775 - set Specific Code input for plugin: SYS
2026-06-04 13:55:06,395 [INFO] BlockDiagram:2775 - set Specific Code input for plugin: GPIO
2026-06-04 13:55:06,395 [INFO] BlockDiagram:2775 - set Specific Code input for plugin: ADC
2026-06-04 13:55:06,395 [INFO] BlockDiagram:2775 - set Specific Code input for plugin: RCC
2026-06-04 13:55:06,396 [INFO] CodeGenerator:892 - code generatio: config db path: C:\ST\STM32CubeIDE_1.19.0\STM32CubeIDE\plugins\com.st.stm32cube.common.mx_6.15.0.202507011659\\db\
2026-06-04 13:55:06,453 [INFO] CodeEngine:265 - oldGeneratedFile, C:\Users\karlh\SkripsieProject\STM32Workspace\SkripsieProject\MXTmpFiles\license.tmp_save
2026-06-04 13:55:06,594 [INFO] CodeEngine:289 - Generated code: C:\Users\karlh\SkripsieProject\STM32Workspace\SkripsieProject\MXTmpFiles\license.tmp
2026-06-04 13:55:06,655 [INFO] CodeEngine:265 - oldGeneratedFile, C:\Users\karlh\SkripsieProject\STM32Workspace\SkripsieProject\Core\Src\gpio.c_save
2026-06-04 13:55:06,737 [INFO] CodeEngine:289 - Generated code: C:\Users\karlh\SkripsieProject\STM32Workspace\SkripsieProject\Core\Src\gpio.c
2026-06-04 13:55:06,747 [INFO] CodeEngine:265 - oldGeneratedFile, C:\Users\karlh\SkripsieProject\STM32Workspace\SkripsieProject\Core\Inc\gpio.h_save
2026-06-04 13:55:06,822 [INFO] CodeEngine:289 - Generated code: C:\Users\karlh\SkripsieProject\STM32Workspace\SkripsieProject\Core\Inc\gpio.h
2026-06-04 13:55:07,043 [INFO] CodeEngine:265 - oldGeneratedFile, C:\Users\karlh\SkripsieProject\STM32Workspace\SkripsieProject\Core\Src\adc.c_save
2026-06-04 13:55:07,127 [INFO] CodeEngine:289 - Generated code: C:\Users\karlh\SkripsieProject\STM32Workspace\SkripsieProject\Core\Src\adc.c
2026-06-04 13:55:07,135 [INFO] CodeEngine:265 - oldGeneratedFile, C:\Users\karlh\SkripsieProject\STM32Workspace\SkripsieProject\Core\Inc\adc.h_save
2026-06-04 13:55:07,186 [INFO] CodeEngine:289 - Generated code: C:\Users\karlh\SkripsieProject\STM32Workspace\SkripsieProject\Core\Inc\adc.h
2026-06-04 13:55:07,198 [INFO] CodeEngine:265 - oldGeneratedFile, C:\Users\karlh\SkripsieProject\STM32Workspace\SkripsieProject\Core\Src\spi.c_save
2026-06-04 13:55:07,285 [INFO] CodeEngine:289 - Generated code: C:\Users\karlh\SkripsieProject\STM32Workspace\SkripsieProject\Core\Src\spi.c
2026-06-04 13:55:07,299 [INFO] CodeEngine:265 - oldGeneratedFile, C:\Users\karlh\SkripsieProject\STM32Workspace\SkripsieProject\Core\Inc\spi.h_save
2026-06-04 13:55:07,388 [INFO] CodeEngine:289 - Generated code: C:\Users\karlh\SkripsieProject\STM32Workspace\SkripsieProject\Core\Inc\spi.h
2026-06-04 13:55:07,409 [INFO] CodeEngine:265 - oldGeneratedFile, C:\Users\karlh\SkripsieProject\STM32Workspace\SkripsieProject\Core\Src\tim.c_save
2026-06-04 13:55:07,541 [INFO] CodeEngine:289 - Generated code: C:\Users\karlh\SkripsieProject\STM32Workspace\SkripsieProject\Core\Src\tim.c
2026-06-04 13:55:07,557 [INFO] CodeEngine:265 - oldGeneratedFile, C:\Users\karlh\SkripsieProject\STM32Workspace\SkripsieProject\Core\Inc\tim.h_save
2026-06-04 13:55:07,646 [INFO] CodeEngine:289 - Generated code: C:\Users\karlh\SkripsieProject\STM32Workspace\SkripsieProject\Core\Inc\tim.h
2026-06-04 13:55:07,673 [INFO] CodeEngine:265 - oldGeneratedFile, C:\Users\karlh\SkripsieProject\STM32Workspace\SkripsieProject\Core\Src\stm32g0xx_it.c_save
2026-06-04 13:55:07,776 [INFO] CodeEngine:289 - Generated code: C:\Users\karlh\SkripsieProject\STM32Workspace\SkripsieProject\Core\Src\stm32g0xx_it.c
2026-06-04 13:55:07,792 [INFO] CodeEngine:265 - oldGeneratedFile, C:\Users\karlh\SkripsieProject\STM32Workspace\SkripsieProject\Core\Inc\stm32g0xx_it.h_save
2026-06-04 13:55:07,890 [INFO] CodeEngine:289 - Generated code: C:\Users\karlh\SkripsieProject\STM32Workspace\SkripsieProject\Core\Inc\stm32g0xx_it.h
2026-06-04 13:55:07,916 [INFO] CodeEngine:265 - oldGeneratedFile, C:\Users\karlh\SkripsieProject\STM32Workspace\SkripsieProject\Core\Src\stm32g0xx_hal_msp.c_save
2026-06-04 13:55:08,034 [INFO] CodeEngine:289 - Generated code: C:\Users\karlh\SkripsieProject\STM32Workspace\SkripsieProject\Core\Src\stm32g0xx_hal_msp.c
2026-06-04 13:55:08,044 [INFO] CodeEngine:265 - oldGeneratedFile, C:\Users\karlh\SkripsieProject\STM32Workspace\SkripsieProject\MXTmpFiles\system.tmp_save
2026-06-04 13:55:08,110 [INFO] CodeEngine:289 - Generated code: C:\Users\karlh\SkripsieProject\STM32Workspace\SkripsieProject\MXTmpFiles\system.tmp
2026-06-04 13:55:08,130 [INFO] CodeEngine:321 - oldGeneratedFile, C:\Users\karlh\SkripsieProject\STM32Workspace\SkripsieProject\Core\Inc\stm32g0xx_hal_conf.h_save
2026-06-04 13:55:08,202 [INFO] CodeEngine:345 - Generated code: C:\Users\karlh\SkripsieProject\STM32Workspace\SkripsieProject\Core\Inc\stm32g0xx_hal_conf.h
2026-06-04 13:55:08,249 [INFO] CodeEngine:265 - oldGeneratedFile, C:\Users\karlh\SkripsieProject\STM32Workspace\SkripsieProject\Core\Inc\main.h_save
2026-06-04 13:55:08,331 [INFO] CodeEngine:289 - Generated code: C:\Users\karlh\SkripsieProject\STM32Workspace\SkripsieProject\Core\Inc\main.h
2026-06-04 13:55:08,342 [INFO] CodeEngine:265 - oldGeneratedFile, C:\Users\karlh\SkripsieProject\STM32Workspace\SkripsieProject\Core\Src\main.c_save
2026-06-04 13:55:08,444 [INFO] CodeEngine:289 - Generated code: C:\Users\karlh\SkripsieProject\STM32Workspace\SkripsieProject\Core\Src\main.c
2026-06-04 13:55:08,889 [INFO] ProjectBuilder:3606 - Time for Copy HAL[1] : 272mS.
2026-06-04 13:55:08,897 [INFO] ProjectBuilder:5216 - Project Generator version: 4.7.0-B52
2026-06-04 13:55:08,973 [INFO] ConfigFileManager:1595 - The Die is : DIE466
2026-06-04 13:55:10,006 [INFO] ProjectBuilder:5496 - Time for Generating toolchain IDE Files: 1109mS.
2026-06-04 13:55:10,007 [INFO] ProjectBuilder:3463 - Time for Copy CMSIS : 1mS.
2026-06-04 13:55:10,014 [INFO] ProjectBuilder:3463 - Time for Copy CMSIS : 0mS.
2026-06-04 13:56:34,819 [ERROR] LogOutputStream:75 - [STDERR_REDIRECT] 
2026-06-04 13:56:34,820 [ERROR] LogOutputStream:75 - [STDERR_REDIRECT] 
