2026-06-03 18:54:43,809 [INFO] Activator:176 - 


2026-06-03 18:54:43,812 [INFO] Activator:177 - !SESSION log4j initialized
2026-06-03 18:54:46,131 [INFO] LogOutputStream:77 - [STDOUT_REDIRECT] 
2026-06-03 18:54:48,224 [INFO] ApplicationProperties:184 - Using Application install path: C:\ST\STM32CubeIDE_1.19.0\STM32CubeIDE\plugins\com.st.stm32cube.common.mx_6.15.0.202507011659
2026-06-03 18:54:48,241 [INFO] DbMcusXml:78 - Set database path to: C:\ST\STM32CubeIDE_1.19.0\STM32CubeIDE\plugins\com.st.stm32cube.common.mx_6.15.0.202507011659\\db\/mcu/
2026-06-03 18:54:48,241 [INFO] ApiDb:274 - Set plugin database path to: C:\ST\STM32CubeIDE_1.19.0\STM32CubeIDE\plugins\com.st.stm32cube.common.mx_6.15.0.202507011659\\db\/plugins/boardmanager/
2026-06-03 18:54:48,242 [WARN] ApiDb:259 - Overriding images path with different value:  => C:\ST\STM32CubeIDE_1.19.0\STM32CubeIDE\plugins\com.st.stm32cube.common.mx_6.15.0.202507011659\\db\/plugins/mcufinder/images/
2026-06-03 18:54:49,790 [WARN] ApiFinderProperties:113 - C:\Users\karlh\.stmcufinder\plugins\mcufinder\mcu\mcuFinder.mfd doesn't exist
2026-06-03 18:54:49,790 [INFO] ApiDb:250 - Set database path to: C:\Users\karlh\.stmcufinder\plugins\mcufinder//mcu/
2026-06-03 18:54:49,792 [INFO] DbMcusAds:125 - Set database path to: C:\Users\karlh\.stmcufinder\plugins\mcufinder//mcu/
2026-06-03 18:54:49,794 [INFO] CrossReferenceDbSqlite:203 - Set database path to: C:\Users\karlh\.stmcufinder\plugins\mcufinder//mcu/cs/
2026-06-03 18:54:49,879 [INFO] RulesReader:64 - Compatibility file has been processed (317 Rules)
2026-06-03 18:54:49,943 [INFO] DbMcusXml:78 - Set database path to: C:\ST\STM32CubeIDE_1.19.0\STM32CubeIDE\plugins\com.st.stm32cube.common.mx_6.15.0.202507011659\\db\/mcu/
2026-06-03 18:54:49,944 [INFO] ApiDb:274 - Set plugin database path to: C:\ST\STM32CubeIDE_1.19.0\STM32CubeIDE\plugins\com.st.stm32cube.common.mx_6.15.0.202507011659\\db\/plugins/boardmanager/
2026-06-03 18:54:49,944 [INFO] ApiDb:261 - Set plugin images path to: C:\ST\STM32CubeIDE_1.19.0\STM32CubeIDE\plugins\com.st.stm32cube.common.mx_6.15.0.202507011659\\db\/plugins/mcufinder/images/
2026-06-03 18:54:49,944 [WARN] DbFile:41 - Overriding database path with different value: C:\Users\karlh\.stmcufinder\plugins\mcufinder/ => C:\Users\karlh\.stmcufinder\plugins\mcufinder
2026-06-03 18:54:49,944 [INFO] ApiDb:250 - Set database path to: C:\Users\karlh\.stmcufinder\plugins\mcufinder//mcu/
2026-06-03 18:54:49,944 [WARN] DbFile:41 - Overriding database path with different value: C:\Users\karlh\.stmcufinder\plugins\mcufinder/ => C:\Users\karlh\.stmcufinder\plugins\mcufinder
2026-06-03 18:54:49,944 [INFO] DbMcusAds:125 - Set database path to: C:\Users\karlh\.stmcufinder\plugins\mcufinder//mcu/
2026-06-03 18:54:49,944 [WARN] DbFile:41 - Overriding database path with different value: C:\Users\karlh\.stmcufinder\plugins\mcufinder/ => C:\Users\karlh\.stmcufinder\plugins\mcufinder
2026-06-03 18:54:49,944 [WARN] DbFile:41 - Overriding database path with different value: C:\Users\karlh\.stmcufinder\plugins\mcufinder/ => C:\Users\karlh\.stmcufinder\plugins\mcufinder
2026-06-03 18:54:49,944 [INFO] CrossReferenceDbSqlite:203 - Set database path to: C:\Users\karlh\.stmcufinder\plugins\mcufinder//mcu/cs/
2026-06-03 18:54:49,994 [INFO] MainPanel:274 - HeapMemory: 268435456
2026-06-03 18:54:50,055 [INFO] DbMcusXml:78 - Set database path to: C:\ST\STM32CubeIDE_1.19.0\STM32CubeIDE\plugins\com.st.stm32cube.common.mx_6.15.0.202507011659\\db\/mcu/
2026-06-03 18:54:50,055 [INFO] ApiDb:274 - Set plugin database path to: C:\ST\STM32CubeIDE_1.19.0\STM32CubeIDE\plugins\com.st.stm32cube.common.mx_6.15.0.202507011659\\db\/plugins/boardmanager/
2026-06-03 18:54:50,055 [INFO] ApiDb:261 - Set plugin images path to: C:\ST\STM32CubeIDE_1.19.0\STM32CubeIDE\plugins\com.st.stm32cube.common.mx_6.15.0.202507011659\\db\/plugins/mcufinder/images/
2026-06-03 18:54:50,055 [WARN] DbFile:41 - Overriding database path with different value: C:\Users\karlh\.stmcufinder\plugins\mcufinder/ => C:\Users\karlh\.stmcufinder\plugins\mcufinder
2026-06-03 18:54:50,055 [INFO] ApiDb:250 - Set database path to: C:\Users\karlh\.stmcufinder\plugins\mcufinder//mcu/
2026-06-03 18:54:50,056 [WARN] DbFile:41 - Overriding database path with different value: C:\Users\karlh\.stmcufinder\plugins\mcufinder/ => C:\Users\karlh\.stmcufinder\plugins\mcufinder
2026-06-03 18:54:50,056 [INFO] DbMcusAds:125 - Set database path to: C:\Users\karlh\.stmcufinder\plugins\mcufinder//mcu/
2026-06-03 18:54:50,056 [WARN] DbFile:41 - Overriding database path with different value: C:\Users\karlh\.stmcufinder\plugins\mcufinder/ => C:\Users\karlh\.stmcufinder\plugins\mcufinder
2026-06-03 18:54:50,056 [WARN] DbFile:41 - Overriding database path with different value: C:\Users\karlh\.stmcufinder\plugins\mcufinder/ => C:\Users\karlh\.stmcufinder\plugins\mcufinder
2026-06-03 18:54:50,056 [INFO] CrossReferenceDbSqlite:203 - Set database path to: C:\Users\karlh\.stmcufinder\plugins\mcufinder//mcu/cs/
2026-06-03 18:54:50,069 [INFO] ApplicationProperties:184 - Using Application install path: C:\ST\STM32CubeIDE_1.19.0\STM32CubeIDE\plugins\com.st.stm32cube.common.mx_6.15.0.202507011659
2026-06-03 18:54:50,070 [INFO] PluginManage:196 - Search for loadable plugins [exclusion list=, ]
2026-06-03 18:54:50,071 [INFO] PluginManage:310 - Check plugin analytics
2026-06-03 18:54:50,236 [INFO] AnalyticsPlugin:253 - Accepted Software Licenses: 
2026-06-03 18:54:50,236 [INFO] AnalyticsPlugin:255 - Accepted CMSIS Pack Licenses: 
2026-06-03 18:54:50,236 [INFO] AnalyticsPlugin:257 - Accepted Firmware Licenses: FW.F4.1.28.0,FW.F4.1.27.0
2026-06-03 18:54:50,239 [INFO] PluginManage:359 - Loaded plugin analytics (category:tool,tabindex:-1)
2026-06-03 18:54:50,240 [INFO] PluginManage:310 - Check plugin cadmodel
2026-06-03 18:54:50,244 [INFO] CADModel:105 - Init CAD model plugin
2026-06-03 18:54:50,244 [INFO] PluginManage:359 - Loaded plugin cadmodel (category:power,tabindex:5)
2026-06-03 18:54:50,244 [INFO] PluginManage:310 - Check plugin clock
2026-06-03 18:54:50,254 [INFO] PluginManage:359 - Loaded plugin clock (category:base,tabindex:2)
2026-06-03 18:54:50,254 [INFO] PluginManage:310 - Check plugin ddr
2026-06-03 18:54:50,256 [INFO] PluginManage:359 - Loaded plugin ddr (category:tool,tabindex:6)
2026-06-03 18:54:50,256 [INFO] PluginManage:310 - Check plugin filemanager
2026-06-03 18:54:50,379 [INFO] PluginManage:359 - Loaded plugin filemanager (category:base,tabindex:10)
2026-06-03 18:54:50,379 [INFO] PluginManage:310 - Check plugin ipmanager
2026-06-03 18:54:50,384 [INFO] PluginManage:359 - Loaded plugin ipmanager (category:base,tabindex:5)
2026-06-03 18:54:50,384 [INFO] PluginManage:310 - Check plugin lpbam
2026-06-03 18:54:50,391 [INFO] PluginManage:359 - Loaded plugin lpbam (category:base,tabindex:0)
2026-06-03 18:54:50,391 [INFO] PluginManage:310 - Check plugin memorymap
2026-06-03 18:54:50,400 [INFO] PluginManage:359 - Loaded plugin memorymap (category:base,tabindex:4)
2026-06-03 18:54:50,400 [INFO] PluginManage:310 - Check plugin pinoutandconfiguration
2026-06-03 18:54:50,407 [INFO] PluginManage:359 - Loaded plugin pinoutandconfiguration (category:base,tabindex:1)
2026-06-03 18:54:50,407 [INFO] PluginManage:310 - Check plugin pinoutconfig
2026-06-03 18:54:50,470 [WARN] SupportedApi:132 - Cannot load RTOS API schema: s4s-elt-must-match.1: The content of 'definitions' must match (annotation?, (simpleType | complexType)?, (unique | key | keyref)*)). A problem was found starting at: attribute.
2026-06-03 18:54:50,571 [INFO] PluginManage:359 - Loaded plugin pinoutconfig (category:base,tabindex:0)
2026-06-03 18:54:50,572 [INFO] PluginManage:310 - Check plugin power
2026-06-03 18:54:50,578 [INFO] PluginManage:359 - Loaded plugin power (category:power,tabindex:4)
2026-06-03 18:54:50,578 [INFO] PluginManage:310 - Check plugin projectmanager
2026-06-03 18:54:50,595 [INFO] PluginManage:359 - Loaded plugin projectmanager (category:projectmanager,tabindex:4)
2026-06-03 18:54:50,595 [INFO] PluginManage:310 - Check plugin rif
2026-06-03 18:54:50,602 [INFO] PluginManage:359 - Loaded plugin rif (category:base,tabindex:3)
2026-06-03 18:54:50,602 [INFO] PluginManage:310 - Check plugin thirdparty
2026-06-03 18:54:50,700 [INFO] PluginManage:359 - Loaded plugin thirdparty (category:base,tabindex:-1)
2026-06-03 18:54:50,701 [INFO] PluginManage:310 - Check plugin tools
2026-06-03 18:54:50,701 [WARN] IntegrityCheckThread:84 - waiting for thirdparty lock release [integrity check]
2026-06-03 18:54:50,701 [INFO] IntegrityCheckThread:86 - entering critical section [integrity check]
2026-06-03 18:54:50,702 [INFO] ThirdPartyUpdaterWithRetryManager:70 - Updater plugin not ready yet. [1/15]
2026-06-03 18:54:50,705 [INFO] PluginManage:359 - Loaded plugin tools (category:base,tabindex:7)
2026-06-03 18:54:50,705 [INFO] PluginManage:310 - Check plugin tutovideos
2026-06-03 18:54:50,856 [INFO] PluginManage:359 - Loaded plugin tutovideos (category:base,tabindex:-1)
2026-06-03 18:54:50,856 [INFO] PluginManage:310 - Check plugin updater
2026-06-03 18:54:50,870 [INFO] PluginManage:359 - Loaded plugin updater (category:base,tabindex:12)
2026-06-03 18:54:50,872 [INFO] PluginManage:310 - Check plugin userauth
2026-06-03 18:54:50,874 [INFO] UserAuth:118 - Init User Auth plugin
2026-06-03 18:54:50,875 [INFO] PluginManage:359 - Loaded plugin userauth (category:base,tabindex:14)
2026-06-03 18:54:50,875 [INFO] PluginManage:283 - PluginManage : Loaded plugins [18]
2026-06-03 18:54:51,227 [INFO] PinOutPanel:1589 - setPackage(No Configuration,No Configuration)
2026-06-03 18:54:51,292 [INFO] CADModel:165 - CPN selected for project level
2026-06-03 18:54:51,292 [INFO] CADModel:114 - Register for checkConnection events
2026-06-03 18:54:51,307 [INFO] IPUIPlugin:80 - create IPUIPlugin
2026-06-03 18:54:51,307 [INFO] PluginManager:220 - loadIPPluginJar : add adc
2026-06-03 18:54:51,309 [INFO] IPUIPlugin:80 - create IPUIPlugin
2026-06-03 18:54:51,309 [INFO] PluginManager:220 - loadIPPluginJar : add aes
2026-06-03 18:54:51,312 [INFO] IPUIPlugin:80 - create IPUIPlugin
2026-06-03 18:54:51,312 [INFO] PluginManager:220 - loadIPPluginJar : add can
2026-06-03 18:54:51,313 [INFO] IPUIPlugin:80 - create IPUIPlugin
2026-06-03 18:54:51,313 [INFO] PluginManager:220 - loadIPPluginJar : add comp
2026-06-03 18:54:51,316 [INFO] IPUIPlugin:80 - create IPUIPlugin
2026-06-03 18:54:51,316 [INFO] PluginManager:220 - loadIPPluginJar : add cryp
2026-06-03 18:54:51,317 [INFO] IPUIPlugin:80 - create IPUIPlugin
2026-06-03 18:54:51,317 [INFO] PluginManager:220 - loadIPPluginJar : add ddr_ctrl_phy
2026-06-03 18:54:51,319 [INFO] IPUIPlugin:80 - create IPUIPlugin
2026-06-03 18:54:51,320 [INFO] PluginManager:220 - loadIPPluginJar : add dfsdm
2026-06-03 18:54:51,324 [INFO] IPUIPlugin:80 - create IPUIPlugin
2026-06-03 18:54:51,324 [INFO] PluginManager:220 - loadIPPluginJar : add dma
2026-06-03 18:54:51,327 [INFO] IPUIPlugin:80 - create IPUIPlugin
2026-06-03 18:54:51,327 [INFO] PluginManager:220 - loadIPPluginJar : add dma3
2026-06-03 18:54:51,329 [INFO] IPUIPlugin:80 - create IPUIPlugin
2026-06-03 18:54:51,329 [INFO] PluginManager:220 - loadIPPluginJar : add extmemmanager
2026-06-03 18:54:51,330 [INFO] IPUIPlugin:80 - create IPUIPlugin
2026-06-03 18:54:51,330 [INFO] PluginManager:220 - loadIPPluginJar : add fatfs
2026-06-03 18:54:51,335 [INFO] IPUIPlugin:80 - create IPUIPlugin
2026-06-03 18:54:51,335 [INFO] PluginManager:220 - loadIPPluginJar : add fmc
2026-06-03 18:54:51,338 [INFO] IPUIPlugin:80 - create IPUIPlugin
2026-06-03 18:54:51,338 [INFO] PluginManager:220 - loadIPPluginJar : add freertos
2026-06-03 18:54:51,339 [INFO] IPUIPlugin:80 - create IPUIPlugin
2026-06-03 18:54:51,339 [INFO] PluginManager:220 - loadIPPluginJar : add genericplugin
2026-06-03 18:54:51,341 [INFO] IPUIPlugin:80 - create IPUIPlugin
2026-06-03 18:54:51,341 [INFO] PluginManager:220 - loadIPPluginJar : add gfxmmu
2026-06-03 18:54:51,344 [INFO] IPUIPlugin:80 - create IPUIPlugin
2026-06-03 18:54:51,345 [INFO] PluginManager:220 - loadIPPluginJar : add gic
2026-06-03 18:54:51,347 [INFO] IPUIPlugin:80 - create IPUIPlugin
2026-06-03 18:54:51,348 [INFO] PluginManager:220 - loadIPPluginJar : add gpio
2026-06-03 18:54:51,350 [INFO] IPUIPlugin:80 - create IPUIPlugin
2026-06-03 18:54:51,350 [INFO] PluginManager:220 - loadIPPluginJar : add gtzc
2026-06-03 18:54:51,352 [INFO] IPUIPlugin:80 - create IPUIPlugin
2026-06-03 18:54:51,352 [INFO] PluginManager:220 - loadIPPluginJar : add hash
2026-06-03 18:54:51,353 [INFO] IPUIPlugin:80 - create IPUIPlugin
2026-06-03 18:54:51,353 [INFO] PluginManager:220 - loadIPPluginJar : add i2c
2026-06-03 18:54:51,355 [INFO] IPUIPlugin:80 - create IPUIPlugin
2026-06-03 18:54:51,355 [INFO] PluginManager:220 - loadIPPluginJar : add i2s
2026-06-03 18:54:51,357 [INFO] IPUIPlugin:80 - create IPUIPlugin
2026-06-03 18:54:51,357 [INFO] PluginManager:220 - loadIPPluginJar : add i3c
2026-06-03 18:54:51,359 [INFO] IPUIPlugin:80 - create IPUIPlugin
2026-06-03 18:54:51,359 [INFO] PluginManager:220 - loadIPPluginJar : add ipddr
2026-06-03 18:54:51,364 [INFO] IPUIPlugin:80 - create IPUIPlugin
2026-06-03 18:54:51,365 [INFO] PluginManager:220 - loadIPPluginJar : add linkedlist
2026-06-03 18:54:51,368 [INFO] IPUIPlugin:80 - create IPUIPlugin
2026-06-03 18:54:51,368 [INFO] PluginManager:220 - loadIPPluginJar : add lorawan
2026-06-03 18:54:51,369 [INFO] IPUIPlugin:80 - create IPUIPlugin
2026-06-03 18:54:51,369 [INFO] PluginManager:220 - loadIPPluginJar : add ltdc
2026-06-03 18:54:51,373 [INFO] IPUIPlugin:80 - create IPUIPlugin
2026-06-03 18:54:51,373 [INFO] PluginManager:220 - loadIPPluginJar : add mdma
2026-06-03 18:54:51,376 [INFO] IPUIPlugin:80 - create IPUIPlugin
2026-06-03 18:54:51,376 [INFO] PluginManager:220 - loadIPPluginJar : add nvic
2026-06-03 18:54:51,378 [INFO] IPUIPlugin:80 - create IPUIPlugin
2026-06-03 18:54:51,378 [INFO] PluginManager:220 - loadIPPluginJar : add opamp
2026-06-03 18:54:51,381 [INFO] IPUIPlugin:80 - create IPUIPlugin
2026-06-03 18:54:51,381 [INFO] PluginManager:220 - loadIPPluginJar : add openamp
2026-06-03 18:54:51,383 [INFO] IPUIPlugin:80 - create IPUIPlugin
2026-06-03 18:54:51,383 [INFO] PluginManager:220 - loadIPPluginJar : add pdm2pcm
2026-06-03 18:54:51,389 [INFO] IPUIPlugin:80 - create IPUIPlugin
2026-06-03 18:54:51,390 [INFO] PluginManager:220 - loadIPPluginJar : add plateformsettings
2026-06-03 18:54:51,392 [INFO] IPUIPlugin:80 - create IPUIPlugin
2026-06-03 18:54:51,392 [INFO] PluginManager:220 - loadIPPluginJar : add quadspi
2026-06-03 18:54:51,393 [INFO] IPUIPlugin:80 - create IPUIPlugin
2026-06-03 18:54:51,394 [INFO] PluginManager:220 - loadIPPluginJar : add radio
2026-06-03 18:54:51,396 [INFO] IPUIPlugin:80 - create IPUIPlugin
2026-06-03 18:54:51,396 [INFO] PluginManager:220 - loadIPPluginJar : add resmgrutility
2026-06-03 18:54:51,399 [INFO] IPUIPlugin:80 - create IPUIPlugin
2026-06-03 18:54:51,399 [INFO] PluginManager:220 - loadIPPluginJar : add sai
2026-06-03 18:54:51,400 [INFO] IPUIPlugin:80 - create IPUIPlugin
2026-06-03 18:54:51,401 [INFO] PluginManager:220 - loadIPPluginJar : add spi
2026-06-03 18:54:51,406 [INFO] IPUIPlugin:80 - create IPUIPlugin
2026-06-03 18:54:51,406 [INFO] PluginManager:220 - loadIPPluginJar : add stm32_wpan
2026-06-03 18:54:51,407 [INFO] IPUIPlugin:80 - create IPUIPlugin
2026-06-03 18:54:51,407 [INFO] PluginManager:220 - loadIPPluginJar : add tim
2026-06-03 18:54:51,409 [INFO] IPUIPlugin:80 - create IPUIPlugin
2026-06-03 18:54:51,410 [INFO] PluginManager:220 - loadIPPluginJar : add touchsensing
2026-06-03 18:54:51,410 [INFO] IPUIPlugin:80 - create IPUIPlugin
2026-06-03 18:54:51,411 [INFO] PluginManager:220 - loadIPPluginJar : add tracer_emb
2026-06-03 18:54:51,412 [INFO] IPUIPlugin:80 - create IPUIPlugin
2026-06-03 18:54:51,412 [INFO] PluginManager:220 - loadIPPluginJar : add ts
2026-06-03 18:54:51,413 [INFO] IPUIPlugin:80 - create IPUIPlugin
2026-06-03 18:54:51,413 [INFO] PluginManager:220 - loadIPPluginJar : add tsc
2026-06-03 18:54:51,415 [INFO] IPUIPlugin:80 - create IPUIPlugin
2026-06-03 18:54:51,415 [INFO] PluginManager:220 - loadIPPluginJar : add ucpd
2026-06-03 18:54:51,417 [INFO] IPUIPlugin:80 - create IPUIPlugin
2026-06-03 18:54:51,417 [INFO] PluginManager:220 - loadIPPluginJar : add usart
2026-06-03 18:54:51,420 [INFO] IPUIPlugin:80 - create IPUIPlugin
2026-06-03 18:54:51,420 [INFO] PluginManager:220 - loadIPPluginJar : add usbx
2026-06-03 18:54:51,528 [FATAL] Updater:351 - Updater called before beeing initialized
2026-06-03 18:54:51,548 [INFO] RulesReader:64 - Compatibility file has been processed (317 Rules)
2026-06-03 18:54:51,556 [INFO] RulesReader:64 - Compatibility file has been processed (317 Rules)
2026-06-03 18:54:51,566 [INFO] CADModel:165 - CPN selected for project level
2026-06-03 18:54:51,567 [INFO] CADModel:114 - Register for checkConnection events
2026-06-03 18:54:51,567 [FATAL] Updater:351 - Updater called before beeing initialized
2026-06-03 18:54:51,567 [ERROR] CADModel:125 - Updater not yet initialized, retry later 
2026-06-03 18:54:51,680 [FATAL] Updater:351 - Updater called before beeing initialized
2026-06-03 18:54:51,681 [INFO] CADModel:165 - CPN selected for project level
2026-06-03 18:54:51,681 [INFO] CADModel:114 - Register for checkConnection events
2026-06-03 18:54:51,681 [FATAL] Updater:351 - Updater called before beeing initialized
2026-06-03 18:54:51,681 [ERROR] CADModel:125 - Updater not yet initialized, retry later 
2026-06-03 18:54:51,683 [FATAL] Updater:351 - Updater called before beeing initialized
2026-06-03 18:54:51,763 [FATAL] Updater:351 - Updater called before beeing initialized
2026-06-03 18:54:51,766 [INFO] DbMcusAds:53 - JSON generation date=Thu Sep 30 08:55:09 SAST 2021 (1632984909247)
2026-06-03 18:54:51,766 [FATAL] Updater:351 - Updater called before beeing initialized
2026-06-03 18:54:51,800 [WARN] DetailPanel:346 - Failed to get advertising image, set to default
2026-06-03 18:54:51,872 [FATAL] Updater:351 - Updater called before beeing initialized
2026-06-03 18:54:51,874 [FATAL] Updater:351 - Updater called before beeing initialized
2026-06-03 18:54:51,874 [FATAL] Updater:351 - Updater called before beeing initialized
2026-06-03 18:54:51,874 [WARN] DetailPanel:346 - Failed to get advertising image, set to default
2026-06-03 18:54:51,874 [FATAL] Updater:351 - Updater called before beeing initialized
2026-06-03 18:54:51,915 [ERROR] Updater:1198 - MainUpdater not yet initialized. External WinMGr cannot be set.
2026-06-03 18:54:51,920 [INFO] Updater:1134 - Updater Version found : 6.15.0
2026-06-03 18:54:51,935 [INFO] ApplicationProperties:184 - Using Application install path: C:\ST\STM32CubeIDE_1.19.0\STM32CubeIDE\plugins\com.st.stm32cube.common.mx_6.15.0.202507011659
2026-06-03 18:54:53,504 [ERROR] LogOutputStream:75 - [STDERR_REDIRECT] Jun 03, 2026 6:54:53 PM java.util.prefs.WindowsPreferences <init>
2026-06-03 18:54:53,505 [ERROR] LogOutputStream:75 - [STDERR_REDIRECT] WARNING: Could not open/create prefs root node Software\JavaSoft\Prefs at root 0xffffffff80000002. Windows RegCreateKeyEx(...) returned error code 5.
2026-06-03 18:54:53,505 [ERROR] LogOutputStream:75 - [STDERR_REDIRECT] 
2026-06-03 18:54:53,519 [INFO] MainUpdater:525 - Copy updater definitions from MX database
2026-06-03 18:54:53,553 [INFO] MainUpdater:558 - Copy flag file definitions from MX database
2026-06-03 18:54:53,557 [INFO] MainUpdater:574 - Copy thirdparty index definitions from MX database
2026-06-03 18:54:53,558 [INFO] MainUpdater:593 - Copy default thirdparty db definitions from MX database
2026-06-03 18:54:53,703 [INFO] ThirdPartyUpdaterWithRetryManager:70 - Updater plugin not ready yet. [2/15]
2026-06-03 18:54:53,770 [INFO] MainUpdater:2872 - connection check result : 10
2026-06-03 18:54:53,770 [INFO] MainUpdater:3604 - Updater definition file requires update
2026-06-03 18:54:53,771 [INFO] MainUpdater:289 - Updater Check For Update Now.
2026-06-03 18:54:53,771 [INFO] MicroXplorer:498 - Change Database Version : DB.6.0.150
2026-06-03 18:54:53,777 [INFO] McuFinderGlobals:63 - Set McuFinder mode to 2 (CubeIDE integrated)
2026-06-03 18:54:53,778 [INFO] UserAuth:171 - activating auth plugin
2026-06-03 18:54:53,779 [INFO] UserAuth:487 - Internet connection configuration mode: 1
2026-06-03 18:54:53,790 [INFO] JxBrowserEngine:152 - Initiate JxBrowser Engine with user profile folder
2026-06-03 18:54:53,801 [INFO] ServerAccessManage:452 - Complete download http(s) 200
2026-06-03 18:54:53,802 [INFO] ServerAccessManage:509 - Download File updaters.zip
2026-06-03 18:54:53,930 [INFO] FileExtend:248 - Unzip File : updaters.zip
2026-06-03 18:54:53,931 [INFO] FileExtend:263 - Standard Zip Deflate
2026-06-03 18:54:54,203 [INFO] ServerAccessManage:452 - Complete download http(s) 200
2026-06-03 18:54:54,203 [INFO] ServerAccessManage:509 - Download File PacksControlFlags.xml
2026-06-03 18:54:54,292 [INFO] ServerAccessManage:452 - Complete download http(s) 200
2026-06-03 18:54:54,292 [INFO] ServerAccessManage:509 - Download File cubemx.pidx
2026-06-03 18:54:54,442 [INFO] ServerAccessManage:452 - Complete download http(s) 200
2026-06-03 18:54:54,442 [INFO] ServerAccessManage:509 - Download File STMicroelectronics.FP-ATR-ASTRA1.pdsc
2026-06-03 18:54:54,838 [INFO] ServerAccessManage:452 - Complete download http(s) 200
2026-06-03 18:54:54,838 [INFO] ServerAccessManage:509 - Download File STMicroelectronics.FP-ATR-SIGFOX1.pdsc
2026-06-03 18:54:55,659 [INFO] ServerAccessManage:452 - Complete download http(s) 200
2026-06-03 18:54:55,659 [INFO] ServerAccessManage:509 - Download File STMicroelectronics.FP-SNS-STBOX1.pdsc
2026-06-03 18:54:56,059 [INFO] ServerAccessManage:452 - Complete download http(s) 200
2026-06-03 18:54:56,059 [INFO] ServerAccessManage:509 - Download File STMicroelectronics.FP-SNS-FLIGHT1.pdsc
2026-06-03 18:54:56,668 [INFO] ServerAccessManage:452 - Complete download http(s) 200
2026-06-03 18:54:56,668 [INFO] ServerAccessManage:509 - Download File STMicroelectronics.FP-SNS-MOTENV1.pdsc
2026-06-03 18:54:56,704 [WARN] MainUpdater:1193 - Updater busy. Cannot search thirdparties
2026-06-03 18:54:56,704 [INFO] ThirdPartyUpdaterWithRetryManager:96 - Updater plugin is busy. [1/15]
2026-06-03 18:54:57,168 [INFO] ServerAccessManage:452 - Complete download http(s) 200
2026-06-03 18:54:57,169 [INFO] ServerAccessManage:509 - Download File STMicroelectronics.FP-SNS-MOTENVWB1.pdsc
2026-06-03 18:54:57,437 [INFO] WebApp:169 - Instantiating new browser for Auth
2026-06-03 18:54:57,588 [INFO] ServerAccessManage:452 - Complete download http(s) 200
2026-06-03 18:54:57,589 [INFO] ServerAccessManage:509 - Download File STMicroelectronics.FP-SNS-SMARTAG2.pdsc
2026-06-03 18:54:57,799 [INFO] ServerAccessManage:452 - Complete download http(s) 200
2026-06-03 18:54:57,799 [INFO] ServerAccessManage:509 - Download File STMicroelectronics.FP-SNS-STAIOTCFT.pdsc
2026-06-03 18:54:57,945 [INFO] WebApp:463 - Apply proxy settings
2026-06-03 18:54:57,945 [INFO] WebApp:548 - Chromium requires no authentication
2026-06-03 18:54:57,950 [INFO] WebApp:491 - Direct internet connection detected
2026-06-03 18:54:57,963 [INFO] WebApp:900 - Register for checkConnection events
2026-06-03 18:54:57,963 [INFO] WebApp:463 - Apply proxy settings
2026-06-03 18:54:57,963 [INFO] WebApp:548 - Chromium requires no authentication
2026-06-03 18:54:57,963 [INFO] WebApp:491 - Direct internet connection detected
2026-06-03 18:54:58,050 [INFO] ServerAccessManage:452 - Complete download http(s) 200
2026-06-03 18:54:58,050 [INFO] ServerAccessManage:509 - Download File STMicroelectronics.X-CUBE-AI.pdsc
2026-06-03 18:54:58,072 [INFO] WebApp:225 - Starting web application
2026-06-03 18:54:58,072 [INFO] WebApp:593 - Web application path used C:\ST\STM32CubeIDE_1.19.0\STM32CubeIDE\plugins\com.st.stm32cube.common.mx_6.15.0.202507011659\db\plugins\mcufinder\reactClient1\index.html
2026-06-03 18:54:58,749 [INFO] WebApp:191 - Connection restablished
2026-06-03 18:54:59,705 [WARN] MainUpdater:1193 - Updater busy. Cannot search thirdparties
2026-06-03 18:54:59,705 [INFO] ThirdPartyUpdaterWithRetryManager:96 - Updater plugin is busy. [2/15]
2026-06-03 18:55:00,841 [INFO] ServerAccessManage:452 - Complete download http(s) 200
2026-06-03 18:55:00,841 [INFO] ServerAccessManage:509 - Download File STMicroelectronics.X-CUBE-ALS.pdsc
2026-06-03 18:55:01,151 [INFO] ServerAccessManage:452 - Complete download http(s) 200
2026-06-03 18:55:01,151 [INFO] ServerAccessManage:509 - Download File STMicroelectronics.X-CUBE-BLE1.pdsc
2026-06-03 18:55:02,706 [WARN] MainUpdater:1193 - Updater busy. Cannot search thirdparties
2026-06-03 18:55:02,706 [INFO] ThirdPartyUpdaterWithRetryManager:96 - Updater plugin is busy. [3/15]
2026-06-03 18:55:02,857 [ERROR] ServerAccessManage:1212 - Problem, file not found on Server
2026-06-03 18:55:02,922 [INFO] ServerAccessManage:452 - Complete download http(s) 200
2026-06-03 18:55:02,922 [INFO] ServerAccessManage:509 - Download File STMicroelectronics.X-CUBE-BLE2.pdsc
2026-06-03 18:55:03,580 [INFO] ServerAccessManage:452 - Complete download http(s) 200
2026-06-03 18:55:03,580 [INFO] ServerAccessManage:509 - Download File STMicroelectronics.X-CUBE-BLEMGR.pdsc
2026-06-03 18:55:03,658 [INFO] McuFinderGlobals:63 - Set McuFinder mode to 2 (CubeIDE integrated)
2026-06-03 18:55:03,659 [INFO] UserAuth:171 - activating auth plugin
2026-06-03 18:55:03,660 [INFO] UserAuth:487 - Internet connection configuration mode: 1
2026-06-03 18:55:04,072 [ERROR] ServerAccessManage:1212 - Problem, file not found on Server
2026-06-03 18:55:04,863 [INFO] ServerAccessManage:452 - Complete download http(s) 200
2026-06-03 18:55:04,863 [INFO] ServerAccessManage:509 - Download File STMicroelectronics.X-CUBE-DISPLAY.pdsc
2026-06-03 18:55:05,706 [WARN] MainUpdater:1193 - Updater busy. Cannot search thirdparties
2026-06-03 18:55:05,706 [INFO] ThirdPartyUpdaterWithRetryManager:96 - Updater plugin is busy. [4/15]
2026-06-03 18:55:05,864 [INFO] ServerAccessManage:452 - Complete download http(s) 200
2026-06-03 18:55:05,864 [INFO] ServerAccessManage:509 - Download File STMicroelectronics.X-CUBE-DPOWER.pdsc
2026-06-03 18:55:06,824 [ERROR] ServerAccessManage:1212 - Problem, file not found on Server
2026-06-03 18:55:07,494 [ERROR] ServerAccessManage:1212 - Problem, file not found on Server
2026-06-03 18:55:08,255 [ERROR] ServerAccessManage:1212 - Problem, file not found on Server
2026-06-03 18:55:08,708 [WARN] MainUpdater:1193 - Updater busy. Cannot search thirdparties
2026-06-03 18:55:08,708 [INFO] ThirdPartyUpdaterWithRetryManager:96 - Updater plugin is busy. [5/15]
2026-06-03 18:55:09,016 [ERROR] ServerAccessManage:1212 - Problem, file not found on Server
2026-06-03 18:55:09,726 [ERROR] ServerAccessManage:1212 - Problem, file not found on Server
2026-06-03 18:55:10,396 [ERROR] ServerAccessManage:1212 - Problem, file not found on Server
2026-06-03 18:55:11,538 [ERROR] ServerAccessManage:1212 - Problem, file not found on Server
2026-06-03 18:55:11,709 [WARN] MainUpdater:1193 - Updater busy. Cannot search thirdparties
2026-06-03 18:55:11,709 [INFO] ThirdPartyUpdaterWithRetryManager:96 - Updater plugin is busy. [6/15]
2026-06-03 18:55:12,771 [ERROR] ServerAccessManage:1212 - Problem, file not found on Server
2026-06-03 18:55:13,430 [ERROR] ServerAccessManage:1212 - Problem, file not found on Server
2026-06-03 18:55:13,710 [ERROR] ServerAccessManage:1212 - Problem, file not found on Server
2026-06-03 18:55:14,379 [ERROR] ServerAccessManage:1212 - Problem, file not found on Server
2026-06-03 18:55:14,469 [INFO] ServerAccessManage:452 - Complete download http(s) 200
2026-06-03 18:55:14,469 [INFO] ServerAccessManage:509 - Download File STMicroelectronics.X-CUBE-EEPRMA1.pdsc
2026-06-03 18:55:14,710 [WARN] MainUpdater:1193 - Updater busy. Cannot search thirdparties
2026-06-03 18:55:14,710 [INFO] ThirdPartyUpdaterWithRetryManager:96 - Updater plugin is busy. [7/15]
2026-06-03 18:55:15,286 [ERROR] ServerAccessManage:1212 - Problem, file not found on Server
2026-06-03 18:55:16,089 [ERROR] ServerAccessManage:1212 - Problem, file not found on Server
2026-06-03 18:55:16,641 [INFO] ServerAccessManage:452 - Complete download http(s) 200
2026-06-03 18:55:16,641 [INFO] ServerAccessManage:509 - Download File STMicroelectronics.X-CUBE-FREERTOS.pdsc
2026-06-03 18:55:17,322 [INFO] ServerAccessManage:452 - Complete download http(s) 200
2026-06-03 18:55:17,322 [INFO] ServerAccessManage:509 - Download File STMicroelectronics.X-CUBE-GNSS1.pdsc
2026-06-03 18:55:17,711 [WARN] MainUpdater:1193 - Updater busy. Cannot search thirdparties
2026-06-03 18:55:17,711 [INFO] ThirdPartyUpdaterWithRetryManager:96 - Updater plugin is busy. [8/15]
2026-06-03 18:55:18,413 [ERROR] ServerAccessManage:1212 - Problem, file not found on Server
2026-06-03 18:55:19,061 [ERROR] ServerAccessManage:1212 - Problem, file not found on Server
2026-06-03 18:55:19,718 [ERROR] ServerAccessManage:1212 - Problem, file not found on Server
2026-06-03 18:55:20,373 [ERROR] ServerAccessManage:1212 - Problem, file not found on Server
2026-06-03 18:55:20,712 [WARN] MainUpdater:1193 - Updater busy. Cannot search thirdparties
2026-06-03 18:55:20,712 [INFO] ThirdPartyUpdaterWithRetryManager:96 - Updater plugin is busy. [9/15]
2026-06-03 18:55:21,084 [ERROR] ServerAccessManage:1212 - Problem, file not found on Server
2026-06-03 18:55:21,730 [ERROR] ServerAccessManage:1212 - Problem, file not found on Server
2026-06-03 18:55:21,798 [INFO] ServerAccessManage:452 - Complete download http(s) 200
2026-06-03 18:55:21,798 [INFO] ServerAccessManage:509 - Download File STMicroelectronics.X-CUBE-ISPU.pdsc
2026-06-03 18:55:22,130 [INFO] ServerAccessManage:452 - Complete download http(s) 200
2026-06-03 18:55:22,130 [INFO] ServerAccessManage:509 - Download File STMicroelectronics.X-CUBE-IPS.pdsc
2026-06-03 18:55:22,417 [INFO] ServerAccessManage:452 - Complete download http(s) 200
2026-06-03 18:55:22,417 [INFO] ServerAccessManage:509 - Download File STMicroelectronics.X-CUBE-MEMS1.pdsc
2026-06-03 18:55:23,713 [WARN] MainUpdater:1193 - Updater busy. Cannot search thirdparties
2026-06-03 18:55:23,713 [INFO] ThirdPartyUpdaterWithRetryManager:96 - Updater plugin is busy. [10/15]
2026-06-03 18:55:23,877 [INFO] WebApp:650 - userauth.ini created with success
2026-06-03 18:55:25,272 [INFO] ServerAccessManage:452 - Complete download http(s) 200
2026-06-03 18:55:25,272 [INFO] ServerAccessManage:509 - Download File STMicroelectronics.X-CUBE-NFC4.pdsc
2026-06-03 18:55:26,613 [INFO] ServerAccessManage:452 - Complete download http(s) 200
2026-06-03 18:55:26,613 [INFO] ServerAccessManage:509 - Download File STMicroelectronics.X-CUBE-NFC6.pdsc
2026-06-03 18:55:26,713 [WARN] MainUpdater:1193 - Updater busy. Cannot search thirdparties
2026-06-03 18:55:26,713 [INFO] ThirdPartyUpdaterWithRetryManager:96 - Updater plugin is busy. [11/15]
2026-06-03 18:55:26,883 [INFO] ServerAccessManage:452 - Complete download http(s) 200
2026-06-03 18:55:26,883 [INFO] ServerAccessManage:509 - Download File STMicroelectronics.X-CUBE-NFC7.pdsc
2026-06-03 18:55:27,142 [INFO] ServerAccessManage:452 - Complete download http(s) 200
2026-06-03 18:55:27,143 [INFO] ServerAccessManage:509 - Download File STMicroelectronics.X-CUBE-NFC9.pdsc
2026-06-03 18:55:27,278 [INFO] ServerAccessManage:452 - Complete download http(s) 200
2026-06-03 18:55:27,279 [INFO] ServerAccessManage:509 - Download File STMicroelectronics.X-CUBE-NFC10.pdsc
2026-06-03 18:55:27,421 [INFO] ServerAccessManage:452 - Complete download http(s) 200
2026-06-03 18:55:27,421 [INFO] ServerAccessManage:509 - Download File STMicroelectronics.X-CUBE-NFC12.pdsc
2026-06-03 18:55:27,551 [INFO] ServerAccessManage:452 - Complete download http(s) 200
2026-06-03 18:55:27,551 [INFO] ServerAccessManage:509 - Download File STMicroelectronics.X-CUBE-SFXS2LP1.pdsc
2026-06-03 18:55:27,905 [INFO] ServerAccessManage:452 - Complete download http(s) 200
2026-06-03 18:55:27,905 [INFO] ServerAccessManage:509 - Download File STMicroelectronics.X-CUBE-SUBG2.pdsc
2026-06-03 18:55:28,575 [INFO] ServerAccessManage:452 - Complete download http(s) 200
2026-06-03 18:55:28,575 [INFO] ServerAccessManage:509 - Download File STMicroelectronics.X-CUBE-SMBUS.pdsc
2026-06-03 18:55:29,372 [ERROR] ServerAccessManage:1212 - Problem, file not found on Server
2026-06-03 18:55:29,425 [INFO] McuFinderGlobals:63 - Set McuFinder mode to 2 (CubeIDE integrated)
2026-06-03 18:55:29,425 [INFO] UserAuth:487 - Internet connection configuration mode: 1
2026-06-03 18:55:29,439 [INFO] ServerAccessManage:452 - Complete download http(s) 200
2026-06-03 18:55:29,440 [INFO] ServerAccessManage:509 - Download File STMicroelectronics.X-CUBE-ST60.pdsc
2026-06-03 18:55:29,649 [INFO] ServerAccessManage:452 - Complete download http(s) 200
2026-06-03 18:55:29,649 [INFO] ServerAccessManage:509 - Download File STMicroelectronics.X-CUBE-ST67W61.pdsc
2026-06-03 18:55:29,714 [WARN] MainUpdater:1193 - Updater busy. Cannot search thirdparties
2026-06-03 18:55:29,714 [INFO] ThirdPartyUpdaterWithRetryManager:96 - Updater plugin is busy. [12/15]
2026-06-03 18:55:29,803 [INFO] ServerAccessManage:452 - Complete download http(s) 200
2026-06-03 18:55:29,803 [INFO] ServerAccessManage:509 - Download File STMicroelectronics.X-CUBE-STSE01.pdsc
2026-06-03 18:55:30,006 [INFO] ServerAccessManage:452 - Complete download http(s) 200
2026-06-03 18:55:30,006 [INFO] ServerAccessManage:509 - Download File STMicroelectronics.X-CUBE-PM33A1.pdsc
2026-06-03 18:55:30,144 [INFO] ServerAccessManage:452 - Complete download http(s) 200
2026-06-03 18:55:30,146 [INFO] ServerAccessManage:509 - Download File STMicroelectronics.X-CUBE-TCPP.pdsc
2026-06-03 18:55:30,342 [INFO] ServerAccessManage:452 - Complete download http(s) 200
2026-06-03 18:55:30,343 [INFO] ServerAccessManage:509 - Download File STMicroelectronics.X-CUBE-TOF1.pdsc
2026-06-03 18:55:31,679 [ERROR] ServerAccessManage:1212 - Problem, file not found on Server
2026-06-03 18:55:31,824 [INFO] ServerAccessManage:452 - Complete download http(s) 200
2026-06-03 18:55:31,826 [INFO] ServerAccessManage:509 - Download File STMicroelectronics.X-CUBE-TOUCHGFX.pdsc
2026-06-03 18:55:32,716 [WARN] MainUpdater:1193 - Updater busy. Cannot search thirdparties
2026-06-03 18:55:32,716 [INFO] ThirdPartyUpdaterWithRetryManager:96 - Updater plugin is busy. [13/15]
2026-06-03 18:55:33,682 [INFO] ServerAccessManage:452 - Complete download http(s) 200
2026-06-03 18:55:33,682 [INFO] ServerAccessManage:509 - Download File STMicroelectronics.X-CUBE-ALGOBUILD.pdsc
2026-06-03 18:55:34,237 [INFO] ServerAccessManage:452 - Complete download http(s) 200
2026-06-03 18:55:34,237 [INFO] ServerAccessManage:509 - Download File STMicroelectronics.X-CUBE-AZRTOS-H7.pdsc
2026-06-03 18:55:35,028 [INFO] ServerAccessManage:452 - Complete download http(s) 200
2026-06-03 18:55:35,028 [INFO] ServerAccessManage:509 - Download File STMicroelectronics.X-CUBE-AZRTOS-H7RS.pdsc
2026-06-03 18:55:35,327 [INFO] ServerAccessManage:452 - Complete download http(s) 200
2026-06-03 18:55:35,327 [INFO] ServerAccessManage:509 - Download File STMicroelectronics.X-CUBE-AZRTOS-F4.pdsc
2026-06-03 18:55:35,564 [INFO] ServerAccessManage:452 - Complete download http(s) 200
2026-06-03 18:55:35,564 [INFO] ServerAccessManage:509 - Download File STMicroelectronics.X-CUBE-AZRTOS-F7.pdsc
2026-06-03 18:55:35,718 [WARN] MainUpdater:1193 - Updater busy. Cannot search thirdparties
2026-06-03 18:55:35,718 [INFO] ThirdPartyUpdaterWithRetryManager:96 - Updater plugin is busy. [14/15]
2026-06-03 18:55:35,816 [INFO] ServerAccessManage:452 - Complete download http(s) 200
2026-06-03 18:55:35,816 [INFO] ServerAccessManage:509 - Download File STMicroelectronics.X-CUBE-AZRTOS-L4.pdsc
2026-06-03 18:55:36,049 [INFO] ServerAccessManage:452 - Complete download http(s) 200
2026-06-03 18:55:36,049 [INFO] ServerAccessManage:509 - Download File STMicroelectronics.X-CUBE-AZRTOS-L5.pdsc
2026-06-03 18:55:36,360 [INFO] ServerAccessManage:452 - Complete download http(s) 200
2026-06-03 18:55:36,360 [INFO] ServerAccessManage:509 - Download File STMicroelectronics.X-CUBE-AZRTOS-G0.pdsc
2026-06-03 18:55:36,603 [INFO] ServerAccessManage:452 - Complete download http(s) 200
2026-06-03 18:55:36,603 [INFO] ServerAccessManage:509 - Download File STMicroelectronics.X-CUBE-AZRTOS-G4.pdsc
2026-06-03 18:55:36,833 [INFO] ServerAccessManage:452 - Complete download http(s) 200
2026-06-03 18:55:36,833 [INFO] ServerAccessManage:509 - Download File STMicroelectronics.X-CUBE-AZRTOS-WB.pdsc
2026-06-03 18:55:37,086 [INFO] ServerAccessManage:452 - Complete download http(s) 200
2026-06-03 18:55:37,088 [INFO] ServerAccessManage:509 - Download File STMicroelectronics.X-CUBE-AZRTOS-WL.pdsc
2026-06-03 18:55:37,306 [INFO] ServerAccessManage:452 - Complete download http(s) 200
2026-06-03 18:55:37,307 [INFO] ServerAccessManage:509 - Download File STMicroelectronics.X-CUBE-WB05N.pdsc
2026-06-03 18:55:37,450 [INFO] ServerAccessManage:452 - Complete download http(s) 200
2026-06-03 18:55:37,450 [INFO] ServerAccessManage:509 - Download File STMicroelectronics.eDS-WB_DPC_VIENNA.pdsc
2026-06-03 18:55:38,175 [ERROR] ServerAccessManage:1212 - Problem, file not found on Server
2026-06-03 18:55:38,713 [INFO] McuFinderGlobals:63 - Set McuFinder mode to 2 (CubeIDE integrated)
2026-06-03 18:55:38,719 [WARN] MainUpdater:1193 - Updater busy. Cannot search thirdparties
2026-06-03 18:55:38,719 [INFO] ThirdPartyUpdaterWithRetryManager:96 - Updater plugin is busy. [15/15]
2026-06-03 18:55:38,719 [ERROR] IntegrityCheckThread:130 - Cannot retrieve database content from updater: error -1
2026-06-03 18:55:38,719 [INFO] ThirdParty:978 - Integrity check success = false
2026-06-03 18:55:38,719 [INFO] IntegrityCheckThread:100 - exiting critical section [integrity check]
2026-06-03 18:55:38,719 [INFO] IntegrityCheckThread:103 - End integrity checks thread
2026-06-03 18:55:38,822 [ERROR] ServerAccessManage:1212 - Problem, file not found on Server
2026-06-03 18:55:39,482 [ERROR] ServerAccessManage:1212 - Problem, file not found on Server
2026-06-03 18:55:40,130 [ERROR] ServerAccessManage:1212 - Problem, file not found on Server
2026-06-03 18:55:40,773 [ERROR] ServerAccessManage:1212 - Problem, file not found on Server
2026-06-03 18:55:40,846 [INFO] ServerAccessManage:452 - Complete download http(s) 200
2026-06-03 18:55:40,846 [INFO] ServerAccessManage:509 - Download File STMicroelectronics.eDS-WB_DPC_TT-BIDIR.pdsc
2026-06-03 18:55:41,567 [ERROR] ServerAccessManage:1212 - Problem, file not found on Server
2026-06-03 18:55:42,218 [ERROR] ServerAccessManage:1212 - Problem, file not found on Server
2026-06-03 18:55:42,765 [ERROR] ServerAccessManage:1212 - Problem, file not found on Server
2026-06-03 18:55:43,405 [ERROR] ServerAccessManage:1212 - Problem, file not found on Server
2026-06-03 18:55:43,468 [INFO] ServerAccessManage:452 - Complete download http(s) 200
2026-06-03 18:55:43,468 [INFO] ServerAccessManage:509 - Download File STMicroelectronics.eDS-WB_DPC_3PH2L-BIDIR.pdsc
2026-06-03 18:55:44,203 [ERROR] ServerAccessManage:1212 - Problem, file not found on Server
2026-06-03 18:55:44,482 [ERROR] ServerAccessManage:1212 - Problem, file not found on Server
2026-06-03 18:55:45,611 [INFO] ServerAccessManage:452 - Complete download http(s) 200
2026-06-03 18:55:45,611 [INFO] ServerAccessManage:509 - Download File wolfSSL.I-CUBE-wolfSSL.pdsc
2026-06-03 18:55:52,796 [ERROR] ServerAccessManage:1212 - Problem, file not found on Server
2026-06-03 18:55:53,074 [ERROR] ServerAccessManage:1212 - Problem, file not found on Server
2026-06-03 18:55:53,347 [ERROR] ServerAccessManage:1212 - Problem, file not found on Server
2026-06-03 18:55:53,579 [INFO] ServerAccessManage:452 - Complete download http(s) 200
2026-06-03 18:55:53,579 [INFO] ServerAccessManage:509 - Download File wolfSSL.I-CUBE-wolfMQTT.pdsc
2026-06-03 18:55:54,878 [ERROR] ServerAccessManage:1212 - Problem, file not found on Server
2026-06-03 18:55:55,113 [INFO] ServerAccessManage:452 - Complete download http(s) 200
2026-06-03 18:55:55,113 [INFO] ServerAccessManage:509 - Download File wolfSSL.I-CUBE-wolfTPM.pdsc
2026-06-03 18:55:56,854 [INFO] ServerAccessManage:452 - Complete download http(s) 200
2026-06-03 18:55:56,854 [INFO] ServerAccessManage:509 - Download File wolfSSL.I-CUBE-wolfSSH.pdsc
2026-06-03 18:55:58,531 [INFO] ServerAccessManage:452 - Complete download http(s) 200
2026-06-03 18:55:58,531 [INFO] ServerAccessManage:509 - Download File RealThread.X-CUBE-RT-Thread_Nano.pdsc
2026-06-03 18:55:58,785 [INFO] MainUpdater:2872 - connection check result : 10
2026-06-03 18:55:59,400 [INFO] ServerAccessManage:452 - Complete download http(s) 200
2026-06-03 18:55:59,400 [INFO] ServerAccessManage:509 - Download File SEGGER.I-CUBE-embOS.pdsc
2026-06-03 18:56:01,301 [INFO] ServerAccessManage:452 - Complete download http(s) 200
2026-06-03 18:56:01,301 [INFO] ServerAccessManage:509 - Download File emotas.I-CUBE-CANOPEN.pdsc
2026-06-03 18:56:03,157 [INFO] ServerAccessManage:452 - Complete download http(s) 200
2026-06-03 18:56:03,157 [INFO] ServerAccessManage:509 - Download File WES.I-CUBE-Cesium.pdsc
2026-06-03 18:56:04,404 [ERROR] ServerAccessManage:1212 - Problem, file not found on Server
2026-06-03 18:56:04,785 [ERROR] ServerAccessManage:1212 - Problem, file not found on Server
2026-06-03 18:56:05,998 [INFO] ServerAccessManage:452 - Complete download http(s) 200
2026-06-03 18:56:05,998 [INFO] ServerAccessManage:509 - Download File ITTIA_DB.I-CUBE-ITTIADB.pdsc
2026-06-03 18:56:11,539 [INFO] ServerAccessManage:452 - Complete download http(s) 200
2026-06-03 18:56:11,539 [INFO] ServerAccessManage:509 - Download File Infineon.AIROC-Wi-Fi-Bluetooth-STM32.pdsc
2026-06-03 18:56:16,438 [INFO] ServerAccessManage:452 - Complete download http(s) 200
2026-06-03 18:56:16,439 [INFO] ServerAccessManage:509 - Download File Cesanta.I-CUBE-Mongoose.pdsc
2026-06-03 18:56:19,341 [INFO] ApiDb:581 - Connected to CubeFinder SQLite database (C:\Users\karlh\.stmcufinder\plugins\mcufinder\mcu\cube-finder-db.db)
2026-06-03 18:56:19,393 [INFO] ApiDb:668 - CubeFinder database Data Model version=2.1
2026-06-03 18:56:19,393 [INFO] ApiDb:669 - CubeFinder database Configuration version=3.0.39
2026-06-03 18:56:19,393 [INFO] ApiDb:670 - CubeFinder database generation date=2025-06-24 (1750757100)
2026-06-03 18:56:19,393 [INFO] ApiDb:671 - CubeFinder database FW Pack versions=[FP-ATR-ASTRA1_V2.0.0, FP-SNS-FLIGHT1_V5.1.0, FP-SNS-MOTENV1_V5.0.0, FP-SNS-MOTENVWB1_V1.4.0, FP-SNS-SMARTAG2_V1.2.0, FP-SNS-STBOX1_V2.0.0, STM32Cube_FW_C0_V1.4.0, STM32Cube_FW_F4_V1.28.2, STM32Cube_FW_F7_V1.17.3, STM32Cube_FW_G0_V1.6.2, STM32Cube_FW_G4_V1.6.1, STM32Cube_FW_H5_V1.5.0, STM32Cube_FW_H7RS_V1.2.0, STM32Cube_FW_H7_V1.12.1, STM32Cube_FW_L0_V1.12.2, STM32Cube_FW_L4_V1.18.1, STM32Cube_FW_L5_V1.5.1, STM32Cube_FW_N6_V1.2.0, STM32Cube_FW_U0_V1.3.0, STM32Cube_FW_U3_V1.2.0, STM32Cube_FW_U5_V1.8.0, STM32Cube_FW_WB0_V1.3.0, STM32Cube_FW_WBA_V1.7.0, STM32Cube_FW_WB_V1.23.0, STM32Cube_FW_WL3_V1.2.0, STM32Cube_FW_WL_V1.3.1, X-CUBE-ALGOBUILD_V1.4.0, X-CUBE-ALS_V1.0.2, X-CUBE-AZRTOS-F4_V1.1.0, X-CUBE-AZRTOS-F7_V1.1.0, X-CUBE-AZRTOS-G0_V1.1.0, X-CUBE-AZRTOS-G4_V2.0.0, X-CUBE-AZRTOS-H7RS_V1.1.0, X-CUBE-AZRTOS-H7_V3.3.0, X-CUBE-AZRTOS-L4_V2.0.0, X-CUBE-AZRTOS-L5_V2.0.0, X-CUBE-AZRTOS-WB_V2.0.0, X-CUBE-AZRTOS-WL_V2.0.0, X-CUBE-BLE1_V7.1.0, X-CUBE-BLE2_V3.3.0, X-CUBE-BLEMGR_V4.0.0, X-CUBE-EEPRMA1_V5.1.0, X-CUBE-FREERTOS_V1.3.1, X-CUBE-GNSS1_V6.0.0, X-CUBE-MEMS1_V11.3.0, X-CUBE-NFC4_V3.0.0, X-CUBE-NFC7_V2.0.0, X-CUBE-SFXS2LP1_V4.0.0, X-CUBE-SUBG2_V5.0.0, X-CUBE-TOF1_V3.4.3]
2026-06-03 18:56:20,851 [INFO] ApiDb:240 - Found 880 in-development CPN: [B-G473E-ZEST1S, B-WB1M-WPAN1, B-WBA5M-WPAN, B-WL5M-SUBG1, NUCLEO-C031C6, NUCLEO-C051C8, NUCLEO-C071RB, NUCLEO-C092RC, NUCLEO-H503RB, NUCLEO-H533RE, NUCLEO-H563ZI, NUCLEO-H7S3L8, NUCLEO-N657X0-Q, NUCLEO-U031R8, NUCLEO-U083RC, NUCLEO-U385RG-Q, NUCLEO-U545RE-Q, NUCLEO-U5A5ZJ-Q, NUCLEO-WB05KZ, NUCLEO-WB07CC, NUCLEO-WB09KE, NUCLEO-WBA52CG, NUCLEO-WBA55CG, NUCLEO-WL33CC1, NUCLEO-WL33CC2, STEVAL-PROTEUS1, STEVAL-SMARTAG2, STEVAL-STWINBX1, STM320518-EVAL, STM32C0116-DK, STM32C011D6Y3TR, STM32C011D6Y6TR, STM32C011F4P3, STM32C011F4P6, STM32C011F4U3, STM32C011F4U6TR, STM32C011F6P3, STM32C011F6P6, STM32C011F6U3, STM32C011F6U6TR, STM32C011J4M3, STM32C011J4M6, STM32C011J6M3, STM32C011J6M6, STM32C0316-DK, STM32C031C4T3, STM32C031C4T6, STM32C031C4U3, STM32C031C4U6, STM32C031C6T3, STM32C031C6T6, STM32C031C6U3, STM32C031C6U6, STM32C031F4P3, STM32C031F4P6, STM32C031F6P3, STM32C031F6P6, STM32C031G4U3, STM32C031G4U6, STM32C031G6U3, STM32C031G6U6, STM32C031K4T3, STM32C031K4T6, STM32C031K4U3, STM32C031K4U6, STM32C031K6T3, STM32C031K6T6, STM32C031K6U3, STM32C031K6U6, STM32C051C6T6, STM32C051C6U6, STM32C051C8T6, STM32C051C8U6, STM32C051D8Y6TR, STM32C051F6P6, STM32C051F8P6, STM32C051G6U6, STM32C051G8U6, STM32C051K6T6, STM32C051K6U6, STM32C051K8T6, STM32C071C8T6, STM32C071C8T6N, STM32C071C8U6, STM32C071C8U6N, STM32C071CBT6, STM32C071CBT6N, STM32C071CBU6, STM32C071CBU6N, STM32C071F8P6, STM32C071F8P6N, STM32C071FBP6, STM32C071FBP6N, STM32C071FBY6TR, STM32C071G8U6, STM32C071G8U6N, STM32C071GBU6, STM32C071GBU6N, STM32C071K8T6, STM32C071K8T6N, STM32C071K8U6, STM32C071K8U6N, STM32C071KBT6, STM32C071KBT6N, STM32C071KBU6, STM32C071KBU6N, STM32C071R8T6, STM32C071R8T6N, STM32C071RBI6N, STM32C071RBT6, STM32C071RBT6N, STM32C091CBT6, STM32C091CBU6, STM32C091CCT6, STM32C091CCU6, STM32C091ECY6TR, STM32C091FBP6, STM32C091FCP6, STM32C091GBU6, STM32C091GCU6, STM32C091KBT6, STM32C091KBU6, STM32C091KCT6, STM32C091KCU6, STM32C091RBT6, STM32C091RCI6, STM32C091RCT6, STM32C092CBT6, STM32C092CBU6, STM32C092CCT6, STM32C092CCU6, STM32C092ECY6TR, STM32C092FBP6, STM32C092FCP6, STM32C092GBU6, STM32C092GCU6, STM32C092KBT6, STM32C092KBU6, STM32C092KCT6, STM32C092KCU6, STM32C092RBT6, STM32C092RCI6, STM32C092RCT6, STM32G071K8TXN, STM32G071K8UXN, STM32G081GBU6N, STM32G081KBT6N, STM32G081KBUXN, STM32G0B1CCT6N, STM32G0B1KCT6, STM32G0B1NEY6TR, STM32G0B1RCT6N, STM32G0C1CCT6, STM32G0C1CCT6N, STM32G0C1CCU6N, STM32G0C1CET6N, STM32G0C1CEU6N, STM32G0C1KCT6, STM32G0C1NEY6TR, STM32G0C1RCI6N, STM32G0C1RCT6N, STM32G0C1REI6N, STM32G0C1RET6N, STM32G0C1VCI6, STM32G0C1VEI6, STM32G411C6T3, STM32G411C6T6, STM32G411C6U3, STM32G411C6U6, STM32G411C8T3, STM32G411C8T6, STM32G411C8U3, STM32G411C8U6, STM32G411CBT3, STM32G411CBT6, STM32G411CBU3, STM32G411CBU6, STM32G411K6T3, STM32G411K6T6, STM32G411K6U3, STM32G411K6U6, STM32G411K8T3, STM32G411K8T6, STM32G411K8U3, STM32G411K8U6, STM32G411KBT3, STM32G411KBT6, STM32G411KBU3, STM32G411KBU6, STM32G411M6T3, STM32G411M6T6, STM32G411M8T3, STM32G411M8T6, STM32G411MBT3, STM32G411MBT6, STM32G411R6T3, STM32G411R6T6, STM32G411R8T3, STM32G411R8T6, STM32G411RBT3, STM32G411RBT6, STM32G414CBT3, STM32G414CBT6, STM32G414CBU3, STM32G414CBU6, STM32G414CCT3, STM32G414CCT6, STM32G414CCU3, STM32G414CCU6, STM32G414MBT3, STM32G414MBT6, STM32G414MCT3, STM32G414MCT6, STM32G414RBT3, STM32G414RBT6, STM32G414RCT3, STM32G414RCT6, STM32G414VBT3, STM32G414VBT6, STM32G414VCT3, STM32G414VCT6, STM32G431CBT3Z, STM32G431RBT3Z, STM32G471CCT6, STM32G471CCU6, STM32G471CET3, STM32G471CET6, STM32G471CEU3, STM32G471CEU6, STM32G471MCT6, STM32G471MET3, STM32G471MET6, STM32G471MEY6TR, STM32G471QCT6, STM32G471QET3, STM32G471RCT6, STM32G471RET3, STM32G471RET6, STM32G471VCH6, STM32G471VCI6, STM32G471VCT6, STM32G471VEH3, STM32G471VEH6, STM32G471VEI3, STM32G471VEI6, STM32G471VET3, STM32G471VET6, STM32G473QET3Z, STM32G473RET3Z, STM32G474CCT6, STM32G491RET3Z, STM32H503CBT6, STM32H503CBU6, STM32H503EBY6TR, STM32H503KBU6, STM32H503RBT6, STM32H523CCT6, STM32H523CCU6, STM32H523CET6, STM32H523CEU6, STM32H523HEY6TR, STM32H523RCT6, STM32H523RET6, STM32H523VCI6, STM32H523VCT6, STM32H523VEI6, STM32H523VET6, STM32H523ZCJ6, STM32H523ZCT6, STM32H523ZEJ6, STM32H523ZET6, STM32H533CET6, STM32H533CEU6, STM32H533HEY6TR, STM32H533RET6, STM32H533VEI6, STM32H533VET6, STM32H533ZEJ6, STM32H533ZET6, STM32H562AGI6, STM32H562AII6, STM32H562IGK6, STM32H562IGT6, STM32H562IIK6, STM32H562IIT6, STM32H562RGT6, STM32H562RGV6, STM32H562RIT6, STM32H562RIV6, STM32H562VGT6, STM32H562VIT6, STM32H562ZGT6, STM32H562ZIT6, STM32H563AGI6, STM32H563AII3Q, STM32H563AII6, STM32H563IGK6, STM32H563IGT6, STM32H563IIK3Q, STM32H563IIK6, STM32H563IIT3Q, STM32H563IIT6, STM32H563MIY3QTR, STM32H563RGT6, STM32H563RGV6, STM32H563RIT6, STM32H563RIV6, STM32H563VGT6, STM32H563VIT3Q, STM32H563VIT6, STM32H563ZGT6, STM32H563ZIT3Q, STM32H563ZIT6, STM32H573AII3Q, STM32H573AII6, STM32H573I-DK, STM32H573IIK3Q, STM32H573IIK6, STM32H573IIT3Q, STM32H573IIT6, STM32H573MIY3QTR, STM32H573RIT6, STM32H573RIV6, STM32H573VIT3Q, STM32H573VIT6, STM32H573ZIT3Q, STM32H573ZIT6, STM32H7R3A8I6, STM32H7R3I8K6, STM32H7R3I8T6, STM32H7R3L8H6, STM32H7R3L8H6H, STM32H7R3R8V6, STM32H7R3V8H6, STM32H7R3V8T6, STM32H7R3V8Y6TR, STM32H7R3Z8J6, STM32H7R3Z8T6, STM32H7R7A8I6, STM32H7R7I8K6, STM32H7R7I8T6, STM32H7R7L8H6, STM32H7R7L8H6H, STM32H7R7Z8J6, STM32H7S3A8I6, STM32H7S3I8K6, STM32H7S3I8T6, STM32H7S3L8H6, STM32H7S3L8H6H, STM32H7S3R8V6, STM32H7S3V8H6, STM32H7S3V8T6, STM32H7S3V8Y6TR, STM32H7S3Z8J6, STM32H7S3Z8T6, STM32H7S78-DK, STM32H7S7A8I6, STM32H7S7I8K6, STM32H7S7I8T6, STM32H7S7L8H6, STM32H7S7L8H6H, STM32H7S7Z8J6, STM32L4R5QGI6STR, STM32MP131AAE3, STM32MP131AAF3, STM32MP131AAG3, STM32MP131CAE3, STM32MP131CAF3, STM32MP131CAG3, STM32MP131DAE7, STM32MP131DAF7, STM32MP131DAG7, STM32MP131FAE7, STM32MP131FAF7, STM32MP131FAG7, STM32MP133AAE3, STM32MP133AAF3, STM32MP133AAG3, STM32MP133CAE3, STM32MP133CAF3, STM32MP133CAG3, STM32MP133DAE7, STM32MP133DAF7, STM32MP133DAG7, STM32MP133FAE7, STM32MP133FAF7, STM32MP133FAG7, STM32MP135AAE3, STM32MP135AAF3, STM32MP135AAG3, STM32MP135CAE3, STM32MP135CAF3, STM32MP135CAG3, STM32MP135DAE7, STM32MP135DAF7, STM32MP135DAG7, STM32MP135F-DK, STM32MP135FAE7, STM32MP135FAF7, STM32MP135FAF7T, STM32MP135FAF7U, STM32MP135FAG7, STM32MP211AAL3, STM32MP211AAM3, STM32MP211AAN3, STM32MP211AAO3, STM32MP211CAL3, STM32MP211CAM3, STM32MP211CAN3, STM32MP211CAO3, STM32MP211DAL3, STM32MP211DAM3, STM32MP211DAN3, STM32MP211DAO3, STM32MP211FAL3, STM32MP211FAM3, STM32MP211FAN3, STM32MP211FAO3, STM32MP213AAL3, STM32MP213AAM3, STM32MP213AAN3, STM32MP213AAO3, STM32MP213CAL3, STM32MP213CAM3, STM32MP213CAN3, STM32MP213CAO3, STM32MP213DAL3, STM32MP213DAM3, STM32MP213DAN3, STM32MP213DAO3, STM32MP213FAL3, STM32MP213FAM3, STM32MP213FAN3, STM32MP213FAO3, STM32MP215AAL3, STM32MP215AAM3, STM32MP215AAN3, STM32MP215AAO3, STM32MP215CAL3, STM32MP215CAM3, STM32MP215CAN3, STM32MP215CAO3, STM32MP215DAL3, STM32MP215DAM3, STM32MP215DAN3, STM32MP215DAO3, STM32MP215F-DK, STM32MP215FAL3, STM32MP215FAM3, STM32MP215FAN3, STM32MP215FAO3, STM32MP231AAJ3, STM32MP231AAK3, STM32MP231AAL3, STM32MP231CAJ3, STM32MP231CAK3, STM32MP231CAL3, STM32MP231DAJ3, STM32MP231DAK3, STM32MP231DAL3, STM32MP231FAJ3, STM32MP231FAK3, STM32MP231FAL3, STM32MP233AAJ3, STM32MP233AAK3, STM32MP233AAL3, STM32MP233CAJ3, STM32MP233CAK3, STM32MP233CAL3, STM32MP233DAJ3, STM32MP233DAK3, STM32MP233DAL3, STM32MP233FAJ3, STM32MP233FAK3, STM32MP233FAL3, STM32MP235AAJ3, STM32MP235AAK3, STM32MP235AAL3, STM32MP235CAJ3, STM32MP235CAK3, STM32MP235CAL3, STM32MP235DAJ3, STM32MP235DAK3, STM32MP235DAL3, STM32MP235FAJ3, STM32MP235FAK3, STM32MP235FAL3, STM32MP251AAI3, STM32MP251AAK3, STM32MP251AAL3, STM32MP251CAI3, STM32MP251CAK3, STM32MP251CAL3, STM32MP251DAI3, STM32MP251DAK3, STM32MP251DAL3, STM32MP251FAI3, STM32MP251FAK3, STM32MP251FAL3, STM32MP253AAI3, STM32MP253AAK3, STM32MP253AAL3, STM32MP253CAI3, STM32MP253CAK3, STM32MP253CAL3, STM32MP253DAI3, STM32MP253DAK3, STM32MP253DAL3, STM32MP253FAI3, STM32MP253FAK3, STM32MP253FAL3, STM32MP255AAI3, STM32MP255AAK3, STM32MP255AAL3, STM32MP255CAI3, STM32MP255CAK3, STM32MP255CAL3, STM32MP255DAI3, STM32MP255DAK3, STM32MP255DAL3, STM32MP255FAI3, STM32MP255FAK3, STM32MP255FAL3, STM32MP257AAI3, STM32MP257AAK3, STM32MP257AAL3, STM32MP257CAI3, STM32MP257CAK3, STM32MP257CAL3, STM32MP257DAI3, STM32MP257DAK3, STM32MP257DAL3, STM32MP257F-DK, STM32MP257F-EV1, STM32MP257FAI3, STM32MP257FAK3, STM32MP257FAL3, STM32N645A0H3Q, STM32N645B0H3Q, STM32N645I0H3Q, STM32N645L0H3Q, STM32N645X0H3Q, STM32N645Z0H3Q, STM32N647A0H3Q, STM32N647B0H3Q, STM32N647I0H3Q, STM32N647L0H3Q, STM32N647X0H3Q, STM32N647Z0H3Q, STM32N655A0H3Q, STM32N655B0H3Q, STM32N655I0H3Q, STM32N655L0H3Q, STM32N655X0H3Q, STM32N655Z0H3Q, STM32N6570-DK, STM32N657A0H3Q, STM32N657B0H3Q, STM32N657I0H3Q, STM32N657L0H3Q, STM32N657X0H3Q, STM32N657Z0H3Q, STM32U031C6T6, STM32U031C6U6, STM32U031C8T6, STM32U031C8U6, STM32U031F4P6, STM32U031F6P6, STM32U031F8P6, STM32U031G6Y6TR, STM32U031G8Y6TR, STM32U031K4U6, STM32U031K6U6, STM32U031K8U6, STM32U031R6I6, STM32U031R6T6, STM32U031R8I6, STM32U031R8T6, STM32U073C8T6, STM32U073C8U6, STM32U073CBT6, STM32U073CBU6, STM32U073CCT6, STM32U073CCU6, STM32U073H8Y6TR, STM32U073HBY6TR, STM32U073HCY6TR, STM32U073K8U6, STM32U073KBU6, STM32U073KCU6, STM32U073M8I6, STM32U073M8T6, STM32U073MBI6, STM32U073MBT6, STM32U073MCI6, STM32U073MCT6, STM32U073R8I6, STM32U073R8T6, STM32U073RBI6, STM32U073RBT6, STM32U073RCI6, STM32U073RCT6, STM32U083C-DK, STM32U083CCT6, STM32U083CCU6, STM32U083HCY6TR, STM32U083KCU6, STM32U083MCI6, STM32U083MCT6, STM32U083RCI6, STM32U083RCT6, STM32U375CET6, STM32U375CET6Q, STM32U375CEU6, STM32U375CEU6Q, STM32U375CEY6QTR, STM32U375CGT6, STM32U375CGT6Q, STM32U375CGU6, STM32U375CGU6Q, STM32U375CGY6QTR, STM32U375KEU6, STM32U375KGU6, STM32U375REI6, STM32U375REI6Q, STM32U375RET6, STM32U375RET6Q, STM32U375REY6GTR, STM32U375REY6QTR, STM32U375RGI6, STM32U375RGI6Q, STM32U375RGT6, STM32U375RGT6Q, STM32U375RGY6GTR, STM32U375RGY6QTR, STM32U375VEI6, STM32U375VEI6Q, STM32U375VET6, STM32U375VET6Q, STM32U375VGI6, STM32U375VGI6Q, STM32U375VGT6, STM32U375VGT6Q, STM32U385CGT6, STM32U385CGT6Q, STM32U385CGU6, STM32U385CGU6Q, STM32U385CGY6QTR, STM32U385KGU6, STM32U385RGI6, STM32U385RGI6Q, STM32U385RGT6, STM32U385RGT6Q, STM32U385RGY6GTR, STM32U385RGY6QTR, STM32U385VGI6, STM32U385VGI6Q, STM32U385VGT6, STM32U385VGT6Q, STM32U535CBT6, STM32U535CBT6Q, STM32U535CBU6, STM32U535CBU6Q, STM32U535CCT6, STM32U535CCT6Q, STM32U535CCU6, STM32U535CCU6Q, STM32U535CET6, STM32U535CET6Q, STM32U535CEU6, STM32U535CEU6Q, STM32U535JEY6QTR, STM32U535NCY6QTR, STM32U535NEY6QTR, STM32U535RBI6, STM32U535RBI6Q, STM32U535RBT6, STM32U535RBT6Q, STM32U535RCI6, STM32U535RCI6Q, STM32U535RCT6, STM32U535RCT6Q, STM32U535REI6, STM32U535REI6Q, STM32U535RET6, STM32U535RET6Q, STM32U535VCI6, STM32U535VCI6Q, STM32U535VCT6, STM32U535VCT6Q, STM32U535VEI6, STM32U535VEI6Q, STM32U535VET6, STM32U535VET6Q, STM32U545CET6, STM32U545CET6Q, STM32U545CEU6, STM32U545CEU6Q, STM32U545JEY6QTR, STM32U545NEY6QTR, STM32U545REI6, STM32U545REI6Q, STM32U545RET6, STM32U545RET6Q, STM32U545VEI6, STM32U545VEI6Q, STM32U545VET6, STM32U545VET6Q, STM32U595AIH6, STM32U595AIH6Q, STM32U595AJH6, STM32U595AJH6Q, STM32U595QII6, STM32U595QII6Q, STM32U595QJI6, STM32U595QJI6Q, STM32U595RIT6, STM32U595RIT6Q, STM32U595RJT6, STM32U595RJT6Q, STM32U595VIT6, STM32U595VIT6Q, STM32U595VJT6, STM32U595VJT6Q, STM32U595ZIT6, STM32U595ZIT6Q, STM32U595ZIY6QTR, STM32U595ZJT6, STM32U595ZJT6Q, STM32U595ZJY6QTR, STM32U599BJY6QTR, STM32U599NIH6Q, STM32U599NJH6Q, STM32U599VIT6Q, STM32U599VJT6, STM32U599VJT6Q, STM32U599ZIT6Q, STM32U599ZIY6QTR, STM32U599ZJT6Q, STM32U599ZJY6QTR, STM32U5A5AJH6, STM32U5A5AJH6Q, STM32U5A5QII3Q , STM32U5A5QJI6, STM32U5A5QJI6Q, STM32U5A5RJT6, STM32U5A5RJT6Q, STM32U5A5VJT6, STM32U5A5VJT6Q, STM32U5A5ZJT6, STM32U5A5ZJT6Q, STM32U5A5ZJY6QTR, STM32U5A9BJY6QTR, STM32U5A9J-DK, STM32U5A9NJH6Q, STM32U5A9VJT6Q, STM32U5A9ZJT6Q, STM32U5A9ZJY6QTR, STM32U5F7VIT6, STM32U5F7VIT6Q, STM32U5F7VJT6, STM32U5F7VJT6Q, STM32U5F9BJY6QTR, STM32U5F9NJH6Q, STM32U5F9VIT6Q, STM32U5F9VJT6Q, STM32U5F9ZIJ6QTR, STM32U5F9ZIT6Q, STM32U5F9ZJJ6QTR, STM32U5F9ZJT6Q, STM32U5G7VJT6, STM32U5G7VJT6Q, STM32U5G9BJY6QTR, STM32U5G9J-DK1, STM32U5G9J-DK2, STM32U5G9NJH6Q, STM32U5G9VJT6Q, STM32U5G9ZJJ6QTR, STM32U5G9ZJT6Q, STM32WB05KZV6TR, STM32WB05KZV7TR, STM32WB05TZF6TR, STM32WB05TZF7TR, STM32WB06CCF6TR, STM32WB06CCF7TR, STM32WB06CCV6TR, STM32WB06CCV7TR, STM32WB06KCV6TR, STM32WB06KCV7TR, STM32WB07CCF6TR, STM32WB07CCF7TR, STM32WB07CCV6TR, STM32WB07CCV7TR, STM32WB07KCV6TR, STM32WB07KCV7TR, STM32WB09KEV6TR, STM32WB09KEV7TR, STM32WB09TEF6TR, STM32WB09TEF7TR, STM32WB1MMCH6, STM32WBA50KGU6, STM32WBA50KGU6TR, STM32WBA52CEU6, STM32WBA52CEU6TR, STM32WBA52CEU7, STM32WBA52CEU7TR, STM32WBA52CGU6, STM32WBA52CGU6TR, STM32WBA52CGU6U, STM32WBA52CGU7, STM32WBA52CGU7TR, STM32WBA52KEU6, STM32WBA52KEU6TR, STM32WBA52KGU6, STM32WBA52KGU6TR, STM32WBA54CEU6, STM32WBA54CEU6TR, STM32WBA54CEU7, STM32WBA54CEU7TR, STM32WBA54CGU6, STM32WBA54CGU6TR, STM32WBA54CGU7, STM32WBA54CGU7TR, STM32WBA54KEU6, STM32WBA54KEU6TR, STM32WBA54KEU7, STM32WBA54KEU7TR, STM32WBA54KGU6, STM32WBA54KGU6TR, STM32WBA54KGU7, STM32WBA54KGU7TR, STM32WBA55CEU6, STM32WBA55CEU6TR, STM32WBA55CEU7, STM32WBA55CEU7TR, STM32WBA55CGU6, STM32WBA55CGU6TR, STM32WBA55CGU6U, STM32WBA55CGU7, STM32WBA55CGU7TR, STM32WBA55G-DK1, STM32WBA55HEF6, STM32WBA55HEF7, STM32WBA55HGF6, STM32WBA55HGF7, STM32WBA55UEI6, STM32WBA55UEI6TR, STM32WBA55UEI7, STM32WBA55UEI7TR, STM32WBA55UGI6, STM32WBA55UGI6TR, STM32WBA55UGI7, STM32WBA55UGI7TR, STM32WBA5MMGH6TR, STM32WBA62MGF6, STM32WBA62MIF6, STM32WBA65MGF7, STM32WBA65MIF6, STM32WBA65MIF7, STM32WL30K8V6, STM32WL30KBV6, STM32WL31C8V6, STM32WL31CBV6, STM32WL31K8V6, STM32WL31KBV6, STM32WL33C8V6, STM32WL33C8V6X, STM32WL33CBV6, STM32WL33CBV6X, STM32WL33CCV6, STM32WL33CCV6A, STM32WL33CCV6X, STM32WL33K8V7, STM32WL33K8V7X, STM32WL33KBV7 , STM32WL33KBV7X, STM32WL33KCV7, STM32WL33KCV7X, STM32WL5MOCH6, STM32WL5MOCH6TR]
2026-06-03 18:56:20,855 [INFO] DbMcus:218 - Found 4801 MCUs, 4801 are supported
2026-06-03 18:56:20,857 [INFO] ApiDb:414 - User favorites file not found: C:\Users\karlh/.stm32cubeide/favorites.mcus.txt
2026-06-03 18:56:20,857 [INFO] DbMcus:224 - Set 0 / 0 favorites MCUs
2026-06-03 18:56:21,161 [INFO] ApiDb:668 - CubeFinder database Data Model version=2.1
2026-06-03 18:56:21,161 [INFO] ApiDb:669 - CubeFinder database Configuration version=3.0.39
2026-06-03 18:56:21,161 [INFO] ApiDb:670 - CubeFinder database generation date=2025-06-24 (1750757100)
2026-06-03 18:56:21,161 [INFO] ApiDb:671 - CubeFinder database FW Pack versions=[FP-ATR-ASTRA1_V2.0.0, FP-SNS-FLIGHT1_V5.1.0, FP-SNS-MOTENV1_V5.0.0, FP-SNS-MOTENVWB1_V1.4.0, FP-SNS-SMARTAG2_V1.2.0, FP-SNS-STBOX1_V2.0.0, STM32Cube_FW_C0_V1.4.0, STM32Cube_FW_F4_V1.28.2, STM32Cube_FW_F7_V1.17.3, STM32Cube_FW_G0_V1.6.2, STM32Cube_FW_G4_V1.6.1, STM32Cube_FW_H5_V1.5.0, STM32Cube_FW_H7RS_V1.2.0, STM32Cube_FW_H7_V1.12.1, STM32Cube_FW_L0_V1.12.2, STM32Cube_FW_L4_V1.18.1, STM32Cube_FW_L5_V1.5.1, STM32Cube_FW_N6_V1.2.0, STM32Cube_FW_U0_V1.3.0, STM32Cube_FW_U3_V1.2.0, STM32Cube_FW_U5_V1.8.0, STM32Cube_FW_WB0_V1.3.0, STM32Cube_FW_WBA_V1.7.0, STM32Cube_FW_WB_V1.23.0, STM32Cube_FW_WL3_V1.2.0, STM32Cube_FW_WL_V1.3.1, X-CUBE-ALGOBUILD_V1.4.0, X-CUBE-ALS_V1.0.2, X-CUBE-AZRTOS-F4_V1.1.0, X-CUBE-AZRTOS-F7_V1.1.0, X-CUBE-AZRTOS-G0_V1.1.0, X-CUBE-AZRTOS-G4_V2.0.0, X-CUBE-AZRTOS-H7RS_V1.1.0, X-CUBE-AZRTOS-H7_V3.3.0, X-CUBE-AZRTOS-L4_V2.0.0, X-CUBE-AZRTOS-L5_V2.0.0, X-CUBE-AZRTOS-WB_V2.0.0, X-CUBE-AZRTOS-WL_V2.0.0, X-CUBE-BLE1_V7.1.0, X-CUBE-BLE2_V3.3.0, X-CUBE-BLEMGR_V4.0.0, X-CUBE-EEPRMA1_V5.1.0, X-CUBE-FREERTOS_V1.3.1, X-CUBE-GNSS1_V6.0.0, X-CUBE-MEMS1_V11.3.0, X-CUBE-NFC4_V3.0.0, X-CUBE-NFC7_V2.0.0, X-CUBE-SFXS2LP1_V4.0.0, X-CUBE-SUBG2_V5.0.0, X-CUBE-TOF1_V3.4.3]
2026-06-03 18:56:21,202 [INFO] DbBoardsSqlite:226 - include board P-NUCLEO-WB55-NUCLEO as a kit item of type 'Nucleo-64'
2026-06-03 18:56:21,202 [INFO] DbBoardsSqlite:226 - include board P-NUCLEO-WB55-USBDONGLE as a kit item of type 'Nucleo USB Dongle'
2026-06-03 18:56:21,202 [INFO] DbBoardsSqlite:226 - include board STEVAL-IDP005V1 as a kit item of type 'Evaluation Board'
2026-06-03 18:56:21,202 [INFO] DbBoardsSqlite:226 - include board STEVAL-IDP005V2 as a kit item of type 'Evaluation Board'
2026-06-03 18:56:21,249 [INFO] ApiDb:240 - Found 880 in-development CPN: [B-G473E-ZEST1S, B-WB1M-WPAN1, B-WBA5M-WPAN, B-WL5M-SUBG1, NUCLEO-C031C6, NUCLEO-C051C8, NUCLEO-C071RB, NUCLEO-C092RC, NUCLEO-H503RB, NUCLEO-H533RE, NUCLEO-H563ZI, NUCLEO-H7S3L8, NUCLEO-N657X0-Q, NUCLEO-U031R8, NUCLEO-U083RC, NUCLEO-U385RG-Q, NUCLEO-U545RE-Q, NUCLEO-U5A5ZJ-Q, NUCLEO-WB05KZ, NUCLEO-WB07CC, NUCLEO-WB09KE, NUCLEO-WBA52CG, NUCLEO-WBA55CG, NUCLEO-WL33CC1, NUCLEO-WL33CC2, STEVAL-PROTEUS1, STEVAL-SMARTAG2, STEVAL-STWINBX1, STM320518-EVAL, STM32C0116-DK, STM32C011D6Y3TR, STM32C011D6Y6TR, STM32C011F4P3, STM32C011F4P6, STM32C011F4U3, STM32C011F4U6TR, STM32C011F6P3, STM32C011F6P6, STM32C011F6U3, STM32C011F6U6TR, STM32C011J4M3, STM32C011J4M6, STM32C011J6M3, STM32C011J6M6, STM32C0316-DK, STM32C031C4T3, STM32C031C4T6, STM32C031C4U3, STM32C031C4U6, STM32C031C6T3, STM32C031C6T6, STM32C031C6U3, STM32C031C6U6, STM32C031F4P3, STM32C031F4P6, STM32C031F6P3, STM32C031F6P6, STM32C031G4U3, STM32C031G4U6, STM32C031G6U3, STM32C031G6U6, STM32C031K4T3, STM32C031K4T6, STM32C031K4U3, STM32C031K4U6, STM32C031K6T3, STM32C031K6T6, STM32C031K6U3, STM32C031K6U6, STM32C051C6T6, STM32C051C6U6, STM32C051C8T6, STM32C051C8U6, STM32C051D8Y6TR, STM32C051F6P6, STM32C051F8P6, STM32C051G6U6, STM32C051G8U6, STM32C051K6T6, STM32C051K6U6, STM32C051K8T6, STM32C071C8T6, STM32C071C8T6N, STM32C071C8U6, STM32C071C8U6N, STM32C071CBT6, STM32C071CBT6N, STM32C071CBU6, STM32C071CBU6N, STM32C071F8P6, STM32C071F8P6N, STM32C071FBP6, STM32C071FBP6N, STM32C071FBY6TR, STM32C071G8U6, STM32C071G8U6N, STM32C071GBU6, STM32C071GBU6N, STM32C071K8T6, STM32C071K8T6N, STM32C071K8U6, STM32C071K8U6N, STM32C071KBT6, STM32C071KBT6N, STM32C071KBU6, STM32C071KBU6N, STM32C071R8T6, STM32C071R8T6N, STM32C071RBI6N, STM32C071RBT6, STM32C071RBT6N, STM32C091CBT6, STM32C091CBU6, STM32C091CCT6, STM32C091CCU6, STM32C091ECY6TR, STM32C091FBP6, STM32C091FCP6, STM32C091GBU6, STM32C091GCU6, STM32C091KBT6, STM32C091KBU6, STM32C091KCT6, STM32C091KCU6, STM32C091RBT6, STM32C091RCI6, STM32C091RCT6, STM32C092CBT6, STM32C092CBU6, STM32C092CCT6, STM32C092CCU6, STM32C092ECY6TR, STM32C092FBP6, STM32C092FCP6, STM32C092GBU6, STM32C092GCU6, STM32C092KBT6, STM32C092KBU6, STM32C092KCT6, STM32C092KCU6, STM32C092RBT6, STM32C092RCI6, STM32C092RCT6, STM32G071K8TXN, STM32G071K8UXN, STM32G081GBU6N, STM32G081KBT6N, STM32G081KBUXN, STM32G0B1CCT6N, STM32G0B1KCT6, STM32G0B1NEY6TR, STM32G0B1RCT6N, STM32G0C1CCT6, STM32G0C1CCT6N, STM32G0C1CCU6N, STM32G0C1CET6N, STM32G0C1CEU6N, STM32G0C1KCT6, STM32G0C1NEY6TR, STM32G0C1RCI6N, STM32G0C1RCT6N, STM32G0C1REI6N, STM32G0C1RET6N, STM32G0C1VCI6, STM32G0C1VEI6, STM32G411C6T3, STM32G411C6T6, STM32G411C6U3, STM32G411C6U6, STM32G411C8T3, STM32G411C8T6, STM32G411C8U3, STM32G411C8U6, STM32G411CBT3, STM32G411CBT6, STM32G411CBU3, STM32G411CBU6, STM32G411K6T3, STM32G411K6T6, STM32G411K6U3, STM32G411K6U6, STM32G411K8T3, STM32G411K8T6, STM32G411K8U3, STM32G411K8U6, STM32G411KBT3, STM32G411KBT6, STM32G411KBU3, STM32G411KBU6, STM32G411M6T3, STM32G411M6T6, STM32G411M8T3, STM32G411M8T6, STM32G411MBT3, STM32G411MBT6, STM32G411R6T3, STM32G411R6T6, STM32G411R8T3, STM32G411R8T6, STM32G411RBT3, STM32G411RBT6, STM32G414CBT3, STM32G414CBT6, STM32G414CBU3, STM32G414CBU6, STM32G414CCT3, STM32G414CCT6, STM32G414CCU3, STM32G414CCU6, STM32G414MBT3, STM32G414MBT6, STM32G414MCT3, STM32G414MCT6, STM32G414RBT3, STM32G414RBT6, STM32G414RCT3, STM32G414RCT6, STM32G414VBT3, STM32G414VBT6, STM32G414VCT3, STM32G414VCT6, STM32G431CBT3Z, STM32G431RBT3Z, STM32G471CCT6, STM32G471CCU6, STM32G471CET3, STM32G471CET6, STM32G471CEU3, STM32G471CEU6, STM32G471MCT6, STM32G471MET3, STM32G471MET6, STM32G471MEY6TR, STM32G471QCT6, STM32G471QET3, STM32G471RCT6, STM32G471RET3, STM32G471RET6, STM32G471VCH6, STM32G471VCI6, STM32G471VCT6, STM32G471VEH3, STM32G471VEH6, STM32G471VEI3, STM32G471VEI6, STM32G471VET3, STM32G471VET6, STM32G473QET3Z, STM32G473RET3Z, STM32G474CCT6, STM32G491RET3Z, STM32H503CBT6, STM32H503CBU6, STM32H503EBY6TR, STM32H503KBU6, STM32H503RBT6, STM32H523CCT6, STM32H523CCU6, STM32H523CET6, STM32H523CEU6, STM32H523HEY6TR, STM32H523RCT6, STM32H523RET6, STM32H523VCI6, STM32H523VCT6, STM32H523VEI6, STM32H523VET6, STM32H523ZCJ6, STM32H523ZCT6, STM32H523ZEJ6, STM32H523ZET6, STM32H533CET6, STM32H533CEU6, STM32H533HEY6TR, STM32H533RET6, STM32H533VEI6, STM32H533VET6, STM32H533ZEJ6, STM32H533ZET6, STM32H562AGI6, STM32H562AII6, STM32H562IGK6, STM32H562IGT6, STM32H562IIK6, STM32H562IIT6, STM32H562RGT6, STM32H562RGV6, STM32H562RIT6, STM32H562RIV6, STM32H562VGT6, STM32H562VIT6, STM32H562ZGT6, STM32H562ZIT6, STM32H563AGI6, STM32H563AII3Q, STM32H563AII6, STM32H563IGK6, STM32H563IGT6, STM32H563IIK3Q, STM32H563IIK6, STM32H563IIT3Q, STM32H563IIT6, STM32H563MIY3QTR, STM32H563RGT6, STM32H563RGV6, STM32H563RIT6, STM32H563RIV6, STM32H563VGT6, STM32H563VIT3Q, STM32H563VIT6, STM32H563ZGT6, STM32H563ZIT3Q, STM32H563ZIT6, STM32H573AII3Q, STM32H573AII6, STM32H573I-DK, STM32H573IIK3Q, STM32H573IIK6, STM32H573IIT3Q, STM32H573IIT6, STM32H573MIY3QTR, STM32H573RIT6, STM32H573RIV6, STM32H573VIT3Q, STM32H573VIT6, STM32H573ZIT3Q, STM32H573ZIT6, STM32H7R3A8I6, STM32H7R3I8K6, STM32H7R3I8T6, STM32H7R3L8H6, STM32H7R3L8H6H, STM32H7R3R8V6, STM32H7R3V8H6, STM32H7R3V8T6, STM32H7R3V8Y6TR, STM32H7R3Z8J6, STM32H7R3Z8T6, STM32H7R7A8I6, STM32H7R7I8K6, STM32H7R7I8T6, STM32H7R7L8H6, STM32H7R7L8H6H, STM32H7R7Z8J6, STM32H7S3A8I6, STM32H7S3I8K6, STM32H7S3I8T6, STM32H7S3L8H6, STM32H7S3L8H6H, STM32H7S3R8V6, STM32H7S3V8H6, STM32H7S3V8T6, STM32H7S3V8Y6TR, STM32H7S3Z8J6, STM32H7S3Z8T6, STM32H7S78-DK, STM32H7S7A8I6, STM32H7S7I8K6, STM32H7S7I8T6, STM32H7S7L8H6, STM32H7S7L8H6H, STM32H7S7Z8J6, STM32L4R5QGI6STR, STM32MP131AAE3, STM32MP131AAF3, STM32MP131AAG3, STM32MP131CAE3, STM32MP131CAF3, STM32MP131CAG3, STM32MP131DAE7, STM32MP131DAF7, STM32MP131DAG7, STM32MP131FAE7, STM32MP131FAF7, STM32MP131FAG7, STM32MP133AAE3, STM32MP133AAF3, STM32MP133AAG3, STM32MP133CAE3, STM32MP133CAF3, STM32MP133CAG3, STM32MP133DAE7, STM32MP133DAF7, STM32MP133DAG7, STM32MP133FAE7, STM32MP133FAF7, STM32MP133FAG7, STM32MP135AAE3, STM32MP135AAF3, STM32MP135AAG3, STM32MP135CAE3, STM32MP135CAF3, STM32MP135CAG3, STM32MP135DAE7, STM32MP135DAF7, STM32MP135DAG7, STM32MP135F-DK, STM32MP135FAE7, STM32MP135FAF7, STM32MP135FAF7T, STM32MP135FAF7U, STM32MP135FAG7, STM32MP211AAL3, STM32MP211AAM3, STM32MP211AAN3, STM32MP211AAO3, STM32MP211CAL3, STM32MP211CAM3, STM32MP211CAN3, STM32MP211CAO3, STM32MP211DAL3, STM32MP211DAM3, STM32MP211DAN3, STM32MP211DAO3, STM32MP211FAL3, STM32MP211FAM3, STM32MP211FAN3, STM32MP211FAO3, STM32MP213AAL3, STM32MP213AAM3, STM32MP213AAN3, STM32MP213AAO3, STM32MP213CAL3, STM32MP213CAM3, STM32MP213CAN3, STM32MP213CAO3, STM32MP213DAL3, STM32MP213DAM3, STM32MP213DAN3, STM32MP213DAO3, STM32MP213FAL3, STM32MP213FAM3, STM32MP213FAN3, STM32MP213FAO3, STM32MP215AAL3, STM32MP215AAM3, STM32MP215AAN3, STM32MP215AAO3, STM32MP215CAL3, STM32MP215CAM3, STM32MP215CAN3, STM32MP215CAO3, STM32MP215DAL3, STM32MP215DAM3, STM32MP215DAN3, STM32MP215DAO3, STM32MP215F-DK, STM32MP215FAL3, STM32MP215FAM3, STM32MP215FAN3, STM32MP215FAO3, STM32MP231AAJ3, STM32MP231AAK3, STM32MP231AAL3, STM32MP231CAJ3, STM32MP231CAK3, STM32MP231CAL3, STM32MP231DAJ3, STM32MP231DAK3, STM32MP231DAL3, STM32MP231FAJ3, STM32MP231FAK3, STM32MP231FAL3, STM32MP233AAJ3, STM32MP233AAK3, STM32MP233AAL3, STM32MP233CAJ3, STM32MP233CAK3, STM32MP233CAL3, STM32MP233DAJ3, STM32MP233DAK3, STM32MP233DAL3, STM32MP233FAJ3, STM32MP233FAK3, STM32MP233FAL3, STM32MP235AAJ3, STM32MP235AAK3, STM32MP235AAL3, STM32MP235CAJ3, STM32MP235CAK3, STM32MP235CAL3, STM32MP235DAJ3, STM32MP235DAK3, STM32MP235DAL3, STM32MP235FAJ3, STM32MP235FAK3, STM32MP235FAL3, STM32MP251AAI3, STM32MP251AAK3, STM32MP251AAL3, STM32MP251CAI3, STM32MP251CAK3, STM32MP251CAL3, STM32MP251DAI3, STM32MP251DAK3, STM32MP251DAL3, STM32MP251FAI3, STM32MP251FAK3, STM32MP251FAL3, STM32MP253AAI3, STM32MP253AAK3, STM32MP253AAL3, STM32MP253CAI3, STM32MP253CAK3, STM32MP253CAL3, STM32MP253DAI3, STM32MP253DAK3, STM32MP253DAL3, STM32MP253FAI3, STM32MP253FAK3, STM32MP253FAL3, STM32MP255AAI3, STM32MP255AAK3, STM32MP255AAL3, STM32MP255CAI3, STM32MP255CAK3, STM32MP255CAL3, STM32MP255DAI3, STM32MP255DAK3, STM32MP255DAL3, STM32MP255FAI3, STM32MP255FAK3, STM32MP255FAL3, STM32MP257AAI3, STM32MP257AAK3, STM32MP257AAL3, STM32MP257CAI3, STM32MP257CAK3, STM32MP257CAL3, STM32MP257DAI3, STM32MP257DAK3, STM32MP257DAL3, STM32MP257F-DK, STM32MP257F-EV1, STM32MP257FAI3, STM32MP257FAK3, STM32MP257FAL3, STM32N645A0H3Q, STM32N645B0H3Q, STM32N645I0H3Q, STM32N645L0H3Q, STM32N645X0H3Q, STM32N645Z0H3Q, STM32N647A0H3Q, STM32N647B0H3Q, STM32N647I0H3Q, STM32N647L0H3Q, STM32N647X0H3Q, STM32N647Z0H3Q, STM32N655A0H3Q, STM32N655B0H3Q, STM32N655I0H3Q, STM32N655L0H3Q, STM32N655X0H3Q, STM32N655Z0H3Q, STM32N6570-DK, STM32N657A0H3Q, STM32N657B0H3Q, STM32N657I0H3Q, STM32N657L0H3Q, STM32N657X0H3Q, STM32N657Z0H3Q, STM32U031C6T6, STM32U031C6U6, STM32U031C8T6, STM32U031C8U6, STM32U031F4P6, STM32U031F6P6, STM32U031F8P6, STM32U031G6Y6TR, STM32U031G8Y6TR, STM32U031K4U6, STM32U031K6U6, STM32U031K8U6, STM32U031R6I6, STM32U031R6T6, STM32U031R8I6, STM32U031R8T6, STM32U073C8T6, STM32U073C8U6, STM32U073CBT6, STM32U073CBU6, STM32U073CCT6, STM32U073CCU6, STM32U073H8Y6TR, STM32U073HBY6TR, STM32U073HCY6TR, STM32U073K8U6, STM32U073KBU6, STM32U073KCU6, STM32U073M8I6, STM32U073M8T6, STM32U073MBI6, STM32U073MBT6, STM32U073MCI6, STM32U073MCT6, STM32U073R8I6, STM32U073R8T6, STM32U073RBI6, STM32U073RBT6, STM32U073RCI6, STM32U073RCT6, STM32U083C-DK, STM32U083CCT6, STM32U083CCU6, STM32U083HCY6TR, STM32U083KCU6, STM32U083MCI6, STM32U083MCT6, STM32U083RCI6, STM32U083RCT6, STM32U375CET6, STM32U375CET6Q, STM32U375CEU6, STM32U375CEU6Q, STM32U375CEY6QTR, STM32U375CGT6, STM32U375CGT6Q, STM32U375CGU6, STM32U375CGU6Q, STM32U375CGY6QTR, STM32U375KEU6, STM32U375KGU6, STM32U375REI6, STM32U375REI6Q, STM32U375RET6, STM32U375RET6Q, STM32U375REY6GTR, STM32U375REY6QTR, STM32U375RGI6, STM32U375RGI6Q, STM32U375RGT6, STM32U375RGT6Q, STM32U375RGY6GTR, STM32U375RGY6QTR, STM32U375VEI6, STM32U375VEI6Q, STM32U375VET6, STM32U375VET6Q, STM32U375VGI6, STM32U375VGI6Q, STM32U375VGT6, STM32U375VGT6Q, STM32U385CGT6, STM32U385CGT6Q, STM32U385CGU6, STM32U385CGU6Q, STM32U385CGY6QTR, STM32U385KGU6, STM32U385RGI6, STM32U385RGI6Q, STM32U385RGT6, STM32U385RGT6Q, STM32U385RGY6GTR, STM32U385RGY6QTR, STM32U385VGI6, STM32U385VGI6Q, STM32U385VGT6, STM32U385VGT6Q, STM32U535CBT6, STM32U535CBT6Q, STM32U535CBU6, STM32U535CBU6Q, STM32U535CCT6, STM32U535CCT6Q, STM32U535CCU6, STM32U535CCU6Q, STM32U535CET6, STM32U535CET6Q, STM32U535CEU6, STM32U535CEU6Q, STM32U535JEY6QTR, STM32U535NCY6QTR, STM32U535NEY6QTR, STM32U535RBI6, STM32U535RBI6Q, STM32U535RBT6, STM32U535RBT6Q, STM32U535RCI6, STM32U535RCI6Q, STM32U535RCT6, STM32U535RCT6Q, STM32U535REI6, STM32U535REI6Q, STM32U535RET6, STM32U535RET6Q, STM32U535VCI6, STM32U535VCI6Q, STM32U535VCT6, STM32U535VCT6Q, STM32U535VEI6, STM32U535VEI6Q, STM32U535VET6, STM32U535VET6Q, STM32U545CET6, STM32U545CET6Q, STM32U545CEU6, STM32U545CEU6Q, STM32U545JEY6QTR, STM32U545NEY6QTR, STM32U545REI6, STM32U545REI6Q, STM32U545RET6, STM32U545RET6Q, STM32U545VEI6, STM32U545VEI6Q, STM32U545VET6, STM32U545VET6Q, STM32U595AIH6, STM32U595AIH6Q, STM32U595AJH6, STM32U595AJH6Q, STM32U595QII6, STM32U595QII6Q, STM32U595QJI6, STM32U595QJI6Q, STM32U595RIT6, STM32U595RIT6Q, STM32U595RJT6, STM32U595RJT6Q, STM32U595VIT6, STM32U595VIT6Q, STM32U595VJT6, STM32U595VJT6Q, STM32U595ZIT6, STM32U595ZIT6Q, STM32U595ZIY6QTR, STM32U595ZJT6, STM32U595ZJT6Q, STM32U595ZJY6QTR, STM32U599BJY6QTR, STM32U599NIH6Q, STM32U599NJH6Q, STM32U599VIT6Q, STM32U599VJT6, STM32U599VJT6Q, STM32U599ZIT6Q, STM32U599ZIY6QTR, STM32U599ZJT6Q, STM32U599ZJY6QTR, STM32U5A5AJH6, STM32U5A5AJH6Q, STM32U5A5QII3Q , STM32U5A5QJI6, STM32U5A5QJI6Q, STM32U5A5RJT6, STM32U5A5RJT6Q, STM32U5A5VJT6, STM32U5A5VJT6Q, STM32U5A5ZJT6, STM32U5A5ZJT6Q, STM32U5A5ZJY6QTR, STM32U5A9BJY6QTR, STM32U5A9J-DK, STM32U5A9NJH6Q, STM32U5A9VJT6Q, STM32U5A9ZJT6Q, STM32U5A9ZJY6QTR, STM32U5F7VIT6, STM32U5F7VIT6Q, STM32U5F7VJT6, STM32U5F7VJT6Q, STM32U5F9BJY6QTR, STM32U5F9NJH6Q, STM32U5F9VIT6Q, STM32U5F9VJT6Q, STM32U5F9ZIJ6QTR, STM32U5F9ZIT6Q, STM32U5F9ZJJ6QTR, STM32U5F9ZJT6Q, STM32U5G7VJT6, STM32U5G7VJT6Q, STM32U5G9BJY6QTR, STM32U5G9J-DK1, STM32U5G9J-DK2, STM32U5G9NJH6Q, STM32U5G9VJT6Q, STM32U5G9ZJJ6QTR, STM32U5G9ZJT6Q, STM32WB05KZV6TR, STM32WB05KZV7TR, STM32WB05TZF6TR, STM32WB05TZF7TR, STM32WB06CCF6TR, STM32WB06CCF7TR, STM32WB06CCV6TR, STM32WB06CCV7TR, STM32WB06KCV6TR, STM32WB06KCV7TR, STM32WB07CCF6TR, STM32WB07CCF7TR, STM32WB07CCV6TR, STM32WB07CCV7TR, STM32WB07KCV6TR, STM32WB07KCV7TR, STM32WB09KEV6TR, STM32WB09KEV7TR, STM32WB09TEF6TR, STM32WB09TEF7TR, STM32WB1MMCH6, STM32WBA50KGU6, STM32WBA50KGU6TR, STM32WBA52CEU6, STM32WBA52CEU6TR, STM32WBA52CEU7, STM32WBA52CEU7TR, STM32WBA52CGU6, STM32WBA52CGU6TR, STM32WBA52CGU6U, STM32WBA52CGU7, STM32WBA52CGU7TR, STM32WBA52KEU6, STM32WBA52KEU6TR, STM32WBA52KGU6, STM32WBA52KGU6TR, STM32WBA54CEU6, STM32WBA54CEU6TR, STM32WBA54CEU7, STM32WBA54CEU7TR, STM32WBA54CGU6, STM32WBA54CGU6TR, STM32WBA54CGU7, STM32WBA54CGU7TR, STM32WBA54KEU6, STM32WBA54KEU6TR, STM32WBA54KEU7, STM32WBA54KEU7TR, STM32WBA54KGU6, STM32WBA54KGU6TR, STM32WBA54KGU7, STM32WBA54KGU7TR, STM32WBA55CEU6, STM32WBA55CEU6TR, STM32WBA55CEU7, STM32WBA55CEU7TR, STM32WBA55CGU6, STM32WBA55CGU6TR, STM32WBA55CGU6U, STM32WBA55CGU7, STM32WBA55CGU7TR, STM32WBA55G-DK1, STM32WBA55HEF6, STM32WBA55HEF7, STM32WBA55HGF6, STM32WBA55HGF7, STM32WBA55UEI6, STM32WBA55UEI6TR, STM32WBA55UEI7, STM32WBA55UEI7TR, STM32WBA55UGI6, STM32WBA55UGI6TR, STM32WBA55UGI7, STM32WBA55UGI7TR, STM32WBA5MMGH6TR, STM32WBA62MGF6, STM32WBA62MIF6, STM32WBA65MGF7, STM32WBA65MIF6, STM32WBA65MIF7, STM32WL30K8V6, STM32WL30KBV6, STM32WL31C8V6, STM32WL31CBV6, STM32WL31K8V6, STM32WL31KBV6, STM32WL33C8V6, STM32WL33C8V6X, STM32WL33CBV6, STM32WL33CBV6X, STM32WL33CCV6, STM32WL33CCV6A, STM32WL33CCV6X, STM32WL33K8V7, STM32WL33K8V7X, STM32WL33KBV7 , STM32WL33KBV7X, STM32WL33KCV7, STM32WL33KCV7X, STM32WL5MOCH6, STM32WL5MOCH6TR]
2026-06-03 18:56:21,435 [INFO] BoardInfo:889 - No configuration file found for board P-NUCLEO-WB55
2026-06-03 18:56:21,437 [INFO] DbBoards:161 - Kit is not supported: P-NUCLEO-WB55
2026-06-03 18:56:21,441 [INFO] BoardInfo:889 - No configuration file found for board STEVAL-BFA001V1B
2026-06-03 18:56:21,442 [INFO] DbBoards:161 - Kit is not supported: STEVAL-BFA001V1B
2026-06-03 18:56:21,443 [INFO] BoardInfo:889 - No configuration file found for board STEVAL-BFA001V2B
2026-06-03 18:56:21,444 [INFO] DbBoards:161 - Kit is not supported: STEVAL-BFA001V2B
2026-06-03 18:56:21,613 [INFO] DbBoards:168 - Found 212 boards, 209 are supported
2026-06-03 18:56:21,613 [INFO] DbBoards:169 - Found 212 boards, 43 of them is supported for  Bsp
2026-06-03 18:56:21,614 [INFO] ApiDb:414 - User favorites file not found: C:\Users\karlh/.stm32cubeide/favorites.boards.txt
2026-06-03 18:56:21,614 [INFO] DbBoards:198 - Set 0 / 0 favorites Boards
2026-06-03 18:56:21,614 [INFO] McuFinderGlobals:76 - Set McuFinderConnectedMode to true
2026-06-03 18:56:21,619 [INFO] MultiScanPanel:200 - Auto-refresh data requested => check proxy status ongoing
2026-06-03 18:56:21,622 [INFO] FinderPluginLoader:96 - Searching for filters in installed packs
2026-06-03 18:56:22,100 [INFO] ServerAccessManage:452 - Complete download http(s) 200
2026-06-03 18:56:22,100 [INFO] ServerAccessManage:509 - Download File EmbeddedOffice.I-CUBE-FS-RTOS.pdsc
2026-06-03 18:56:22,702 [ERROR] WebUtils:398 - Updater is busy
2026-06-03 18:56:22,702 [WARN] DetailPanel:346 - Failed to get advertising image, set to default
2026-06-03 18:56:23,442 [INFO] ServerAccessManage:452 - Complete download http(s) 200
2026-06-03 18:56:23,444 [INFO] ServerAccessManage:509 - Download File quantropi.X-CUBE-qispace-sdk-base.pdsc
2026-06-03 18:56:24,422 [INFO] ServerAccessManage:452 - Complete download http(s) 200
2026-06-03 18:56:24,422 [INFO] ServerAccessManage:509 - Download File Avnet-IOTCONNECT.X-CUBE-iotc-st67-sdk.pdsc
2026-06-03 18:56:24,543 [WARN] CheckServerUpdateThread:151 - Open CheckUpdateFile Fail
2026-06-03 18:56:24,573 [WARN] PackLoader:240 - Cannot read IP mode file for STMicroelectronics.FP-ATR-ASTRA1.2.0.2
2026-06-03 18:56:24,583 [WARN] PackLoader:240 - Cannot read IP mode file for STMicroelectronics.FP-ATR-SIGFOX1.3.2.0
2026-06-03 18:56:24,592 [WARN] PackLoader:240 - Cannot read IP mode file for STMicroelectronics.FP-SNS-STBOX1.2.1.0
2026-06-03 18:56:24,600 [WARN] PackLoader:240 - Cannot read IP mode file for STMicroelectronics.FP-SNS-FLIGHT1.5.1.0
2026-06-03 18:56:24,604 [WARN] PackLoader:240 - Cannot read IP mode file for STMicroelectronics.FP-SNS-MOTENV1.5.1.0
2026-06-03 18:56:24,609 [WARN] PackLoader:240 - Cannot read IP mode file for STMicroelectronics.FP-SNS-MOTENVWB1.1.5.0
2026-06-03 18:56:24,613 [WARN] PackLoader:240 - Cannot read IP mode file for STMicroelectronics.FP-SNS-SMARTAG2.1.2.0
2026-06-03 18:56:24,623 [WARN] PackLoader:240 - Cannot read IP mode file for STMicroelectronics.FP-SNS-STAIOTCFT.1.1.0
2026-06-03 18:56:24,627 [WARN] PackLoader:240 - Cannot read IP mode file for STMicroelectronics.X-CUBE-AI.10.2.0
2026-06-03 18:56:24,632 [WARN] PackLoader:240 - Cannot read IP mode file for STMicroelectronics.X-CUBE-ALS.1.0.2
2026-06-03 18:56:24,640 [WARN] PackLoader:240 - Cannot read IP mode file for STMicroelectronics.X-CUBE-BLE1.7.1.0
2026-06-03 18:56:24,644 [WARN] PackLoader:240 - Cannot read IP mode file for STMicroelectronics.X-CUBE-BLE2.3.3.0
2026-06-03 18:56:24,654 [WARN] PackLoader:240 - Cannot read IP mode file for STMicroelectronics.X-CUBE-BLEMGR.4.1.0
2026-06-03 18:56:24,664 [INFO] CheckServerUpdateThread:120 - End of CheckServer Thread
2026-06-03 18:56:24,680 [WARN] PackLoader:240 - Cannot read IP mode file for STMicroelectronics.X-CUBE-DISPLAY.3.0.0
2026-06-03 18:56:24,692 [WARN] PackLoader:240 - Cannot read IP mode file for STMicroelectronics.X-CUBE-DPower.1.3.0
2026-06-03 18:56:24,697 [WARN] PackLoader:240 - Cannot read IP mode file for STMicroelectronics.X-CUBE-EEPRMA1.5.2.0
2026-06-03 18:56:24,703 [WARN] PackLoader:240 - Cannot read IP mode file for STMicroelectronics.X-CUBE-FREERTOS.1.5.0
2026-06-03 18:56:24,708 [WARN] PackLoader:240 - Cannot read IP mode file for STMicroelectronics.X-CUBE-GNSS1.7.1.1
2026-06-03 18:56:24,712 [WARN] PackLoader:240 - Cannot read IP mode file for STMicroelectronics.X-CUBE-ISPU.2.1.0
2026-06-03 18:56:24,720 [WARN] PackLoader:240 - Cannot read IP mode file for STMicroelectronics.X-CUBE-IPS.3.2.0
2026-06-03 18:56:24,762 [WARN] PackLoader:240 - Cannot read IP mode file for STMicroelectronics.X-CUBE-MEMS1.12.1.0
2026-06-03 18:56:24,821 [WARN] PackLoader:240 - Cannot read IP mode file for STMicroelectronics.X-CUBE-NFC4.3.0.0
2026-06-03 18:56:24,826 [WARN] PackLoader:240 - Cannot read IP mode file for STMicroelectronics.X-CUBE-NFC6.3.2.0
2026-06-03 18:56:24,831 [WARN] PackLoader:240 - Cannot read IP mode file for STMicroelectronics.X-CUBE-NFC7.2.0.0
2026-06-03 18:56:24,836 [WARN] PackLoader:240 - Cannot read IP mode file for STMicroelectronics.X-CUBE-NFC9.1.0.0
2026-06-03 18:56:24,841 [WARN] PackLoader:240 - Cannot read IP mode file for STMicroelectronics.X-CUBE-NFC10.1.0.0
2026-06-03 18:56:24,846 [WARN] PackLoader:240 - Cannot read IP mode file for STMicroelectronics.X-CUBE-NFC12.1.0.0
2026-06-03 18:56:24,851 [WARN] PackLoader:240 - Cannot read IP mode file for STMicroelectronics.X-CUBE-SFXS2LP1.4.0.0
2026-06-03 18:56:24,858 [WARN] PackLoader:240 - Cannot read IP mode file for STMicroelectronics.X-CUBE-SUBG2.5.0.0
2026-06-03 18:56:24,864 [WARN] PopulateThirdPartyThread:106 - Error when creating pack: C:/Users/karlh/.stm32cubemx/thirdparties/pdsc/STMicroelectronics.X-CUBE-SMBUS.pdsc
2026-06-03 18:56:24,868 [WARN] PackLoader:240 - Cannot read IP mode file for STMicroelectronics.X-CUBE-ST60.1.1.0
2026-06-03 18:56:24,870 [WARN] PopulateThirdPartyThread:106 - Error when creating pack: C:/Users/karlh/.stm32cubemx/thirdparties/pdsc/STMicroelectronics.X-CUBE-ST67W61.pdsc
2026-06-03 18:56:24,876 [WARN] PackLoader:240 - Cannot read IP mode file for STMicroelectronics.X-CUBE-STSE01.2.0.0
2026-06-03 18:56:24,879 [WARN] PackLoader:240 - Cannot read IP mode file for STMicroelectronics.X-CUBE-PM33A1.1.0.0
2026-06-03 18:56:24,884 [WARN] PackLoader:240 - Cannot read IP mode file for STMicroelectronics.X-CUBE-TCPP.4.2.0
2026-06-03 18:56:24,890 [WARN] PackLoader:240 - Cannot read IP mode file for STMicroelectronics.X-CUBE-TOF1.3.4.3
2026-06-03 18:56:24,900 [WARN] PackLoader:240 - Cannot read IP mode file for STMicroelectronics.X-CUBE-TOUCHGFX.4.26.1
2026-06-03 18:56:24,905 [WARN] PackLoader:240 - Cannot read IP mode file for STMicroelectronics.X-CUBE-ALGOBUILD.1.5.0
2026-06-03 18:56:24,916 [WARN] PackLoader:240 - Cannot read IP mode file for STMicroelectronics.X-CUBE-AZRTOS-H7.3.5.0
2026-06-03 18:56:24,927 [WARN] PackLoader:240 - Cannot read IP mode file for STMicroelectronics.X-CUBE-AZRTOS-H7RS.1.2.0
2026-06-03 18:56:24,935 [WARN] PackLoader:240 - Cannot read IP mode file for STMicroelectronics.X-CUBE-AZRTOS-F4.1.1.0
2026-06-03 18:56:24,945 [WARN] PackLoader:240 - Cannot read IP mode file for STMicroelectronics.X-CUBE-AZRTOS-F7.1.1.0
2026-06-03 18:56:24,955 [WARN] ConditionMgr:438 - getConditionDescription Invalid condition id : LAN8742 Phy interface Condition cause : null
2026-06-03 18:56:24,956 [WARN] PackLoader:240 - Cannot read IP mode file for STMicroelectronics.X-CUBE-AZRTOS-L4.2.0.0
2026-06-03 18:56:24,957 [WARN] ConditionMgr:1044 - genDependencies : Invalid condition id : LAN8742 Phy interface Condition cause : null
2026-06-03 18:56:24,957 [WARN] ConditionMgr:1044 - genDependencies : Invalid condition id : LAN8742 Phy interface Condition cause : null
2026-06-03 18:56:24,957 [WARN] ConditionMgr:1044 - genDependencies : Invalid condition id : LAN8742 Phy interface Condition cause : null
2026-06-03 18:56:24,966 [WARN] PackLoader:240 - Cannot read IP mode file for STMicroelectronics.X-CUBE-AZRTOS-L5.2.0.0
2026-06-03 18:56:24,977 [WARN] PackLoader:240 - Cannot read IP mode file for STMicroelectronics.X-CUBE-AZRTOS-G0.1.1.0
2026-06-03 18:56:24,985 [WARN] PackLoader:240 - Cannot read IP mode file for STMicroelectronics.X-CUBE-AZRTOS-G4.2.0.0
2026-06-03 18:56:24,992 [WARN] ConditionMgr:438 - getConditionDescription Invalid condition id : UX DEVICE CLASS RTOS Condition cause : null
2026-06-03 18:56:24,992 [WARN] ConditionMgr:438 - getConditionDescription Invalid condition id : UX DEVICE CLASS RTOS Condition cause : null
2026-06-03 18:56:24,993 [WARN] PackLoader:240 - Cannot read IP mode file for STMicroelectronics.X-CUBE-AZRTOS-WB.2.0.0
2026-06-03 18:56:24,993 [WARN] ConditionMgr:1044 - genDependencies : Invalid condition id : UX DEVICE CLASS RTOS Condition cause : null
2026-06-03 18:56:24,994 [WARN] ConditionMgr:1044 - genDependencies : Invalid condition id : UX DEVICE CLASS RTOS Condition cause : null
2026-06-03 18:56:24,994 [WARN] ConditionMgr:1044 - genDependencies : Invalid condition id : UX DEVICE CLASS RTOS Condition cause : null
2026-06-03 18:56:24,994 [WARN] ConditionMgr:1044 - genDependencies : Invalid condition id : UX DEVICE CLASS RTOS Condition cause : null
2026-06-03 18:56:24,994 [WARN] ConditionMgr:1044 - genDependencies : Invalid condition id : UX DEVICE CLASS RTOS Condition cause : null
2026-06-03 18:56:25,002 [INFO] LogOutputStream:77 - [STDOUT_REDIRECT] 1 : Invalid condition id : UX_CORESTACK_Condition cause : null
2026-06-03 18:56:25,003 [INFO] LogOutputStream:77 - [STDOUT_REDIRECT] 1 : Invalid condition id : UX_CORESTACK_Condition cause : null
2026-06-03 18:56:25,004 [INFO] LogOutputStream:77 - [STDOUT_REDIRECT] 1 : Invalid condition id : UX_CORESTACK_Condition cause : null
2026-06-03 18:56:25,007 [INFO] LogOutputStream:77 - [STDOUT_REDIRECT] 1 : Invalid condition id : UX_CORESTACK_Condition cause : null
2026-06-03 18:56:25,007 [INFO] LogOutputStream:77 - [STDOUT_REDIRECT] 1 : Invalid condition id : UX_CORESTACK_Condition cause : null
2026-06-03 18:56:25,009 [WARN] PackLoader:240 - Cannot read IP mode file for STMicroelectronics.X-CUBE-AZRTOS-WL.2.0.0
2026-06-03 18:56:25,014 [WARN] PackLoader:240 - Cannot read IP mode file for STMicroelectronics.X-CUBE-WB05N.2.1.0
2026-06-03 18:56:25,018 [WARN] PackLoader:240 - Cannot read IP mode file for STMicroelectronics.eDS-WB_DPC_VIENNA.1.2.0
2026-06-03 18:56:25,024 [WARN] PackLoader:240 - Cannot read IP mode file for STMicroelectronics.eDS-WB_DPC_TT-BIDIR.2.1.1
2026-06-03 18:56:25,027 [WARN] PackLoader:240 - Cannot read IP mode file for STMicroelectronics.eDS-WB_DPC_3PH2L-BIDIR.1.1.1
2026-06-03 18:56:25,029 [WARN] PackLoader:240 - Cannot read IP mode file for wolfSSL.I-CUBE-wolfSSL.5.9.1
2026-06-03 18:56:25,033 [WARN] PackLoader:240 - Cannot read IP mode file for wolfSSL.I-CUBE-wolfMQTT.1.19.2
2026-06-03 18:56:25,036 [WARN] PackLoader:240 - Cannot read IP mode file for wolfSSL.I-CUBE-wolfTPM.3.8.0
2026-06-03 18:56:25,040 [WARN] PackLoader:240 - Cannot read IP mode file for wolfSSL.I-CUBE-wolfSSH.1.4.20
2026-06-03 18:56:25,043 [WARN] PackLoader:240 - Cannot read IP mode file for RealThread.X-CUBE-RT-Thread_Nano.4.1.1
2026-06-03 18:56:25,068 [WARN] PackLoader:240 - Cannot read IP mode file for SEGGER.I-CUBE-embOS.1.3.1
2026-06-03 18:56:25,095 [WARN] PackLoader:240 - Cannot read IP mode file for emotas.I-CUBE-CANOPEN.1.3.0
2026-06-03 18:56:25,101 [WARN] PackLoader:240 - Cannot read IP mode file for WES.I-CUBE-Cesium.1.4.0
2026-06-03 18:56:25,105 [WARN] PackLoader:240 - Cannot read IP mode file for ITTIA_DB.I-CUBE-ITTIADB.8.9.0
2026-06-03 18:56:25,113 [WARN] PackLoader:240 - Cannot read IP mode file for Infineon.AIROC-Wi-Fi-Bluetooth-STM32.1.8.0
2026-06-03 18:56:25,120 [WARN] PackLoader:240 - Cannot read IP mode file for Cesanta.I-CUBE-Mongoose.7.21.7
2026-06-03 18:56:25,126 [WARN] PackLoader:240 - Cannot read IP mode file for EmbeddedOffice.I-CUBE-FS-RTOS.1.0.1
2026-06-03 18:56:25,132 [WARN] ConditionMgr:438 - getConditionDescription Invalid condition id : Cortex-A Device cause : null
2026-06-03 18:56:25,146 [WARN] ConditionMgr:1044 - genDependencies : Invalid condition id : Cortex-A Device cause : null
2026-06-03 18:56:25,146 [WARN] ConditionMgr:1044 - genDependencies : Invalid condition id : Cortex-A Device cause : null
2026-06-03 18:56:25,146 [WARN] ConditionMgr:1044 - genDependencies : Invalid condition id : Cortex-A Device cause : null
2026-06-03 18:56:25,157 [INFO] PopulateThirdPartyThread:66 - Ending populate Thread
2026-06-03 18:56:25,160 [INFO] ThirdParty:1030 - CMSIS Pack Vendor :STMicroelectronics X-CUBE-AZRTOS-H7 3.5.0
2026-06-03 18:56:25,161 [INFO] ThirdParty:1030 - CMSIS Pack Vendor :STMicroelectronics X-CUBE-PM33A1 1.0.0
2026-06-03 18:56:25,161 [INFO] ThirdParty:1030 - CMSIS Pack Vendor :STMicroelectronics X-CUBE-NFC9 1.0.0
2026-06-03 18:56:25,161 [INFO] ThirdParty:1030 - CMSIS Pack Vendor :STMicroelectronics X-CUBE-AZRTOS-F4 1.1.0
2026-06-03 18:56:25,161 [INFO] ThirdParty:1030 - CMSIS Pack Vendor :STMicroelectronics FP-ATR-ASTRA1 2.0.2
2026-06-03 18:56:25,161 [INFO] ThirdParty:1030 - CMSIS Pack Vendor :STMicroelectronics X-CUBE-BLE1 7.1.0
2026-06-03 18:56:25,161 [INFO] ThirdParty:1030 - CMSIS Pack Vendor :wolfSSL I-CUBE-wolfMQTT 1.19.2
2026-06-03 18:56:25,161 [INFO] ThirdParty:1030 - CMSIS Pack Vendor :STMicroelectronics X-CUBE-ISPU 2.1.0
2026-06-03 18:56:25,161 [INFO] ThirdParty:1030 - CMSIS Pack Vendor :STMicroelectronics X-CUBE-BLEMGR 4.1.0
2026-06-03 18:56:25,161 [INFO] ThirdParty:1030 - CMSIS Pack Vendor :STMicroelectronics X-CUBE-EEPRMA1 5.2.0
2026-06-03 18:56:25,161 [INFO] ThirdParty:1030 - CMSIS Pack Vendor :STMicroelectronics X-CUBE-IPS 3.2.0
2026-06-03 18:56:25,161 [INFO] ThirdParty:1030 - CMSIS Pack Vendor :STMicroelectronics eDS-WB_DPC_TT-BIDIR 2.1.1
2026-06-03 18:56:25,161 [INFO] ThirdParty:1030 - CMSIS Pack Vendor :STMicroelectronics X-CUBE-AZRTOS-WB 2.0.0
2026-06-03 18:56:25,161 [INFO] ThirdParty:1030 - CMSIS Pack Vendor :STMicroelectronics X-CUBE-NFC12 1.0.0
2026-06-03 18:56:25,161 [INFO] ThirdParty:1030 - CMSIS Pack Vendor :STMicroelectronics X-CUBE-AZRTOS-F7 1.1.0
2026-06-03 18:56:25,161 [INFO] ThirdParty:1030 - CMSIS Pack Vendor :STMicroelectronics X-CUBE-AZRTOS-L5 2.0.0
2026-06-03 18:56:25,161 [INFO] ThirdParty:1030 - CMSIS Pack Vendor :STMicroelectronics FP-SNS-STAIOTCFT 1.1.0
2026-06-03 18:56:25,161 [INFO] ThirdParty:1030 - CMSIS Pack Vendor :quantropi X-CUBE-qispace-sdk-base 2.1.0
2026-06-03 18:56:25,161 [INFO] ThirdParty:1030 - CMSIS Pack Vendor :STMicroelectronics X-CUBE-STSE01 2.0.0
2026-06-03 18:56:25,161 [INFO] ThirdParty:1030 - CMSIS Pack Vendor :STMicroelectronics X-CUBE-ALGOBUILD 1.5.0
2026-06-03 18:56:25,161 [INFO] ThirdParty:1030 - CMSIS Pack Vendor :STMicroelectronics FP-SNS-MOTENV1 5.1.0
2026-06-03 18:56:25,161 [INFO] ThirdParty:1030 - CMSIS Pack Vendor :STMicroelectronics X-CUBE-AZRTOS-G0 1.1.0
2026-06-03 18:56:25,161 [INFO] ThirdParty:1030 - CMSIS Pack Vendor :STMicroelectronics X-CUBE-NFC4 3.0.0
2026-06-03 18:56:25,161 [INFO] ThirdParty:1030 - CMSIS Pack Vendor :STMicroelectronics X-CUBE-SUBG2 5.0.0
2026-06-03 18:56:25,162 [INFO] ThirdParty:1030 - CMSIS Pack Vendor :STMicroelectronics eDS-WB_DPC_VIENNA 1.2.0
2026-06-03 18:56:25,162 [INFO] ThirdParty:1030 - CMSIS Pack Vendor :EmbeddedOffice I-CUBE-FS-RTOS 1.0.1
2026-06-03 18:56:25,162 [INFO] ThirdParty:1030 - CMSIS Pack Vendor :WES I-CUBE-Cesium 1.4.0
2026-06-03 18:56:25,162 [INFO] ThirdParty:1030 - CMSIS Pack Vendor :STMicroelectronics eDS-WB_DPC_3PH2L-BIDIR 1.1.1
2026-06-03 18:56:25,162 [INFO] ThirdParty:1030 - CMSIS Pack Vendor :STMicroelectronics X-CUBE-AZRTOS-G4 2.0.0
2026-06-03 18:56:25,162 [INFO] ThirdParty:1030 - CMSIS Pack Vendor :wolfSSL I-CUBE-wolfTPM 3.8.0
2026-06-03 18:56:25,162 [INFO] ThirdParty:1030 - CMSIS Pack Vendor :STMicroelectronics X-CUBE-DISPLAY 3.0.0
2026-06-03 18:56:25,162 [INFO] ThirdParty:1030 - CMSIS Pack Vendor :wolfSSL I-CUBE-wolfSSH 1.4.20
2026-06-03 18:56:25,162 [INFO] ThirdParty:1030 - CMSIS Pack Vendor :STMicroelectronics X-CUBE-NFC7 2.0.0
2026-06-03 18:56:25,162 [INFO] ThirdParty:1030 - CMSIS Pack Vendor :STMicroelectronics FP-SNS-MOTENVWB1 1.5.0
2026-06-03 18:56:25,162 [INFO] ThirdParty:1030 - CMSIS Pack Vendor :STMicroelectronics X-CUBE-GNSS1 7.1.1
2026-06-03 18:56:25,162 [INFO] ThirdParty:1030 - CMSIS Pack Vendor :STMicroelectronics X-CUBE-TCPP 4.2.0
2026-06-03 18:56:25,162 [INFO] ThirdParty:1030 - CMSIS Pack Vendor :RealThread X-CUBE-RT-Thread_Nano 4.1.1
2026-06-03 18:56:25,162 [INFO] ThirdParty:1030 - CMSIS Pack Vendor :STMicroelectronics FP-ATR-SIGFOX1 3.2.0
2026-06-03 18:56:25,162 [INFO] ThirdParty:1030 - CMSIS Pack Vendor :wolfSSL I-CUBE-wolfSSL 5.9.1
2026-06-03 18:56:25,162 [INFO] ThirdParty:1030 - CMSIS Pack Vendor :STMicroelectronics X-CUBE-NFC10 1.0.0
2026-06-03 18:56:25,162 [INFO] ThirdParty:1030 - CMSIS Pack Vendor :STMicroelectronics X-CUBE-FREERTOS 1.5.0
2026-06-03 18:56:25,162 [INFO] ThirdParty:1030 - CMSIS Pack Vendor :STMicroelectronics X-CUBE-ALS 1.0.2
2026-06-03 18:56:25,162 [INFO] ThirdParty:1030 - CMSIS Pack Vendor :STMicroelectronics X-CUBE-ST60 1.1.0
2026-06-03 18:56:25,162 [INFO] ThirdParty:1030 - CMSIS Pack Vendor :emotas I-CUBE-CANOPEN 1.3.0
2026-06-03 18:56:25,162 [INFO] ThirdParty:1030 - CMSIS Pack Vendor :ITTIA_DB I-CUBE-ITTIADB 8.9.0
2026-06-03 18:56:25,164 [INFO] ThirdParty:1030 - CMSIS Pack Vendor :Cesanta I-CUBE-Mongoose 7.21.7
2026-06-03 18:56:25,164 [INFO] ThirdParty:1030 - CMSIS Pack Vendor :STMicroelectronics X-CUBE-TOUCHGFX 4.26.1
2026-06-03 18:56:25,164 [INFO] ThirdParty:1030 - CMSIS Pack Vendor :STMicroelectronics X-CUBE-NFC6 3.2.0
2026-06-03 18:56:25,164 [INFO] ThirdParty:1030 - CMSIS Pack Vendor :STMicroelectronics FP-SNS-STBOX1 2.1.0
2026-06-03 18:56:25,164 [INFO] ThirdParty:1030 - CMSIS Pack Vendor :STMicroelectronics X-CUBE-AI 10.2.0
2026-06-03 18:56:25,164 [INFO] ThirdParty:1030 - CMSIS Pack Vendor :STMicroelectronics FP-SNS-SMARTAG2 1.2.0
2026-06-03 18:56:25,164 [INFO] ThirdParty:1030 - CMSIS Pack Vendor :STMicroelectronics X-CUBE-MEMS1 12.1.0
2026-06-03 18:56:25,164 [INFO] ThirdParty:1030 - CMSIS Pack Vendor :STMicroelectronics FP-SNS-FLIGHT1 5.1.0
2026-06-03 18:56:25,164 [INFO] ThirdParty:1030 - CMSIS Pack Vendor :STMicroelectronics X-CUBE-AZRTOS-WL 2.0.0
2026-06-03 18:56:25,164 [INFO] ThirdParty:1030 - CMSIS Pack Vendor :SEGGER I-CUBE-embOS 1.3.1
2026-06-03 18:56:25,164 [INFO] ThirdParty:1030 - CMSIS Pack Vendor :STMicroelectronics X-CUBE-DPower 1.3.0
2026-06-03 18:56:25,164 [INFO] ThirdParty:1030 - CMSIS Pack Vendor :STMicroelectronics X-CUBE-AZRTOS-H7RS 1.2.0
2026-06-03 18:56:25,164 [INFO] ThirdParty:1030 - CMSIS Pack Vendor :STMicroelectronics X-CUBE-AZRTOS-L4 2.0.0
2026-06-03 18:56:25,164 [INFO] ThirdParty:1030 - CMSIS Pack Vendor :STMicroelectronics X-CUBE-SFXS2LP1 4.0.0
2026-06-03 18:56:25,164 [INFO] ThirdParty:1030 - CMSIS Pack Vendor :STMicroelectronics X-CUBE-BLE2 3.3.0
2026-06-03 18:56:25,164 [INFO] ThirdParty:1030 - CMSIS Pack Vendor :Avnet-IOTCONNECT X-CUBE-iotc-st67-sdk 1.0.0
2026-06-03 18:56:25,164 [INFO] ThirdParty:1030 - CMSIS Pack Vendor :STMicroelectronics X-CUBE-TOF1 3.4.3
2026-06-03 18:56:25,164 [INFO] ThirdParty:1030 - CMSIS Pack Vendor :Infineon AIROC-Wi-Fi-Bluetooth-STM32 1.8.0
2026-06-03 18:56:25,164 [INFO] ThirdParty:1030 - CMSIS Pack Vendor :STMicroelectronics X-CUBE-WB05N 2.1.0
2026-06-03 18:56:25,165 [INFO] LoadServerUpdatesThread:375 - End of LoadServerUpdate Thread
2026-06-03 18:56:55,186 [INFO] MainUpdater:2872 - connection check result : 10
2026-06-03 18:56:55,186 [INFO] MainUpdater:2872 - connection check result : 10
2026-06-03 18:56:55,200 [INFO] MicroXplorer:468 - Change Database Path : 
2026-06-03 18:56:55,200 [INFO] MicroXplorer:498 - Change Database Version : DB.6.0.150
2026-06-03 18:56:55,203 [WARN] ThirdParty:871 - waiting for thirdparty lock release [close project]
2026-06-03 18:56:55,203 [INFO] ThirdParty:873 - entering critical section [close project]
2026-06-03 18:56:55,204 [INFO] ThirdParty:883 - exiting critical section [close project]
2026-06-03 18:56:55,222 [INFO] PinOutPanel:1589 - setPackage(No Configuration,No Configuration)
2026-06-03 18:56:55,222 [INFO] UtilMem:75 - Begin LoadConfig() Used Memory: 488368296 Bytes (987758592)
2026-06-03 18:56:55,224 [INFO] MicroXplorer:468 - Change Database Path : 
2026-06-03 18:56:55,224 [INFO] MicroXplorer:498 - Change Database Version : DB.6.0.150
2026-06-03 18:56:55,224 [INFO] OpenFileManager:355 - Change cursor
2026-06-03 18:56:55,255 [WARN] IntegrityCheckThread:84 - waiting for thirdparty lock release [integrity check]
2026-06-03 18:56:55,255 [INFO] IntegrityCheckThread:86 - entering critical section [integrity check]
2026-06-03 18:56:55,401 [WARN] PackLoader:240 - Cannot read IP mode file for STMicroelectronics.X-CUBE-AZRTOS-H7.3.5.0
2026-06-03 18:56:55,406 [WARN] PackLoader:240 - Cannot read IP mode file for STMicroelectronics.FP-ATR-ASTRA1.2.0.2
2026-06-03 18:56:55,407 [ERROR] Engine:466 - C:\Users\karlh\.stm32cubemx\thirdparties\pdsc\STMicroelectronics.X-CUBE-SMBUS.2.1.1.pdsc: PDSC version is not supported
2026-06-03 18:56:55,415 [WARN] PackLoader:240 - Cannot read IP mode file for STMicroelectronics.X-CUBE-AZRTOS-F7.1.1.0
2026-06-03 18:56:55,420 [WARN] PackLoader:240 - Cannot read IP mode file for STMicroelectronics.FP-SNS-MOTENV1.5.1.0
2026-06-03 18:56:55,424 [WARN] PackLoader:240 - Cannot read IP mode file for WES.I-CUBE-Cesium.1.4.0
2026-06-03 18:56:55,429 [WARN] PackLoader:240 - Cannot read IP mode file for STMicroelectronics.X-CUBE-DISPLAY.3.0.0
2026-06-03 18:56:55,432 [WARN] PackLoader:240 - Cannot read IP mode file for STMicroelectronics.X-CUBE-GNSS1.7.1.1
2026-06-03 18:56:55,435 [WARN] PackLoader:240 - Cannot read IP mode file for STMicroelectronics.FP-SNS-MOTENVWB1.1.5.0
2026-06-03 18:56:55,439 [WARN] PackLoader:240 - Cannot read IP mode file for wolfSSL.I-CUBE-wolfSSL.5.9.1
2026-06-03 18:56:55,446 [WARN] PackLoader:240 - Cannot read IP mode file for STMicroelectronics.X-CUBE-NFC10.1.0.0
2026-06-03 18:56:55,449 [WARN] PackLoader:240 - Cannot read IP mode file for STMicroelectronics.X-CUBE-ST60.1.1.0
2026-06-03 18:56:55,452 [WARN] PackLoader:240 - Cannot read IP mode file for emotas.I-CUBE-CANOPEN.1.3.0
2026-06-03 18:56:55,457 [WARN] PackLoader:240 - Cannot read IP mode file for STMicroelectronics.FP-SNS-STBOX1.2.1.0
2026-06-03 18:56:55,461 [WARN] PackLoader:240 - Cannot read IP mode file for STMicroelectronics.FP-SNS-SMARTAG2.1.2.0
2026-06-03 18:56:55,463 [WARN] PackLoader:240 - Cannot read IP mode file for STMicroelectronics.FP-SNS-FLIGHT1.5.1.0
2026-06-03 18:56:55,469 [INFO] LogOutputStream:77 - [STDOUT_REDIRECT] 1 : Invalid condition id : UX_CORESTACK_Condition cause : null
2026-06-03 18:56:55,470 [INFO] LogOutputStream:77 - [STDOUT_REDIRECT] 1 : Invalid condition id : UX_CORESTACK_Condition cause : null
2026-06-03 18:56:55,470 [INFO] LogOutputStream:77 - [STDOUT_REDIRECT] 1 : Invalid condition id : UX_CORESTACK_Condition cause : null
2026-06-03 18:56:55,471 [INFO] LogOutputStream:77 - [STDOUT_REDIRECT] 1 : Invalid condition id : UX_CORESTACK_Condition cause : null
2026-06-03 18:56:55,472 [INFO] LogOutputStream:77 - [STDOUT_REDIRECT] 1 : Invalid condition id : UX_CORESTACK_Condition cause : null
2026-06-03 18:56:55,473 [WARN] PackLoader:240 - Cannot read IP mode file for STMicroelectronics.X-CUBE-AZRTOS-WL.2.0.0
2026-06-03 18:56:55,482 [WARN] PackLoader:240 - Cannot read IP mode file for STMicroelectronics.X-CUBE-AZRTOS-H7RS.1.2.0
2026-06-03 18:56:55,487 [WARN] PackLoader:240 - Cannot read IP mode file for STMicroelectronics.X-CUBE-BLE2.3.3.0
2026-06-03 18:56:55,505 [WARN] PackLoader:240 - Cannot read IP mode file for Infineon.AIROC-Wi-Fi-Bluetooth-STM32.1.8.0
2026-06-03 18:56:55,511 [WARN] PackLoader:240 - Cannot read IP mode file for STMicroelectronics.X-CUBE-NFC9.1.0.0
2026-06-03 18:56:55,515 [WARN] PackLoader:240 - Cannot read IP mode file for STMicroelectronics.X-CUBE-BLE1.7.1.0
2026-06-03 18:56:55,519 [WARN] PackLoader:240 - Cannot read IP mode file for wolfSSL.I-CUBE-wolfMQTT.1.19.2
2026-06-03 18:56:55,523 [WARN] PackLoader:240 - Cannot read IP mode file for STMicroelectronics.X-CUBE-EEPRMA1.5.2.0
2026-06-03 18:56:55,527 [WARN] PackLoader:240 - Cannot read IP mode file for STMicroelectronics.FP-SNS-STAIOTCFT.1.1.0
2026-06-03 18:56:55,534 [WARN] PackLoader:240 - Cannot read IP mode file for STMicroelectronics.X-CUBE-AZRTOS-G0.1.1.0
2026-06-03 18:56:55,538 [WARN] PackLoader:240 - Cannot read IP mode file for STMicroelectronics.X-CUBE-NFC4.3.0.0
2026-06-03 18:56:55,544 [WARN] PackLoader:240 - Cannot read IP mode file for EmbeddedOffice.I-CUBE-FS-RTOS.1.0.1
2026-06-03 18:56:55,547 [WARN] PackLoader:240 - Cannot read IP mode file for wolfSSL.I-CUBE-wolfTPM.3.8.0
2026-06-03 18:56:55,552 [WARN] PackLoader:240 - Cannot read IP mode file for STMicroelectronics.X-CUBE-TCPP.4.2.0
2026-06-03 18:56:55,555 [WARN] PackLoader:240 - Cannot read IP mode file for RealThread.X-CUBE-RT-Thread_Nano.4.1.1
2026-06-03 18:56:55,559 [WARN] PackLoader:240 - Cannot read IP mode file for STMicroelectronics.FP-ATR-SIGFOX1.3.2.0
2026-06-03 18:56:55,562 [WARN] PackLoader:240 - Cannot read IP mode file for STMicroelectronics.X-CUBE-FREERTOS.1.5.0
2026-06-03 18:56:55,566 [WARN] PackLoader:240 - Cannot read IP mode file for ITTIA_DB.I-CUBE-ITTIADB.8.9.0
2026-06-03 18:56:55,569 [WARN] PackLoader:240 - Cannot read IP mode file for Cesanta.I-CUBE-Mongoose.7.21.7
2026-06-03 18:56:55,574 [WARN] PackLoader:240 - Cannot read IP mode file for STMicroelectronics.X-CUBE-NFC6.3.2.0
2026-06-03 18:56:55,577 [WARN] PackLoader:240 - Cannot read IP mode file for STMicroelectronics.X-CUBE-AI.10.2.0
2026-06-03 18:56:55,596 [WARN] PackLoader:240 - Cannot read IP mode file for STMicroelectronics.X-CUBE-MEMS1.12.1.0
2026-06-03 18:56:55,635 [WARN] PackLoader:240 - Cannot read IP mode file for SEGGER.I-CUBE-embOS.1.3.1
2026-06-03 18:56:55,648 [WARN] PackLoader:240 - Cannot read IP mode file for STMicroelectronics.X-CUBE-PM33A1.1.0.0
2026-06-03 18:56:55,655 [WARN] PackLoader:240 - Cannot read IP mode file for STMicroelectronics.X-CUBE-AZRTOS-F4.1.1.0
2026-06-03 18:56:55,658 [WARN] PackLoader:240 - Cannot read IP mode file for STMicroelectronics.X-CUBE-ISPU.2.1.0
2026-06-03 18:56:55,663 [WARN] PackLoader:240 - Cannot read IP mode file for STMicroelectronics.X-CUBE-IPS.3.2.0
2026-06-03 18:56:55,670 [WARN] PackLoader:240 - Cannot read IP mode file for STMicroelectronics.eDS-WB_DPC_TT-BIDIR.2.1.1
2026-06-03 18:56:55,674 [WARN] PackLoader:240 - Cannot read IP mode file for STMicroelectronics.X-CUBE-NFC12.1.0.0
2026-06-03 18:56:55,685 [WARN] PackLoader:240 - Cannot read IP mode file for STMicroelectronics.X-CUBE-AZRTOS-L5.2.0.0
2026-06-03 18:56:55,690 [WARN] PackLoader:240 - Cannot read IP mode file for STMicroelectronics.X-CUBE-ALGOBUILD.1.5.0
2026-06-03 18:56:55,693 [WARN] PackLoader:240 - Cannot read IP mode file for STMicroelectronics.eDS-WB_DPC_VIENNA.1.2.0
2026-06-03 18:56:55,696 [WARN] PackLoader:240 - Cannot read IP mode file for STMicroelectronics.eDS-WB_DPC_3PH2L-BIDIR.1.1.1
2026-06-03 18:56:55,698 [ERROR] Engine:466 - C:\Users\karlh\.stm32cubemx\thirdparties\pdsc\STMicroelectronics.X-CUBE-ST67W61.1.3.0.pdsc: PDSC version is not supported
2026-06-03 18:56:55,700 [WARN] PackLoader:240 - Cannot read IP mode file for STMicroelectronics.X-CUBE-TOUCHGFX.4.26.1
2026-06-03 18:56:55,703 [WARN] PackLoader:240 - Cannot read IP mode file for STMicroelectronics.X-CUBE-DPower.1.3.0
2026-06-03 18:56:55,711 [WARN] ConditionMgr:438 - getConditionDescription Invalid condition id : LAN8742 Phy interface Condition cause : null
2026-06-03 18:56:55,711 [WARN] PackLoader:240 - Cannot read IP mode file for STMicroelectronics.X-CUBE-AZRTOS-L4.2.0.0
2026-06-03 18:56:55,711 [WARN] ConditionMgr:1044 - genDependencies : Invalid condition id : LAN8742 Phy interface Condition cause : null
2026-06-03 18:56:55,711 [WARN] ConditionMgr:1044 - genDependencies : Invalid condition id : LAN8742 Phy interface Condition cause : null
2026-06-03 18:56:55,711 [WARN] ConditionMgr:1044 - genDependencies : Invalid condition id : LAN8742 Phy interface Condition cause : null
2026-06-03 18:56:55,715 [WARN] PackLoader:240 - Cannot read IP mode file for STMicroelectronics.X-CUBE-SFXS2LP1.4.0.0
2026-06-03 18:56:55,719 [WARN] PackLoader:240 - Cannot read IP mode file for STMicroelectronics.X-CUBE-WB05N.2.1.0
2026-06-03 18:56:55,724 [WARN] PackLoader:240 - Cannot read IP mode file for STMicroelectronics.X-CUBE-BLEMGR.4.1.0
2026-06-03 18:56:55,731 [WARN] ConditionMgr:438 - getConditionDescription Invalid condition id : UX DEVICE CLASS RTOS Condition cause : null
2026-06-03 18:56:55,731 [WARN] ConditionMgr:438 - getConditionDescription Invalid condition id : UX DEVICE CLASS RTOS Condition cause : null
2026-06-03 18:56:55,732 [WARN] PackLoader:240 - Cannot read IP mode file for STMicroelectronics.X-CUBE-AZRTOS-WB.2.0.0
2026-06-03 18:56:55,732 [WARN] ConditionMgr:1044 - genDependencies : Invalid condition id : UX DEVICE CLASS RTOS Condition cause : null
2026-06-03 18:56:55,732 [WARN] ConditionMgr:1044 - genDependencies : Invalid condition id : UX DEVICE CLASS RTOS Condition cause : null
2026-06-03 18:56:55,733 [WARN] ConditionMgr:1044 - genDependencies : Invalid condition id : UX DEVICE CLASS RTOS Condition cause : null
2026-06-03 18:56:55,733 [WARN] ConditionMgr:1044 - genDependencies : Invalid condition id : UX DEVICE CLASS RTOS Condition cause : null
2026-06-03 18:56:55,733 [WARN] ConditionMgr:1044 - genDependencies : Invalid condition id : UX DEVICE CLASS RTOS Condition cause : null
2026-06-03 18:56:55,736 [WARN] ConditionMgr:438 - getConditionDescription Invalid condition id : Cortex-A Device cause : null
2026-06-03 18:56:55,741 [WARN] ConditionMgr:1044 - genDependencies : Invalid condition id : Cortex-A Device cause : null
2026-06-03 18:56:55,742 [WARN] ConditionMgr:1044 - genDependencies : Invalid condition id : Cortex-A Device cause : null
2026-06-03 18:56:55,742 [WARN] ConditionMgr:1044 - genDependencies : Invalid condition id : Cortex-A Device cause : null
2026-06-03 18:56:55,745 [WARN] PackLoader:240 - Cannot read IP mode file for STMicroelectronics.X-CUBE-STSE01.2.0.0
2026-06-03 18:56:55,752 [WARN] PackLoader:240 - Cannot read IP mode file for STMicroelectronics.X-CUBE-SUBG2.5.0.0
2026-06-03 18:56:55,759 [WARN] PackLoader:240 - Cannot read IP mode file for STMicroelectronics.X-CUBE-AZRTOS-G4.2.0.0
2026-06-03 18:56:55,762 [WARN] PackLoader:240 - Cannot read IP mode file for wolfSSL.I-CUBE-wolfSSH.1.4.20
2026-06-03 18:56:55,765 [WARN] PackLoader:240 - Cannot read IP mode file for STMicroelectronics.X-CUBE-NFC7.2.0.0
2026-06-03 18:56:55,769 [WARN] PackLoader:240 - Cannot read IP mode file for STMicroelectronics.X-CUBE-ALS.1.0.2
2026-06-03 18:56:55,774 [WARN] PackLoader:240 - Cannot read IP mode file for STMicroelectronics.X-CUBE-TOF1.3.4.3
2026-06-03 18:56:55,778 [INFO] ThirdParty:978 - Integrity check success = true
2026-06-03 18:56:55,779 [INFO] IntegrityCheckThread:100 - exiting critical section [integrity check]
2026-06-03 18:56:55,779 [INFO] IntegrityCheckThread:103 - End integrity checks thread
2026-06-03 18:56:55,806 [INFO] Mcu:2029 - Initializing MCU STM32G031K8Tx STM32G031K8Tx STM32G031K8T6TR
2026-06-03 18:56:56,685 [INFO] Context:786 - Trying to add GPIOservice into a context  which must be forbidden
2026-06-03 18:56:56,950 [INFO] ImportTextPane:234 - (OptionalMessage_ERROR) Unable to find key (Mcu.ThirdPartyNb) in loaded IOC file
2026-06-03 18:56:56,951 [INFO] ImportTextPane:234 - (OptionalMessage_ERROR) Unable to find key (Mcu.PinsNb) in loaded IOC file
2026-06-03 18:56:56,951 [INFO] ImportTextPane:234 - (OptionalMessage_ERROR) Pin0 (VP_RIF_VS_RIF1) cannot be retrieved for this MCU
2026-06-03 18:56:56,951 [INFO] ImportTextPane:234 - (OptionalMessage_ERROR) Unable to find key (Mcu.IPNb) in loaded IOC file
2026-06-03 18:56:57,026 [INFO] RtosManager:558 - Registered RTOS mode: class=CMSIS, group=RTOS, mode=CMSIS_V1, owner=FREERTOS
2026-06-03 18:56:57,026 [INFO] RtosManager:558 - Registered RTOS mode: class=CMSIS, group=RTOS2, mode=CMSIS_V2, owner=FREERTOS
2026-06-03 18:56:57,026 [INFO] RtosManager:558 - Registered RTOS mode: class=RTOS, group=Core, mode=CMSIS_V1, owner=FREERTOS
2026-06-03 18:56:57,026 [INFO] RtosManager:558 - Registered RTOS mode: class=RTOS, group=Core, mode=CMSIS_V2, owner=FREERTOS
2026-06-03 18:56:57,026 [WARN] ModelIntegratedComponent:184 - Missing modes for component STMicroelectronics:FreeRTOS:0.0.1:STMicroelectronics:RTOS:FreeRTOS:Core:::10.2.0:
2026-06-03 18:56:57,040 [WARN] ModelIntegratedComponent:63 - No mode defined for component null
2026-06-03 18:56:57,040 [WARN] ModelIntegratedComponent:63 - No mode defined for component null
2026-06-03 18:56:57,040 [WARN] ModelIntegratedComponent:63 - No mode defined for component null
2026-06-03 18:56:57,040 [WARN] ModelIntegratedComponent:63 - No mode defined for component null
2026-06-03 18:56:57,040 [WARN] ModelIntegratedComponent:63 - No mode defined for component null
2026-06-03 18:56:57,041 [WARN] ModelIntegratedComponent:63 - No mode defined for component null
2026-06-03 18:56:57,041 [WARN] ModelIntegratedComponent:63 - No mode defined for component null
2026-06-03 18:56:57,041 [WARN] ModelIntegratedComponent:63 - No mode defined for component null
2026-06-03 18:56:57,041 [WARN] ModelIntegratedComponent:63 - No mode defined for component null
2026-06-03 18:56:57,041 [WARN] ModelIntegratedComponent:63 - No mode defined for component null
2026-06-03 18:56:57,041 [WARN] ModelIntegratedComponent:63 - No mode defined for component null
2026-06-03 18:56:57,041 [WARN] ModelIntegratedComponent:63 - No mode defined for component null
2026-06-03 18:56:57,041 [WARN] ModelIntegratedComponent:63 - No mode defined for component null
2026-06-03 18:56:57,041 [WARN] ModelIntegratedComponent:63 - No mode defined for component null
2026-06-03 18:56:57,041 [WARN] ModelIntegratedComponent:63 - No mode defined for component null
2026-06-03 18:56:57,041 [WARN] ModelIntegratedComponent:63 - No mode defined for component null
2026-06-03 18:56:57,041 [WARN] ModelIntegratedComponent:63 - No mode defined for component null
2026-06-03 18:56:57,041 [WARN] ModelIntegratedComponent:63 - No mode defined for component null
2026-06-03 18:56:57,041 [WARN] ModelIntegratedComponent:63 - No mode defined for component null
2026-06-03 18:56:57,041 [WARN] ModelIntegratedComponent:63 - No mode defined for component null
2026-06-03 18:56:57,041 [WARN] ModelIntegratedComponent:63 - No mode defined for component null
2026-06-03 18:56:57,041 [WARN] ModelIntegratedComponent:63 - No mode defined for component null
2026-06-03 18:56:57,041 [WARN] ModelIntegratedComponent:63 - No mode defined for component null
2026-06-03 18:56:57,041 [WARN] ModelIntegratedComponent:63 - No mode defined for component null
2026-06-03 18:56:57,041 [WARN] ModelIntegratedComponent:63 - No mode defined for component null
2026-06-03 18:56:57,041 [WARN] ModelIntegratedComponent:63 - No mode defined for component null
2026-06-03 18:56:57,041 [WARN] ModelIntegratedComponent:63 - No mode defined for component null
2026-06-03 18:56:57,041 [WARN] ModelIntegratedComponent:63 - No mode defined for component null
2026-06-03 18:56:57,041 [WARN] ModelIntegratedComponent:63 - No mode defined for component null
2026-06-03 18:56:57,041 [WARN] ModelIntegratedComponent:63 - No mode defined for component null
2026-06-03 18:56:57,041 [WARN] ModelIntegratedComponent:63 - No mode defined for component null
2026-06-03 18:56:57,041 [WARN] ModelIntegratedComponent:63 - No mode defined for component null
2026-06-03 18:56:57,041 [WARN] ModelIntegratedComponent:63 - No mode defined for component null
2026-06-03 18:56:57,041 [WARN] ModelIntegratedComponent:63 - No mode defined for component null
2026-06-03 18:56:57,041 [WARN] ModelIntegratedComponent:63 - No mode defined for component null
2026-06-03 18:56:57,041 [WARN] ModelPack:524 - Component already loaded: STMicroelectronics:HAL Drivers:0.0.0:STMicroelectronics:Device:STMicro_Driver:XSPI:HAL::0.0.1:HAL_XSPI
2026-06-03 18:56:57,106 [INFO] ThirdPartyModel:298 - Start build external matchings
2026-06-03 18:56:57,302 [INFO] ThirdPartyModel:316 - End build external matchings
2026-06-03 18:56:57,476 [INFO] UtilMem:75 - End LoadConfig() Used Memory: 524596496 Bytes (987758592)
2026-06-03 18:56:57,556 [WARN] ThirdParty:833 - waiting for thirdparty lock release [change project]
2026-06-03 18:56:57,556 [INFO] ThirdParty:835 - entering critical section [change project]
2026-06-03 18:56:57,556 [INFO] ThirdParty:1030 - CMSIS Pack Vendor :STMicroelectronics X-CUBE-AZRTOS-H7 3.5.0
2026-06-03 18:56:57,556 [INFO] ThirdParty:1030 - CMSIS Pack Vendor :STMicroelectronics X-CUBE-PM33A1 1.0.0
2026-06-03 18:56:57,556 [INFO] ThirdParty:1030 - CMSIS Pack Vendor :STMicroelectronics USBPD 4.1
2026-06-03 18:56:57,556 [INFO] ThirdParty:1030 - CMSIS Pack Vendor :STMicroelectronics X-CUBE-NFC9 1.0.0
2026-06-03 18:56:57,556 [INFO] ThirdParty:1030 - CMSIS Pack Vendor :STMicroelectronics USB_HOST 2.0.0
2026-06-03 18:56:57,556 [INFO] ThirdParty:1030 - CMSIS Pack Vendor :STMicroelectronics X-CUBE-AZRTOS-F4 1.1.0
2026-06-03 18:56:57,556 [INFO] ThirdParty:1030 - CMSIS Pack Vendor :STMicroelectronics LIBJPEG 8.0.0
2026-06-03 18:56:57,556 [INFO] ThirdParty:1030 - CMSIS Pack Vendor :STMicroelectronics FP-ATR-ASTRA1 2.0.2
2026-06-03 18:56:57,556 [INFO] ThirdParty:1030 - CMSIS Pack Vendor :STMicroelectronics X-CUBE-BLE1 7.1.0
2026-06-03 18:56:57,556 [INFO] ThirdParty:1030 - CMSIS Pack Vendor :wolfSSL I-CUBE-wolfMQTT 1.19.2
2026-06-03 18:56:57,556 [INFO] ThirdParty:1030 - CMSIS Pack Vendor :STMicroelectronics USB_DEVICE 3.0.0
2026-06-03 18:56:57,556 [INFO] ThirdParty:1030 - CMSIS Pack Vendor :STMicroelectronics X-CUBE-ISPU 2.1.0
2026-06-03 18:56:57,556 [INFO] ThirdParty:1030 - CMSIS Pack Vendor :STMicroelectronics X-CUBE-EEPRMA1 5.2.0
2026-06-03 18:56:57,556 [INFO] ThirdParty:1030 - CMSIS Pack Vendor :STMicroelectronics X-CUBE-IPS 3.2.0
2026-06-03 18:56:57,556 [INFO] ThirdParty:1030 - CMSIS Pack Vendor :STMicroelectronics X-CUBE-BLEMGR 4.1.0
2026-06-03 18:56:57,556 [INFO] ThirdParty:1030 - CMSIS Pack Vendor :STMicroelectronics eDS-WB_DPC_TT-BIDIR 2.1.1
2026-06-03 18:56:57,556 [INFO] ThirdParty:1030 - CMSIS Pack Vendor :STMicroelectronics X-CUBE-AZRTOS-WB 2.0.0
2026-06-03 18:56:57,556 [INFO] ThirdParty:1030 - CMSIS Pack Vendor :STMicroelectronics X-CUBE-NFC12 1.0.0
2026-06-03 18:56:57,556 [INFO] ThirdParty:1030 - CMSIS Pack Vendor :STMicroelectronics X-CUBE-AZRTOS-F7 1.1.0
2026-06-03 18:56:57,556 [INFO] ThirdParty:1030 - CMSIS Pack Vendor :STMicroelectronics X-CUBE-AZRTOS-L5 2.0.0
2026-06-03 18:56:57,556 [INFO] ThirdParty:1030 - CMSIS Pack Vendor :STMicroelectronics USB_DEVICE 2.0.0
2026-06-03 18:56:57,556 [INFO] ThirdParty:1030 - CMSIS Pack Vendor :STMicroelectronics FP-SNS-STAIOTCFT 1.1.0
2026-06-03 18:56:57,556 [INFO] ThirdParty:1030 - CMSIS Pack Vendor :quantropi X-CUBE-qispace-sdk-base 2.1.0
2026-06-03 18:56:57,556 [INFO] ThirdParty:1030 - CMSIS Pack Vendor :STMicroelectronics X-CUBE-STSE01 2.0.0
2026-06-03 18:56:57,556 [INFO] ThirdParty:1030 - CMSIS Pack Vendor :STMicroelectronics X-CUBE-ALGOBUILD 1.5.0
2026-06-03 18:56:57,556 [INFO] ThirdParty:1030 - CMSIS Pack Vendor :STMicroelectronics FP-SNS-MOTENV1 5.1.0
2026-06-03 18:56:57,556 [INFO] ThirdParty:1030 - CMSIS Pack Vendor :STMicroelectronics FreeRTOS 0.0.1
2026-06-03 18:56:57,556 [INFO] ThirdParty:1030 - CMSIS Pack Vendor :STMicroelectronics X-CUBE-AZRTOS-G0 1.1.0
2026-06-03 18:56:57,556 [INFO] ThirdParty:1030 - CMSIS Pack Vendor :STMicroelectronics X-CUBE-NFC4 3.0.0
2026-06-03 18:56:57,556 [INFO] ThirdParty:1030 - CMSIS Pack Vendor :STMicroelectronics X-CUBE-SUBG2 5.0.0
2026-06-03 18:56:57,556 [INFO] ThirdParty:1030 - CMSIS Pack Vendor :STMicroelectronics STM32_WPAN 1.0.0
2026-06-03 18:56:57,556 [INFO] ThirdParty:1030 - CMSIS Pack Vendor :STMicroelectronics eDS-WB_DPC_VIENNA 1.2.0
2026-06-03 18:56:57,557 [INFO] ThirdParty:1030 - CMSIS Pack Vendor :EmbeddedOffice I-CUBE-FS-RTOS 1.0.1
2026-06-03 18:56:57,557 [INFO] ThirdParty:1030 - CMSIS Pack Vendor :STMicroelectronics lwIP 2.0.3
2026-06-03 18:56:57,557 [INFO] ThirdParty:1030 - CMSIS Pack Vendor :WES I-CUBE-Cesium 1.4.0
2026-06-03 18:56:57,557 [INFO] ThirdParty:1030 - CMSIS Pack Vendor :STMicroelectronics eDS-WB_DPC_3PH2L-BIDIR 1.1.1
2026-06-03 18:56:57,557 [INFO] ThirdParty:1030 - CMSIS Pack Vendor :STMicroelectronics USB_HOST 1.0.0
2026-06-03 18:56:57,557 [INFO] ThirdParty:1030 - CMSIS Pack Vendor :STMicroelectronics X-CUBE-AZRTOS-G4 2.0.0
2026-06-03 18:56:57,557 [INFO] ThirdParty:1030 - CMSIS Pack Vendor :STMicroelectronics PDM2PCM 3.1.0
2026-06-03 18:56:57,557 [INFO] ThirdParty:1030 - CMSIS Pack Vendor :STMicroelectronics PDM2PCM 3.3.0
2026-06-03 18:56:57,557 [INFO] ThirdParty:1030 - CMSIS Pack Vendor :wolfSSL I-CUBE-wolfTPM 3.8.0
2026-06-03 18:56:57,557 [INFO] ThirdParty:1030 - CMSIS Pack Vendor :STMicroelectronics X-CUBE-DISPLAY 3.0.0
2026-06-03 18:56:57,557 [INFO] ThirdParty:1030 - CMSIS Pack Vendor :wolfSSL I-CUBE-wolfSSH 1.4.20
2026-06-03 18:56:57,557 [INFO] ThirdParty:1030 - CMSIS Pack Vendor :STMicroelectronics X-CUBE-NFC7 2.0.0
2026-06-03 18:56:57,557 [INFO] ThirdParty:1030 - CMSIS Pack Vendor :STMicroelectronics X-CUBE-GNSS1 7.1.1
2026-06-03 18:56:57,557 [INFO] ThirdParty:1030 - CMSIS Pack Vendor :STMicroelectronics FP-SNS-MOTENVWB1 1.5.0
2026-06-03 18:56:57,557 [INFO] ThirdParty:1030 - CMSIS Pack Vendor :STMicroelectronics X-CUBE-TCPP 4.2.0
2026-06-03 18:56:57,557 [INFO] ThirdParty:1030 - CMSIS Pack Vendor :RealThread X-CUBE-RT-Thread_Nano 4.1.1
2026-06-03 18:56:57,557 [INFO] ThirdParty:1030 - CMSIS Pack Vendor :wolfSSL I-CUBE-wolfSSL 5.9.1
2026-06-03 18:56:57,557 [INFO] ThirdParty:1030 - CMSIS Pack Vendor :STMicroelectronics FP-ATR-SIGFOX1 3.2.0
2026-06-03 18:56:57,557 [INFO] ThirdParty:1030 - CMSIS Pack Vendor :STMicroelectronics X-CUBE-NFC10 1.0.0
2026-06-03 18:56:57,557 [INFO] ThirdParty:1030 - CMSIS Pack Vendor :STMicroelectronics HAL Drivers 0.0.0
2026-06-03 18:56:57,557 [INFO] ThirdParty:1030 - CMSIS Pack Vendor :STMicroelectronics X-CUBE-FREERTOS 1.5.0
2026-06-03 18:56:57,557 [INFO] ThirdParty:1030 - CMSIS Pack Vendor :STMicroelectronics MBEDTLS 2.16.2
2026-06-03 18:56:57,557 [INFO] ThirdParty:1030 - CMSIS Pack Vendor :STMicroelectronics X-CUBE-ST60 1.1.0
2026-06-03 18:56:57,557 [INFO] ThirdParty:1030 - CMSIS Pack Vendor :STMicroelectronics X-CUBE-ALS 1.0.2
2026-06-03 18:56:57,557 [INFO] ThirdParty:1030 - CMSIS Pack Vendor :emotas I-CUBE-CANOPEN 1.3.0
2026-06-03 18:56:57,557 [INFO] ThirdParty:1030 - CMSIS Pack Vendor :STMicroelectronics MBEDTLS 2.14.1
2026-06-03 18:56:57,557 [INFO] ThirdParty:1030 - CMSIS Pack Vendor :ITTIA_DB I-CUBE-ITTIADB 8.9.0
2026-06-03 18:56:57,557 [INFO] ThirdParty:1030 - CMSIS Pack Vendor :Cesanta I-CUBE-Mongoose 7.21.7
2026-06-03 18:56:57,557 [INFO] ThirdParty:1030 - CMSIS Pack Vendor :STMicroelectronics X-CUBE-TOUCHGFX 4.26.1
2026-06-03 18:56:57,557 [INFO] ThirdParty:1030 - CMSIS Pack Vendor :STMicroelectronics X-CUBE-NFC6 3.2.0
2026-06-03 18:56:57,557 [INFO] ThirdParty:1030 - CMSIS Pack Vendor :STMicroelectronics FP-SNS-STBOX1 2.1.0
2026-06-03 18:56:57,557 [INFO] ThirdParty:1030 - CMSIS Pack Vendor :STMicroelectronics X-CUBE-AI 10.2.0
2026-06-03 18:56:57,557 [INFO] ThirdParty:1030 - CMSIS Pack Vendor :STMicroelectronics ThreadX 1.0.0
2026-06-03 18:56:57,557 [INFO] ThirdParty:1030 - CMSIS Pack Vendor :STMicroelectronics FP-SNS-SMARTAG2 1.2.0
2026-06-03 18:56:57,557 [INFO] ThirdParty:1030 - CMSIS Pack Vendor :STMicroelectronics X-CUBE-MEMS1 12.1.0
2026-06-03 18:56:57,557 [INFO] ThirdParty:1030 - CMSIS Pack Vendor :STMicroelectronics FP-SNS-FLIGHT1 5.1.0
2026-06-03 18:56:57,557 [INFO] ThirdParty:1030 - CMSIS Pack Vendor :STMicroelectronics X-CUBE-AZRTOS-WL 2.0.0
2026-06-03 18:56:57,557 [INFO] ThirdParty:1030 - CMSIS Pack Vendor :SEGGER I-CUBE-embOS 1.3.1
2026-06-03 18:56:57,557 [INFO] ThirdParty:1030 - CMSIS Pack Vendor :STMicroelectronics X-CUBE-DPower 1.3.0
2026-06-03 18:56:57,557 [INFO] ThirdParty:1030 - CMSIS Pack Vendor :STMicroelectronics USB_DEVICE 1.0.0
2026-06-03 18:56:57,557 [INFO] ThirdParty:1030 - CMSIS Pack Vendor :STMicroelectronics X-CUBE-AZRTOS-H7RS 1.2.0
2026-06-03 18:56:57,557 [INFO] ThirdParty:1030 - CMSIS Pack Vendor :STMicroelectronics X-CUBE-AZRTOS-L4 2.0.0
2026-06-03 18:56:57,557 [INFO] ThirdParty:1030 - CMSIS Pack Vendor :STMicroelectronics ThreadX 0.0.2
2026-06-03 18:56:57,557 [INFO] ThirdParty:1030 - CMSIS Pack Vendor :STMicroelectronics lwIP 2.1.2
2026-06-03 18:56:57,557 [INFO] ThirdParty:1030 - CMSIS Pack Vendor :STMicroelectronics X-CUBE-SFXS2LP1 4.0.0
2026-06-03 18:56:57,557 [INFO] ThirdParty:1030 - CMSIS Pack Vendor :STMicroelectronics X-CUBE-BLE2 3.3.0
2026-06-03 18:56:57,557 [INFO] ThirdParty:1030 - CMSIS Pack Vendor :Avnet-IOTCONNECT X-CUBE-iotc-st67-sdk 1.0.0
2026-06-03 18:56:57,557 [INFO] ThirdParty:1030 - CMSIS Pack Vendor :STMicroelectronics X-CUBE-TOF1 3.4.3
2026-06-03 18:56:57,557 [INFO] ThirdParty:1030 - CMSIS Pack Vendor :Infineon AIROC-Wi-Fi-Bluetooth-STM32 1.8.0
2026-06-03 18:56:57,558 [INFO] ThirdParty:1030 - CMSIS Pack Vendor :STMicroelectronics PDM2PCM 3.2.0
2026-06-03 18:56:57,558 [INFO] ThirdParty:1030 - CMSIS Pack Vendor :STMicroelectronics X-CUBE-WB05N 2.1.0
2026-06-03 18:56:57,558 [INFO] ThirdParty:841 - exiting critical section [change project]
2026-06-03 18:56:57,761 [INFO] PinOutPanel:1589 - setPackage(No Configuration,No Configuration)
2026-06-03 18:56:57,762 [INFO] PinOutPanel:1589 - setPackage(STM32G031K8Tx,LQFP32)
2026-06-03 18:56:58,064 [INFO] UtilMem:75 - Before build in PCC Used Memory: 515527744 Bytes (987758592)
2026-06-03 18:56:58,893 [INFO] UtilMem:75 - After build in PCC Used Memory: 633582088 Bytes (987758592)
2026-06-03 18:56:58,922 [INFO] IPUIPlugin:80 - create IPUIPlugin
2026-06-03 18:56:58,922 [INFO] IPUIPlugin:80 - create IPUIPlugin
2026-06-03 18:56:58,922 [INFO] IPUIPlugin:80 - create IPUIPlugin
2026-06-03 18:56:58,922 [INFO] IPUIPlugin:80 - create IPUIPlugin
2026-06-03 18:56:58,922 [INFO] IPUIPlugin:80 - create IPUIPlugin
2026-06-03 18:56:58,923 [INFO] IPUIPlugin:80 - create IPUIPlugin
2026-06-03 18:56:58,923 [INFO] IPUIPlugin:80 - create IPUIPlugin
2026-06-03 18:56:58,923 [INFO] IPUIPlugin:80 - create IPUIPlugin
2026-06-03 18:56:58,923 [INFO] IPUIPlugin:80 - create IPUIPlugin
2026-06-03 18:56:58,924 [INFO] IPUIPlugin:80 - create IPUIPlugin
2026-06-03 18:56:58,924 [INFO] IPUIPlugin:80 - create IPUIPlugin
2026-06-03 18:56:58,924 [INFO] IPUIPlugin:80 - create IPUIPlugin
2026-06-03 18:56:58,924 [INFO] IPUIPlugin:80 - create IPUIPlugin
2026-06-03 18:56:58,924 [INFO] IPUIPlugin:80 - create IPUIPlugin
2026-06-03 18:56:58,924 [INFO] IPUIPlugin:80 - create IPUIPlugin
2026-06-03 18:56:58,924 [INFO] IPUIPlugin:80 - create IPUIPlugin
2026-06-03 18:56:58,925 [INFO] IPUIPlugin:80 - create IPUIPlugin
2026-06-03 18:56:58,925 [INFO] IPUIPlugin:80 - create IPUIPlugin
2026-06-03 18:56:58,925 [INFO] IPUIPlugin:80 - create IPUIPlugin
2026-06-03 18:56:58,925 [INFO] IPUIPlugin:80 - create IPUIPlugin
2026-06-03 18:56:58,925 [INFO] IPUIPlugin:80 - create IPUIPlugin
2026-06-03 18:56:58,925 [INFO] IPUIPlugin:80 - create IPUIPlugin
2026-06-03 18:56:58,926 [INFO] IPUIPlugin:80 - create IPUIPlugin
2026-06-03 18:56:58,926 [INFO] IPUIPlugin:80 - create IPUIPlugin
2026-06-03 18:56:58,926 [INFO] IPUIPlugin:80 - create IPUIPlugin
2026-06-03 18:56:58,926 [INFO] IPUIPlugin:80 - create IPUIPlugin
2026-06-03 18:56:58,926 [INFO] IPUIPlugin:80 - create IPUIPlugin
2026-06-03 18:56:58,926 [INFO] IPUIPlugin:80 - create IPUIPlugin
2026-06-03 18:56:58,927 [INFO] IPUIPlugin:80 - create IPUIPlugin
2026-06-03 18:56:59,094 [INFO] CADModel:165 - CPN selected for project levelSTM32G031K8T6TR
2026-06-03 18:56:59,094 [INFO] CADModel:114 - Register for checkConnection events
2026-06-03 18:56:59,131 [INFO] OpenFileManager:386 - Restore cursor
2026-06-03 18:57:00,263 [INFO] UtilMem:75 - End SaveConfig() Used Memory: 715371016 Bytes (987758592)
2026-06-03 18:57:01,359 [INFO] ServerAccessManage:452 - Complete download http(s) 200
2026-06-03 18:57:01,359 [INFO] ServerAccessManage:509 - Download File stm32cube_fw_g0_v160.zip
2026-06-03 19:00:09,246 [INFO] AnalyticsPlugin:368 - Accepted License(s): [FW.G0.1.6.0]
2026-06-03 19:00:09,248 [INFO] FileExtend:248 - Unzip File : stm32cube_fw_g0_v160.zip
2026-06-03 19:00:09,249 [INFO] FileExtend:263 - Standard Zip Deflate
2026-06-03 19:00:23,396 [INFO] ServerAccessManage:452 - Complete download http(s) 200
2026-06-03 19:00:23,396 [INFO] ServerAccessManage:509 - Download File stm32cube_fw_g0_v163.zip
2026-06-03 19:01:16,587 [INFO] FileExtend:248 - Unzip File : stm32cube_fw_g0_v163.zip
2026-06-03 19:01:16,588 [INFO] FileExtend:263 - Standard Zip Deflate
2026-06-03 19:01:28,236 [INFO] LoadServerPackagesThread:196 - End of LoadServerPackages Thread
2026-06-03 19:01:28,472 [INFO] ThirdPartyModel:298 - Start build external matchings
2026-06-03 19:01:28,481 [INFO] UtilMem:75 - End SaveConfig() Used Memory: 751082024 Bytes (1073741824)
2026-06-03 19:01:28,770 [INFO] ThirdPartyModel:316 - End build external matchings
2026-06-03 19:01:28,792 [INFO] CheckServerUpdateThread:120 - End of CheckServer Thread
2026-06-03 19:01:28,948 [INFO] BlockDiagram:2775 - set Specific Code input for plugin: NVIC
2026-06-03 19:01:28,948 [INFO] BlockDiagram:2775 - set Specific Code input for plugin: RCC
2026-06-03 19:01:28,950 [INFO] CodeGenerator:892 - code generatio: config db path: C:\ST\STM32CubeIDE_1.19.0\STM32CubeIDE\plugins\com.st.stm32cube.common.mx_6.15.0.202507011659\\db\
2026-06-03 19:01:29,098 [INFO] CodeEngine:265 - oldGeneratedFile, C:\Users\karlh\SkripsieProject\STM32Workspace\SkripsieProject\MXTmpFiles\license.tmp_save
2026-06-03 19:01:29,532 [INFO] CodeEngine:289 - Generated code: C:\Users\karlh\SkripsieProject\STM32Workspace\SkripsieProject\MXTmpFiles\license.tmp
2026-06-03 19:01:29,557 [INFO] CodeEngine:265 - oldGeneratedFile, C:\Users\karlh\SkripsieProject\STM32Workspace\SkripsieProject\Core\Src\stm32g0xx_it.c_save
2026-06-03 19:01:29,692 [INFO] CodeEngine:289 - Generated code: C:\Users\karlh\SkripsieProject\STM32Workspace\SkripsieProject\Core\Src\stm32g0xx_it.c
2026-06-03 19:01:29,700 [INFO] CodeEngine:265 - oldGeneratedFile, C:\Users\karlh\SkripsieProject\STM32Workspace\SkripsieProject\Core\Inc\stm32g0xx_it.h_save
2026-06-03 19:01:29,780 [INFO] CodeEngine:289 - Generated code: C:\Users\karlh\SkripsieProject\STM32Workspace\SkripsieProject\Core\Inc\stm32g0xx_it.h
2026-06-03 19:01:29,991 [INFO] CodeEngine:265 - oldGeneratedFile, C:\Users\karlh\SkripsieProject\STM32Workspace\SkripsieProject\Core\Src\stm32g0xx_hal_msp.c_save
2026-06-03 19:01:30,097 [INFO] CodeEngine:289 - Generated code: C:\Users\karlh\SkripsieProject\STM32Workspace\SkripsieProject\Core\Src\stm32g0xx_hal_msp.c
2026-06-03 19:01:30,103 [INFO] CodeEngine:265 - oldGeneratedFile, C:\Users\karlh\SkripsieProject\STM32Workspace\SkripsieProject\MXTmpFiles\system.tmp_save
2026-06-03 19:01:30,160 [INFO] CodeEngine:289 - Generated code: C:\Users\karlh\SkripsieProject\STM32Workspace\SkripsieProject\MXTmpFiles\system.tmp
2026-06-03 19:01:30,174 [INFO] CodeEngine:321 - oldGeneratedFile, C:\Users\karlh\SkripsieProject\STM32Workspace\SkripsieProject\Core\Inc\stm32g0xx_hal_conf.h_save
2026-06-03 19:01:30,252 [INFO] CodeEngine:345 - Generated code: C:\Users\karlh\SkripsieProject\STM32Workspace\SkripsieProject\Core\Inc\stm32g0xx_hal_conf.h
2026-06-03 19:01:30,285 [INFO] ApiDbMcu:532 - Load IP Config File for RCC
2026-06-03 19:01:30,295 [INFO] CodeEngine:265 - oldGeneratedFile, C:\Users\karlh\SkripsieProject\STM32Workspace\SkripsieProject\Core\Inc\main.h_save
2026-06-03 19:01:30,379 [INFO] CodeEngine:289 - Generated code: C:\Users\karlh\SkripsieProject\STM32Workspace\SkripsieProject\Core\Inc\main.h
2026-06-03 19:01:30,388 [INFO] CodeEngine:265 - oldGeneratedFile, C:\Users\karlh\SkripsieProject\STM32Workspace\SkripsieProject\Core\Src\main.c_save
2026-06-03 19:01:30,490 [INFO] CodeEngine:289 - Generated code: C:\Users\karlh\SkripsieProject\STM32Workspace\SkripsieProject\Core\Src\main.c
2026-06-03 19:01:30,735 [INFO] ProjectBuilder:3606 - Time for Copy HAL[1] : 105mS.
2026-06-03 19:01:30,747 [INFO] ProjectBuilder:5216 - Project Generator version: 4.7.0-B52
2026-06-03 19:01:30,795 [INFO] ConfigFileManager:1595 - The Die is : DIE466
2026-06-03 19:01:30,810 [INFO] ApiDbMcu:532 - Load IP Config File for FATFS
2026-06-03 19:01:30,821 [INFO] ApiDbMcu:532 - Load IP Config File for FREERTOS
2026-06-03 19:01:31,233 [INFO] LogOutputStream:77 - [STDOUT_REDIRECT] 
2026-06-03 19:01:33,922 [INFO] ProjectBuilder:5496 - Time for Generating toolchain IDE Files: 3175mS.
2026-06-03 19:01:33,924 [INFO] ProjectBuilder:3463 - Time for Copy CMSIS : 1mS.
2026-06-03 19:01:33,929 [INFO] ProjectBuilder:3463 - Time for Copy CMSIS : 0mS.
2026-06-03 19:01:34,710 [INFO] McuFinderGlobals:76 - Set McuFinderConnectedMode to true
2026-06-03 19:01:34,716 [INFO] ApiDb:448 - Save user favorites file C:\Users\karlh/.stm32cubeide/favorites.mcus.txt: 0 item(s)
2026-06-03 19:01:34,716 [INFO] ApiDb:452 - User favorites MCUs=[]
2026-06-03 19:02:18,251 [INFO] DmaTabbedPanel:205 - Cannot restore the selected Tab for DMA
2026-06-03 19:02:45,000 [ERROR] LogOutputStream:75 - [STDERR_REDIRECT] 
